Source,Location ID,City,State,Country,Latitude,Longitude,Time Zone,Elevation,Local Time Zone,Clearsky DHI Units,Clearsky DNI Units,Clearsky GHI Units,Dew Point Units,DHI Units,DNI Units,GHI Units,Solar Zenith Angle Units,Temperature Units,Pressure Units,Relative Humidity Units,Precipitable Water Units,Wind Direction Units,Wind Speed Units,Cloud Type -15,Cloud Type 0,Cloud Type 1,Cloud Type 2,Cloud Type 3,Cloud Type 4,Cloud Type 5,Cloud Type 6,Cloud Type 7,Cloud Type 8,Cloud Type 9,Cloud Type 10,Cloud Type 11,Cloud Type 12,Fill Flag 0,Fill Flag 1,Fill Flag 2,Fill Flag 3,Fill Flag 4,Fill Flag 5,Surface Albedo Units,Version
NSRDB,1880147,-,-,-,31.25,34.82,0,295,2,w/m2,w/m2,w/m2,c,w/m2,w/m2,w/m2,Degree,c,mbar,%,cm,Degrees,m/s,N/A,Clear,Probably Clear,Fog,Water,Super-Cooled Water,Mixed,Opaque Ice,Cirrus,Overlapping,Overshooting,Unknown,Dust,Smoke,N/A,Missing Image,Low Irradiance,Exceeds Clearsky,Missing CLoud Properties,Rayleigh Violation,N/A,unknown
Year,Month,Day,Hour,Minute,DNI,GHI
2019,1,1,0,30,0,0
2019,1,1,1,30,0,0
2019,1,1,2,30,0,0
2019,1,1,3,30,0,0
2019,1,1,4,30,0,0
2019,1,1,5,30,390,110
2019,1,1,6,30,643,291
2019,1,1,7,30,175,280
2019,1,1,8,30,806,559
2019,1,1,9,30,842,610
2019,1,1,10,30,828,589
2019,1,1,11,30,784,506
2019,1,1,12,30,709,370
2019,1,1,13,30,534,194
2019,1,1,14,30,129,29
2019,1,1,15,30,0,0
2019,1,1,16,30,0,0
2019,1,1,17,30,0,0
2019,1,1,18,30,0,0
2019,1,1,19,30,0,0
2019,1,1,20,30,0,0
2019,1,1,21,30,0,0
2019,1,1,22,30,0,0
2019,1,1,23,30,0,0
2019,1,2,0,30,0,0
2019,1,2,1,30,0,0
2019,1,2,2,30,0,0
2019,1,2,3,30,0,0
2019,1,2,4,30,0,0
2019,1,2,5,30,340,106
2019,1,2,6,30,603,287
2019,1,2,7,30,731,446
2019,1,2,8,30,113,311
2019,1,2,9,30,143,358
2019,1,2,10,30,717,573
2019,1,2,11,30,662,491
2019,1,2,12,30,99,205
2019,1,2,13,30,396,186
2019,1,2,14,30,0,12
2019,1,2,15,30,0,0
2019,1,2,16,30,0,0
2019,1,2,17,30,0,0
2019,1,2,18,30,0,0
2019,1,2,19,30,0,0
2019,1,2,20,30,0,0
2019,1,2,21,30,0,0
2019,1,2,22,30,0,0
2019,1,2,23,30,0,0
2019,1,3,0,30,0,0
2019,1,3,1,30,0,0
2019,1,3,2,30,0,0
2019,1,3,3,30,0,0
2019,1,3,4,30,0,0
2019,1,3,5,30,72,82
2019,1,3,6,30,323,254
2019,1,3,7,30,490,412
2019,1,3,8,30,593,525
2019,1,3,9,30,775,600
2019,1,3,10,30,782,586
2019,1,3,11,30,752,507
2019,1,3,12,30,686,373
2019,1,3,13,30,508,198
2019,1,3,14,30,106,31
2019,1,3,15,30,0,0
2019,1,3,16,30,0,0
2019,1,3,17,30,0,0
2019,1,3,18,30,0,0
2019,1,3,19,30,0,0
2019,1,3,20,30,0,0
2019,1,3,21,30,0,0
2019,1,3,22,30,0,0
2019,1,3,23,30,0,0
2019,1,4,0,30,0,0
2019,1,4,1,30,0,0
2019,1,4,2,30,0,0
2019,1,4,3,30,0,0
2019,1,4,4,30,0,0
2019,1,4,5,30,301,105
2019,1,4,6,30,588,288
2019,1,4,7,30,725,450
2019,1,4,8,30,794,565
2019,1,4,9,30,831,618
2019,1,4,10,30,824,602
2019,1,4,11,30,785,520
2019,1,4,12,30,689,380
2019,1,4,13,30,511,203
2019,1,4,14,30,103,33
2019,1,4,15,30,0,0
2019,1,4,16,30,0,0
2019,1,4,17,30,0,0
2019,1,4,18,30,0,0
2019,1,4,19,30,0,0
2019,1,4,20,30,0,0
2019,1,4,21,30,0,0
2019,1,4,22,30,0,0
2019,1,4,23,30,0,0
2019,1,5,0,30,0,0
2019,1,5,1,30,0,0
2019,1,5,2,30,0,0
2019,1,5,3,30,0,0
2019,1,5,4,30,0,0
2019,1,5,5,30,309,106
2019,1,5,6,30,590,288
2019,1,5,7,30,722,450
2019,1,5,8,30,784,563
2019,1,5,9,30,745,601
2019,1,5,10,30,239,402
2019,1,5,11,30,100,280
2019,1,5,12,30,60,188
2019,1,5,13,30,404,194
2019,1,5,14,30,57,31
2019,1,5,15,30,0,0
2019,1,5,16,30,0,0
2019,1,5,17,30,0,0
2019,1,5,18,30,0,0
2019,1,5,19,30,0,0
2019,1,5,20,30,0,0
2019,1,5,21,30,0,0
2019,1,5,22,30,0,0
2019,1,5,23,30,0,0
2019,1,6,0,30,0,0
2019,1,6,1,30,0,0
2019,1,6,2,30,0,0
2019,1,6,3,30,0,0
2019,1,6,4,30,0,0
2019,1,6,5,30,0,8
2019,1,6,6,30,0,80
2019,1,6,7,30,161,276
2019,1,6,8,30,182,353
2019,1,6,9,30,251,419
2019,1,6,10,30,261,413
2019,1,6,11,30,156,314
2019,1,6,12,30,0,73
2019,1,6,13,30,0,16
2019,1,6,14,30,3,18
2019,1,6,15,30,0,0
2019,1,6,16,30,0,0
2019,1,6,17,30,0,0
2019,1,6,18,30,0,0
2019,1,6,19,30,0,0
2019,1,6,20,30,0,0
2019,1,6,21,30,0,0
2019,1,6,22,30,0,0
2019,1,6,23,30,0,0
2019,1,7,0,30,0,0
2019,1,7,1,30,0,0
2019,1,7,2,30,0,0
2019,1,7,3,30,0,0
2019,1,7,4,30,0,0
2019,1,7,5,30,129,91
2019,1,7,6,30,409,268
2019,1,7,7,30,581,431
2019,1,7,8,30,671,547
2019,1,7,9,30,714,600
2019,1,7,10,30,695,583
2019,1,7,11,30,632,502
2019,1,7,12,30,531,367
2019,1,7,13,30,346,194
2019,1,7,14,30,43,32
2019,1,7,15,30,0,0
2019,1,7,16,30,0,0
2019,1,7,17,30,0,0
2019,1,7,18,30,0,0
2019,1,7,19,30,0,0
2019,1,7,20,30,0,0
2019,1,7,21,30,0,0
2019,1,7,22,30,0,0
2019,1,7,23,30,0,0
2019,1,8,0,30,0,0
2019,1,8,1,30,0,0
2019,1,8,2,30,0,0
2019,1,8,3,30,0,0
2019,1,8,4,30,0,0
2019,1,8,5,30,153,91
2019,1,8,6,30,387,264
2019,1,8,7,30,511,418
2019,1,8,8,30,175,352
2019,1,8,9,30,725,598
2019,1,8,10,30,0,56
2019,1,8,11,30,18,203
2019,1,8,12,30,97,213
2019,1,8,13,30,213,179
2019,1,8,14,30,7,23
2019,1,8,15,30,0,0
2019,1,8,16,30,0,0
2019,1,8,17,30,0,0
2019,1,8,18,30,0,0
2019,1,8,19,30,0,0
2019,1,8,20,30,0,0
2019,1,8,21,30,0,0
2019,1,8,22,30,0,0
2019,1,8,23,30,0,0
2019,1,9,0,30,0,0
2019,1,9,1,30,0,0
2019,1,9,2,30,0,0
2019,1,9,3,30,0,0
2019,1,9,4,30,0,0
2019,1,9,5,30,0,8
2019,1,9,6,30,0,23
2019,1,9,7,30,0,38
2019,1,9,8,30,0,103
2019,1,9,9,30,36,265
2019,1,9,10,30,72,303
2019,1,9,11,30,243,357
2019,1,9,12,30,220,261
2019,1,9,13,30,0,69
2019,1,9,14,30,0,21
2019,1,9,15,30,0,0
2019,1,9,16,30,0,0
2019,1,9,17,30,0,0
2019,1,9,18,30,0,0
2019,1,9,19,30,0,0
2019,1,9,20,30,0,0
2019,1,9,21,30,0,0
2019,1,9,22,30,0,0
2019,1,9,23,30,0,0
2019,1,10,0,30,0,0
2019,1,10,1,30,0,0
2019,1,10,2,30,0,0
2019,1,10,3,30,0,0
2019,1,10,4,30,0,0
2019,1,10,5,30,26,57
2019,1,10,6,30,712,304
2019,1,10,7,30,842,473
2019,1,10,8,30,902,592
2019,1,10,9,30,932,650
2019,1,10,10,30,929,637
2019,1,10,11,30,903,557
2019,1,10,12,30,831,418
2019,1,10,13,30,686,236
2019,1,10,14,30,321,51
2019,1,10,15,30,0,0
2019,1,10,16,30,0,0
2019,1,10,17,30,0,0
2019,1,10,18,30,0,0
2019,1,10,19,30,0,0
2019,1,10,20,30,0,0
2019,1,10,21,30,0,0
2019,1,10,22,30,0,0
2019,1,10,23,30,0,0
2019,1,11,0,30,0,0
2019,1,11,1,30,0,0
2019,1,11,2,30,0,0
2019,1,11,3,30,0,0
2019,1,11,4,30,0,0
2019,1,11,5,30,483,119
2019,1,11,6,30,743,313
2019,1,11,7,30,856,483
2019,1,11,8,30,909,602
2019,1,11,9,30,904,653
2019,1,11,10,30,898,639
2019,1,11,11,30,863,558
2019,1,11,12,30,782,417
2019,1,11,13,30,625,235
2019,1,11,14,30,233,50
2019,1,11,15,30,0,0
2019,1,11,16,30,0,0
2019,1,11,17,30,0,0
2019,1,11,18,30,0,0
2019,1,11,19,30,0,0
2019,1,11,20,30,0,0
2019,1,11,21,30,0,0
2019,1,11,22,30,0,0
2019,1,11,23,30,0,0
2019,1,12,0,30,0,0
2019,1,12,1,30,0,0
2019,1,12,2,30,0,0
2019,1,12,3,30,0,0
2019,1,12,4,30,0,0
2019,1,12,5,30,435,114
2019,1,12,6,30,701,305
2019,1,12,7,30,295,328
2019,1,12,8,30,871,588
2019,1,12,9,30,899,644
2019,1,12,10,30,887,629
2019,1,12,11,30,851,549
2019,1,12,12,30,755,409
2019,1,12,13,30,569,227
2019,1,12,14,30,180,48
2019,1,12,15,30,0,0
2019,1,12,16,30,0,0
2019,1,12,17,30,0,0
2019,1,12,18,30,0,0
2019,1,12,19,30,0,0
2019,1,12,20,30,0,0
2019,1,12,21,30,0,0
2019,1,12,22,30,0,0
2019,1,12,23,30,0,0
2019,1,13,0,30,0,0
2019,1,13,1,30,0,0
2019,1,13,2,30,0,0
2019,1,13,3,30,0,0
2019,1,13,4,30,0,0
2019,1,13,5,30,11,54
2019,1,13,6,30,325,261
2019,1,13,7,30,486,422
2019,1,13,8,30,562,537
2019,1,13,9,30,584,589
2019,1,13,10,30,562,575
2019,1,13,11,30,483,493
2019,1,13,12,30,86,216
2019,1,13,13,30,0,63
2019,1,13,14,30,0,10
2019,1,13,15,30,0,0
2019,1,13,16,30,0,0
2019,1,13,17,30,0,0
2019,1,13,18,30,0,0
2019,1,13,19,30,0,0
2019,1,13,20,30,0,0
2019,1,13,21,30,0,0
2019,1,13,22,30,0,0
2019,1,13,23,30,0,0
2019,1,14,0,30,0,0
2019,1,14,1,30,0,0
2019,1,14,2,30,0,0
2019,1,14,3,30,0,0
2019,1,14,4,30,0,0
2019,1,14,5,30,26,71
2019,1,14,6,30,204,244
2019,1,14,7,30,76,236
2019,1,14,8,30,44,260
2019,1,14,9,30,0,160
2019,1,14,10,30,0,97
2019,1,14,11,30,0,49
2019,1,14,12,30,0,34
2019,1,14,13,30,0,18
2019,1,14,14,30,0,5
2019,1,14,15,30,0,0
2019,1,14,16,30,0,0
2019,1,14,17,30,0,0
2019,1,14,18,30,0,0
2019,1,14,19,30,0,0
2019,1,14,20,30,0,0
2019,1,14,21,30,0,0
2019,1,14,22,30,0,0
2019,1,14,23,30,0,0
2019,1,15,0,30,0,0
2019,1,15,1,30,0,0
2019,1,15,2,30,0,0
2019,1,15,3,30,0,0
2019,1,15,4,30,0,0
2019,1,15,5,30,238,103
2019,1,15,6,30,515,287
2019,1,15,7,30,645,450
2019,1,15,8,30,708,567
2019,1,15,9,30,788,635
2019,1,15,10,30,777,621
2019,1,15,11,30,731,542
2019,1,15,12,30,610,400
2019,1,15,13,30,434,225
2019,1,15,14,30,89,48
2019,1,15,15,30,0,0
2019,1,15,16,30,0,0
2019,1,15,17,30,0,0
2019,1,15,18,30,0,0
2019,1,15,19,30,0,0
2019,1,15,20,30,0,0
2019,1,15,21,30,0,0
2019,1,15,22,30,0,0
2019,1,15,23,30,0,0
2019,1,16,0,30,0,0
2019,1,16,1,30,0,0
2019,1,16,2,30,0,0
2019,1,16,3,30,0,0
2019,1,16,4,30,0,0
2019,1,16,5,30,2,53
2019,1,16,6,30,83,162
2019,1,16,7,30,410,414
2019,1,16,8,30,492,529
2019,1,16,9,30,507,583
2019,1,16,10,30,471,568
2019,1,16,11,30,249,376
2019,1,16,12,30,35,185
2019,1,16,13,30,0,19
2019,1,16,14,30,0,5
2019,1,16,15,30,0,0
2019,1,16,16,30,0,0
2019,1,16,17,30,0,0
2019,1,16,18,30,0,0
2019,1,16,19,30,0,0
2019,1,16,20,30,0,0
2019,1,16,21,30,0,0
2019,1,16,22,30,0,0
2019,1,16,23,30,0,0
2019,1,17,0,30,0,0
2019,1,17,1,30,0,0
2019,1,17,2,30,0,0
2019,1,17,3,30,0,0
2019,1,17,4,30,0,0
2019,1,17,5,30,0,39
2019,1,17,6,30,54,149
2019,1,17,7,30,682,458
2019,1,17,8,30,782,582
2019,1,17,9,30,814,640
2019,1,17,10,30,61,304
2019,1,17,11,30,236,373
2019,1,17,12,30,0,92
2019,1,17,13,30,0,24
2019,1,17,14,30,0,7
2019,1,17,15,30,0,0
2019,1,17,16,30,0,0
2019,1,17,17,30,0,0
2019,1,17,18,30,0,0
2019,1,17,19,30,0,0
2019,1,17,20,30,0,0
2019,1,17,21,30,0,0
2019,1,17,22,30,0,0
2019,1,17,23,30,0,0
2019,1,18,0,30,0,0
2019,1,18,1,30,0,0
2019,1,18,2,30,0,0
2019,1,18,3,30,0,0
2019,1,18,4,30,0,0
2019,1,18,5,30,481,121
2019,1,18,6,30,726,314
2019,1,18,7,30,836,483
2019,1,18,8,30,37,254
2019,1,18,9,30,14,227
2019,1,18,10,30,94,339
2019,1,18,11,30,0,156
2019,1,18,12,30,81,221
2019,1,18,13,30,0,36
2019,1,18,14,30,364,69
2019,1,18,15,30,0,0
2019,1,18,16,30,0,0
2019,1,18,17,30,0,0
2019,1,18,18,30,0,0
2019,1,18,19,30,0,0
2019,1,18,20,30,0,0
2019,1,18,21,30,0,0
2019,1,18,22,30,0,0
2019,1,18,23,30,0,0
2019,1,19,0,30,0,0
2019,1,19,1,30,0,0
2019,1,19,2,30,0,0
2019,1,19,3,30,0,0
2019,1,19,4,30,0,0
2019,1,19,5,30,558,128
2019,1,19,6,30,784,325
2019,1,19,7,30,884,497
2019,1,19,8,30,936,619
2019,1,19,9,30,940,675
2019,1,19,10,30,938,665
2019,1,19,11,30,911,588
2019,1,19,12,30,821,446
2019,1,19,13,30,687,264
2019,1,19,14,30,359,71
2019,1,19,15,30,0,0
2019,1,19,16,30,0,0
2019,1,19,17,30,0,0
2019,1,19,18,30,0,0
2019,1,19,19,30,0,0
2019,1,19,20,30,0,0
2019,1,19,21,30,0,0
2019,1,19,22,30,0,0
2019,1,19,23,30,0,0
2019,1,20,0,30,0,0
2019,1,20,1,30,0,0
2019,1,20,2,30,0,0
2019,1,20,3,30,0,0
2019,1,20,4,30,0,0
2019,1,20,5,30,0,45
2019,1,20,6,30,100,171
2019,1,20,7,30,354,357
2019,1,20,8,30,283,419
2019,1,20,9,30,302,467
2019,1,20,10,30,337,475
2019,1,20,11,30,281,399
2019,1,20,12,30,177,271
2019,1,20,13,30,0,87
2019,1,20,14,30,0,26
2019,1,20,15,30,0,0
2019,1,20,16,30,0,0
2019,1,20,17,30,0,0
2019,1,20,18,30,0,0
2019,1,20,19,30,0,0
2019,1,20,20,30,0,0
2019,1,20,21,30,0,0
2019,1,20,22,30,0,0
2019,1,20,23,30,0,0
2019,1,21,0,30,0,0
2019,1,21,1,30,0,0
2019,1,21,2,30,0,0
2019,1,21,3,30,0,0
2019,1,21,4,30,0,0
2019,1,21,5,30,267,107
2019,1,21,6,30,565,296
2019,1,21,7,30,715,466
2019,1,21,8,30,791,589
2019,1,21,9,30,800,644
2019,1,21,10,30,805,639
2019,1,21,11,30,763,561
2019,1,21,12,30,644,419
2019,1,21,13,30,476,242
2019,1,21,14,30,149,62
2019,1,21,15,30,0,0
2019,1,21,16,30,0,0
2019,1,21,17,30,0,0
2019,1,21,18,30,0,0
2019,1,21,19,30,0,0
2019,1,21,20,30,0,0
2019,1,21,21,30,0,0
2019,1,21,22,30,0,0
2019,1,21,23,30,0,0
2019,1,22,0,30,0,0
2019,1,22,1,30,0,0
2019,1,22,2,30,0,0
2019,1,22,3,30,0,0
2019,1,22,4,30,0,0
2019,1,22,5,30,325,113
2019,1,22,6,30,600,305
2019,1,22,7,30,730,476
2019,1,22,8,30,796,599
2019,1,22,9,30,812,657
2019,1,22,10,30,797,646
2019,1,22,11,30,755,568
2019,1,22,12,30,615,423
2019,1,22,13,30,468,247
2019,1,22,14,30,162,66
2019,1,22,15,30,0,0
2019,1,22,16,30,0,0
2019,1,22,17,30,0,0
2019,1,22,18,30,0,0
2019,1,22,19,30,0,0
2019,1,22,20,30,0,0
2019,1,22,21,30,0,0
2019,1,22,22,30,0,0
2019,1,22,23,30,0,0
2019,1,23,0,30,0,0
2019,1,23,1,30,0,0
2019,1,23,2,30,0,0
2019,1,23,3,30,0,0
2019,1,23,4,30,0,0
2019,1,23,5,30,376,121
2019,1,23,6,30,659,317
2019,1,23,7,30,803,494
2019,1,23,8,30,348,450
2019,1,23,9,30,857,673
2019,1,23,10,30,410,512
2019,1,23,11,30,352,434
2019,1,23,12,30,464,364
2019,1,23,13,30,357,209
2019,1,23,14,30,180,60
2019,1,23,15,30,0,0
2019,1,23,16,30,0,0
2019,1,23,17,30,0,0
2019,1,23,18,30,0,0
2019,1,23,19,30,0,0
2019,1,23,20,30,0,0
2019,1,23,21,30,0,0
2019,1,23,22,30,0,0
2019,1,23,23,30,0,0
2019,1,24,0,30,0,0
2019,1,24,1,30,0,0
2019,1,24,2,30,0,0
2019,1,24,3,30,0,0
2019,1,24,4,30,0,0
2019,1,24,5,30,168,105
2019,1,24,6,30,434,292
2019,1,24,7,30,215,319
2019,1,24,8,30,576,564
2019,1,24,9,30,214,437
2019,1,24,10,30,9,212
2019,1,24,11,30,130,337
2019,1,24,12,30,228,300
2019,1,24,13,30,105,199
2019,1,24,14,30,3,32
2019,1,24,15,30,0,0
2019,1,24,16,30,0,0
2019,1,24,17,30,0,0
2019,1,24,18,30,0,0
2019,1,24,19,30,0,0
2019,1,24,20,30,0,0
2019,1,24,21,30,0,0
2019,1,24,22,30,0,0
2019,1,24,23,30,0,0
2019,1,25,0,30,0,0
2019,1,25,1,30,0,0
2019,1,25,2,30,0,0
2019,1,25,3,30,0,0
2019,1,25,4,30,0,0
2019,1,25,5,30,224,112
2019,1,25,6,30,521,304
2019,1,25,7,30,678,479
2019,1,25,8,30,761,606
2019,1,25,9,30,740,657
2019,1,25,10,30,725,647
2019,1,25,11,30,671,569
2019,1,25,12,30,611,437
2019,1,25,13,30,438,256
2019,1,25,14,30,119,70
2019,1,25,15,30,0,0
2019,1,25,16,30,0,0
2019,1,25,17,30,0,0
2019,1,25,18,30,0,0
2019,1,25,19,30,0,0
2019,1,25,20,30,0,0
2019,1,25,21,30,0,0
2019,1,25,22,30,0,0
2019,1,25,23,30,0,0
2019,1,26,0,30,0,0
2019,1,26,1,30,0,0
2019,1,26,2,30,0,0
2019,1,26,3,30,0,0
2019,1,26,4,30,0,0
2019,1,26,5,30,215,111
2019,1,26,6,30,473,298
2019,1,26,7,30,599,464
2019,1,26,8,30,658,583
2019,1,26,9,30,749,655
2019,1,26,10,30,728,644
2019,1,26,11,30,659,563
2019,1,26,12,30,530,424
2019,1,26,13,30,336,245
2019,1,26,14,30,62,64
2019,1,26,15,30,0,0
2019,1,26,16,30,0,0
2019,1,26,17,30,0,0
2019,1,26,18,30,0,0
2019,1,26,19,30,0,0
2019,1,26,20,30,0,0
2019,1,26,21,30,0,0
2019,1,26,22,30,0,0
2019,1,26,23,30,0,0
2019,1,27,0,30,0,0
2019,1,27,1,30,0,0
2019,1,27,2,30,0,0
2019,1,27,3,30,0,0
2019,1,27,4,30,0,0
2019,1,27,5,30,43,86
2019,1,27,6,30,218,264
2019,1,27,7,30,352,427
2019,1,27,8,30,423,543
2019,1,27,9,30,225,451
2019,1,27,10,30,279,471
2019,1,27,11,30,11,205
2019,1,27,12,30,7,164
2019,1,27,13,30,0,53
2019,1,27,14,30,0,22
2019,1,27,15,30,0,0
2019,1,27,16,30,0,0
2019,1,27,17,30,0,0
2019,1,27,18,30,0,0
2019,1,27,19,30,0,0
2019,1,27,20,30,0,0
2019,1,27,21,30,0,0
2019,1,27,22,30,0,0
2019,1,27,23,30,0,0
2019,1,28,0,30,0,0
2019,1,28,1,30,0,0
2019,1,28,2,30,0,0
2019,1,28,3,30,0,0
2019,1,28,4,30,0,0
2019,1,28,5,30,263,117
2019,1,28,6,30,522,304
2019,1,28,7,30,0,43
2019,1,28,8,30,0,156
2019,1,28,9,30,16,243
2019,1,28,10,30,110,374
2019,1,28,11,30,0,55
2019,1,28,12,30,49,217
2019,1,28,13,30,570,278
2019,1,28,14,30,287,89
2019,1,28,15,30,0,0
2019,1,28,16,30,0,0
2019,1,28,17,30,0,0
2019,1,28,18,30,0,0
2019,1,28,19,30,0,0
2019,1,28,20,30,0,0
2019,1,28,21,30,0,0
2019,1,28,22,30,0,0
2019,1,28,23,30,0,0
2019,1,29,0,30,0,0
2019,1,29,1,30,0,0
2019,1,29,2,30,0,0
2019,1,29,3,30,0,0
2019,1,29,4,30,0,0
2019,1,29,5,30,508,139
2019,1,29,6,30,748,342
2019,1,29,7,30,855,518
2019,1,29,8,30,908,645
2019,1,29,9,30,923,706
2019,1,29,10,30,931,703
2019,1,29,11,30,910,628
2019,1,29,12,30,802,482
2019,1,29,13,30,173,185
2019,1,29,14,30,53,55
2019,1,29,15,30,0,0
2019,1,29,16,30,0,0
2019,1,29,17,30,0,0
2019,1,29,18,30,0,0
2019,1,29,19,30,0,0
2019,1,29,20,30,0,0
2019,1,29,21,30,0,0
2019,1,29,22,30,0,0
2019,1,29,23,30,0,0
2019,1,30,0,30,0,0
2019,1,30,1,30,0,0
2019,1,30,2,30,0,0
2019,1,30,3,30,0,0
2019,1,30,4,30,0,0
2019,1,30,5,30,400,133
2019,1,30,6,30,648,330
2019,1,30,7,30,762,505
2019,1,30,8,30,815,632
2019,1,30,9,30,809,689
2019,1,30,10,30,766,673
2019,1,30,11,30,689,592
2019,1,30,12,30,556,448
2019,1,30,13,30,341,262
2019,1,30,14,30,61,73
2019,1,30,15,30,0,0
2019,1,30,16,30,0,0
2019,1,30,17,30,0,0
2019,1,30,18,30,0,0
2019,1,30,19,30,0,0
2019,1,30,20,30,0,0
2019,1,30,21,30,0,0
2019,1,30,22,30,0,0
2019,1,30,23,30,0,0
2019,1,31,0,30,0,0
2019,1,31,1,30,0,0
2019,1,31,2,30,0,0
2019,1,31,3,30,0,0
2019,1,31,4,30,0,0
2019,1,31,5,30,296,126
2019,1,31,6,30,561,321
2019,1,31,7,30,691,496
2019,1,31,8,30,754,621
2019,1,31,9,30,796,686
2019,1,31,10,30,784,677
2019,1,31,11,30,741,600
2019,1,31,12,30,567,448
2019,1,31,13,30,0,105
2019,1,31,14,30,129,83
2019,1,31,15,30,0,0
2019,1,31,16,30,0,0
2019,1,31,17,30,0,0
2019,1,31,18,30,0,0
2019,1,31,19,30,0,0
2019,1,31,20,30,0,0
2019,1,31,21,30,0,0
2019,1,31,22,30,0,0
2019,1,31,23,30,0,0
2019,2,1,0,30,0,0
2019,2,1,1,30,0,0
2019,2,1,2,30,0,0
2019,2,1,3,30,0,0
2019,2,1,4,30,0,0
2019,2,1,5,30,438,140
2019,2,1,6,30,692,342
2019,2,1,7,30,810,520
2019,2,1,8,30,869,648
2019,2,1,9,30,809,693
2019,2,1,10,30,795,682
2019,2,1,11,30,751,605
2019,2,1,12,30,662,466
2019,2,1,13,30,508,285
2019,2,1,14,30,213,93
2019,2,1,15,30,0,0
2019,2,1,16,30,0,0
2019,2,1,17,30,0,0
2019,2,1,18,30,0,0
2019,2,1,19,30,0,0
2019,2,1,20,30,0,0
2019,2,1,21,30,0,0
2019,2,1,22,30,0,0
2019,2,1,23,30,0,0
2019,2,2,0,30,0,0
2019,2,2,1,30,0,0
2019,2,2,2,30,0,0
2019,2,2,3,30,0,0
2019,2,2,4,30,0,0
2019,2,2,5,30,0,47
2019,2,2,6,30,730,350
2019,2,2,7,30,851,531
2019,2,2,8,30,911,660
2019,2,2,9,30,939,725
2019,2,2,10,30,948,723
2019,2,2,11,30,929,648
2019,2,2,12,30,839,503
2019,2,2,13,30,732,319
2019,2,2,14,30,477,114
2019,2,2,15,30,0,0
2019,2,2,16,30,0,0
2019,2,2,17,30,0,0
2019,2,2,18,30,0,0
2019,2,2,19,30,0,0
2019,2,2,20,30,0,0
2019,2,2,21,30,0,0
2019,2,2,22,30,0,0
2019,2,2,23,30,0,0
2019,2,3,0,30,0,0
2019,2,3,1,30,0,0
2019,2,3,2,30,0,0
2019,2,3,3,30,0,0
2019,2,3,4,30,0,0
2019,2,3,5,30,640,162
2019,2,3,6,30,841,372
2019,2,3,7,30,931,553
2019,2,3,8,30,976,682
2019,2,3,9,30,967,741
2019,2,3,10,30,967,735
2019,2,3,11,30,946,659
2019,2,3,12,30,850,512
2019,2,3,13,30,726,323
2019,2,3,14,30,437,114
2019,2,3,15,30,0,0
2019,2,3,16,30,0,0
2019,2,3,17,30,0,0
2019,2,3,18,30,0,0
2019,2,3,19,30,0,0
2019,2,3,20,30,0,0
2019,2,3,21,30,0,0
2019,2,3,22,30,0,0
2019,2,3,23,30,0,0
2019,2,4,0,30,0,0
2019,2,4,1,30,0,0
2019,2,4,2,30,0,0
2019,2,4,3,30,0,0
2019,2,4,4,30,0,0
2019,2,4,5,30,606,162
2019,2,4,6,30,817,371
2019,2,4,7,30,910,553
2019,2,4,8,30,955,682
2019,2,4,9,30,932,737
2019,2,4,10,30,929,731
2019,2,4,11,30,903,654
2019,2,4,12,30,768,500
2019,2,4,13,30,624,313
2019,2,4,14,30,319,109
2019,2,4,15,30,0,0
2019,2,4,16,30,0,0
2019,2,4,17,30,0,0
2019,2,4,18,30,0,0
2019,2,4,19,30,0,0
2019,2,4,20,30,0,0
2019,2,4,21,30,0,0
2019,2,4,22,30,0,0
2019,2,4,23,30,0,0
2019,2,5,0,30,0,0
2019,2,5,1,30,0,0
2019,2,5,2,30,0,0
2019,2,5,3,30,0,0
2019,2,5,4,30,0,0
2019,2,5,5,30,398,144
2019,2,5,6,30,639,343
2019,2,5,7,30,752,519
2019,2,5,8,30,801,643
2019,2,5,9,30,753,691
2019,2,5,10,30,744,682
2019,2,5,11,30,699,604
2019,2,5,12,30,586,461
2019,2,5,13,30,127,187
2019,2,5,14,30,24,60
2019,2,5,15,30,0,0
2019,2,5,16,30,0,0
2019,2,5,17,30,0,0
2019,2,5,18,30,0,0
2019,2,5,19,30,0,0
2019,2,5,20,30,0,0
2019,2,5,21,30,0,0
2019,2,5,22,30,0,0
2019,2,5,23,30,0,0
2019,2,6,0,30,0,0
2019,2,6,1,30,0,0
2019,2,6,2,30,0,0
2019,2,6,3,30,0,0
2019,2,6,4,30,0,0
2019,2,6,5,30,0,10
2019,2,6,6,30,0,17
2019,2,6,7,30,2,167
2019,2,6,8,30,255,452
2019,2,6,9,30,230,483
2019,2,6,10,30,117,403
2019,2,6,11,30,404,500
2019,2,6,12,30,0,27
2019,2,6,13,30,0,61
2019,2,6,14,30,0,29
2019,2,6,15,30,0,0
2019,2,6,16,30,0,0
2019,2,6,17,30,0,0
2019,2,6,18,30,0,0
2019,2,6,19,30,0,0
2019,2,6,20,30,0,0
2019,2,6,21,30,0,0
2019,2,6,22,30,0,0
2019,2,6,23,30,0,0
2019,2,7,0,30,0,0
2019,2,7,1,30,0,0
2019,2,7,2,30,0,0
2019,2,7,3,30,0,0
2019,2,7,4,30,0,0
2019,2,7,5,30,0,11
2019,2,7,6,30,0,28
2019,2,7,7,30,0,46
2019,2,7,8,30,0,60
2019,2,7,9,30,125,416
2019,2,7,10,30,12,235
2019,2,7,11,30,241,437
2019,2,7,12,30,560,475
2019,2,7,13,30,410,296
2019,2,7,14,30,144,103
2019,2,7,15,30,0,0
2019,2,7,16,30,0,0
2019,2,7,17,30,0,0
2019,2,7,18,30,0,0
2019,2,7,19,30,0,0
2019,2,7,20,30,0,0
2019,2,7,21,30,0,0
2019,2,7,22,30,0,0
2019,2,7,23,30,0,0
2019,2,8,0,30,0,0
2019,2,8,1,30,0,0
2019,2,8,2,30,0,0
2019,2,8,3,30,0,0
2019,2,8,4,30,0,0
2019,2,8,5,30,135,128
2019,2,8,6,30,381,322
2019,2,8,7,30,529,497
2019,2,8,8,30,342,496
2019,2,8,9,30,143,433
2019,2,8,10,30,143,429
2019,2,8,11,30,176,405
2019,2,8,12,30,184,324
2019,2,8,13,30,0,70
2019,2,8,14,30,198,109
2019,2,8,15,30,0,0
2019,2,8,16,30,0,0
2019,2,8,17,30,0,0
2019,2,8,18,30,0,0
2019,2,8,19,30,0,0
2019,2,8,20,30,0,0
2019,2,8,21,30,0,0
2019,2,8,22,30,0,0
2019,2,8,23,30,0,0
2019,2,9,0,30,0,0
2019,2,9,1,30,0,0
2019,2,9,2,30,0,0
2019,2,9,3,30,0,0
2019,2,9,4,30,0,0
2019,2,9,5,30,57,88
2019,2,9,6,30,692,362
2019,2,9,7,30,147,324
2019,2,9,8,30,0,160
2019,2,9,9,30,0,105
2019,2,9,10,30,133,424
2019,2,9,11,30,0,58
2019,2,9,12,30,0,136
2019,2,9,13,30,653,330
2019,2,9,14,30,392,127
2019,2,9,15,30,0,0
2019,2,9,16,30,0,0
2019,2,9,17,30,0,0
2019,2,9,18,30,0,0
2019,2,9,19,30,0,0
2019,2,9,20,30,0,0
2019,2,9,21,30,0,0
2019,2,9,22,30,0,0
2019,2,9,23,30,0,0
2019,2,10,0,30,0,0
2019,2,10,1,30,0,0
2019,2,10,2,30,0,0
2019,2,10,3,30,0,0
2019,2,10,4,30,0,0
2019,2,10,5,30,505,166
2019,2,10,6,30,732,373
2019,2,10,7,30,130,316
2019,2,10,8,30,124,386
2019,2,10,9,30,0,68
2019,2,10,10,30,0,119
2019,2,10,11,30,0,45
2019,2,10,12,30,0,45
2019,2,10,13,30,0,26
2019,2,10,14,30,389,129
2019,2,10,15,30,0,0
2019,2,10,16,30,0,0
2019,2,10,17,30,0,0
2019,2,10,18,30,0,0
2019,2,10,19,30,0,0
2019,2,10,20,30,0,0
2019,2,10,21,30,0,0
2019,2,10,22,30,0,0
2019,2,10,23,30,0,0
2019,2,11,0,30,0,0
2019,2,11,1,30,0,0
2019,2,11,2,30,0,0
2019,2,11,3,30,0,0
2019,2,11,4,30,0,0
2019,2,11,5,30,525,172
2019,2,11,6,30,0,32
2019,2,11,7,30,845,561
2019,2,11,8,30,8,209
2019,2,11,9,30,109,413
2019,2,11,10,30,0,73
2019,2,11,11,30,4,187
2019,2,11,12,30,0,137
2019,2,11,13,30,1,125
2019,2,11,14,30,434,137
2019,2,11,15,30,0,0
2019,2,11,16,30,0,0
2019,2,11,17,30,0,0
2019,2,11,18,30,0,0
2019,2,11,19,30,0,0
2019,2,11,20,30,0,0
2019,2,11,21,30,0,0
2019,2,11,22,30,0,0
2019,2,11,23,30,0,0
2019,2,12,0,30,0,0
2019,2,12,1,30,0,0
2019,2,12,2,30,0,0
2019,2,12,3,30,0,0
2019,2,12,4,30,0,0
2019,2,12,5,30,578,181
2019,2,12,6,30,787,394
2019,2,12,7,30,882,577
2019,2,12,8,30,932,708
2019,2,12,9,30,947,772
2019,2,12,10,30,949,767
2019,2,12,11,30,928,691
2019,2,12,12,30,439,425
2019,2,12,13,30,313,256
2019,2,12,14,30,81,82
2019,2,12,15,30,0,0
2019,2,12,16,30,0,0
2019,2,12,17,30,0,0
2019,2,12,18,30,0,0
2019,2,12,19,30,0,0
2019,2,12,20,30,0,0
2019,2,12,21,30,0,0
2019,2,12,22,30,0,0
2019,2,12,23,30,0,0
2019,2,13,0,30,0,0
2019,2,13,1,30,0,0
2019,2,13,2,30,0,0
2019,2,13,3,30,0,0
2019,2,13,4,30,0,0
2019,2,13,5,30,633,190
2019,2,13,6,30,827,406
2019,2,13,7,30,917,591
2019,2,13,8,30,961,723
2019,2,13,9,30,963,785
2019,2,13,10,30,960,779
2019,2,13,11,30,934,702
2019,2,13,12,30,871,558
2019,2,13,13,30,756,364
2019,2,13,14,30,511,149
2019,2,13,15,30,0,0
2019,2,13,16,30,0,0
2019,2,13,17,30,0,0
2019,2,13,18,30,0,0
2019,2,13,19,30,0,0
2019,2,13,20,30,0,0
2019,2,13,21,30,0,0
2019,2,13,22,30,0,0
2019,2,13,23,30,0,0
2019,2,14,0,30,0,0
2019,2,14,1,30,0,0
2019,2,14,2,30,0,0
2019,2,14,3,30,0,0
2019,2,14,4,30,0,0
2019,2,14,5,30,320,163
2019,2,14,6,30,524,363
2019,2,14,7,30,602,534
2019,2,14,8,30,611,649
2019,2,14,9,30,687,721
2019,2,14,10,30,711,721
2019,2,14,11,30,222,449
2019,2,14,12,30,26,220
2019,2,14,13,30,21,150
2019,2,14,14,30,0,49
2019,2,14,15,30,0,0
2019,2,14,16,30,0,0
2019,2,14,17,30,0,0
2019,2,14,18,30,0,0
2019,2,14,19,30,0,0
2019,2,14,20,30,0,0
2019,2,14,21,30,0,0
2019,2,14,22,30,0,0
2019,2,14,23,30,0,0
2019,2,15,0,30,0,0
2019,2,15,1,30,0,0
2019,2,15,2,30,0,0
2019,2,15,3,30,0,0
2019,2,15,4,30,0,0
2019,2,15,5,30,0,52
2019,2,15,6,30,306,336
2019,2,15,7,30,463,514
2019,2,15,8,30,545,642
2019,2,15,9,30,452,676
2019,2,15,10,30,348,568
2019,2,15,11,30,102,372
2019,2,15,12,30,35,235
2019,2,15,13,30,153,218
2019,2,15,14,30,0,11
2019,2,15,15,30,0,0
2019,2,15,16,30,0,0
2019,2,15,17,30,0,0
2019,2,15,18,30,0,0
2019,2,15,19,30,0,0
2019,2,15,20,30,0,0
2019,2,15,21,30,0,0
2019,2,15,22,30,0,0
2019,2,15,23,30,0,0
2019,2,16,0,30,0,0
2019,2,16,1,30,0,0
2019,2,16,2,30,0,0
2019,2,16,3,30,0,0
2019,2,16,4,30,17,11
2019,2,16,5,30,0,13
2019,2,16,6,30,171,247
2019,2,16,7,30,193,367
2019,2,16,8,30,235,474
2019,2,16,9,30,231,516
2019,2,16,10,30,11,234
2019,2,16,11,30,28,278
2019,2,16,12,30,765,545
2019,2,16,13,30,645,356
2019,2,16,14,30,400,147
2019,2,16,15,30,0,0
2019,2,16,16,30,0,0
2019,2,16,17,30,0,0
2019,2,16,18,30,0,0
2019,2,16,19,30,0,0
2019,2,16,20,30,0,0
2019,2,16,21,30,0,0
2019,2,16,22,30,0,0
2019,2,16,23,30,0,0
2019,2,17,0,30,0,0
2019,2,17,1,30,0,0
2019,2,17,2,30,0,0
2019,2,17,3,30,0,0
2019,2,17,4,30,19,12
2019,2,17,5,30,413,181
2019,2,17,6,30,625,390
2019,2,17,7,30,731,571
2019,2,17,8,30,782,700
2019,2,17,9,30,848,773
2019,2,17,10,30,179,482
2019,2,17,11,30,239,467
2019,2,17,12,30,0,93
2019,2,17,13,30,75,189
2019,2,17,14,30,354,146
2019,2,17,15,30,0,0
2019,2,17,16,30,0,0
2019,2,17,17,30,0,0
2019,2,17,18,30,0,0
2019,2,17,19,30,0,0
2019,2,17,20,30,0,0
2019,2,17,21,30,0,0
2019,2,17,22,30,0,0
2019,2,17,23,30,0,0
2019,2,18,0,30,0,0
2019,2,18,1,30,0,0
2019,2,18,2,30,0,0
2019,2,18,3,30,0,0
2019,2,18,4,30,5,10
2019,2,18,5,30,325,176
2019,2,18,6,30,91,217
2019,2,18,7,30,731,569
2019,2,18,8,30,29,289
2019,2,18,9,30,146,465
2019,2,18,10,30,84,402
2019,2,18,11,30,266,484
2019,2,18,12,30,187,353
2019,2,18,13,30,57,181
2019,2,18,14,30,0,68
2019,2,18,15,30,0,0
2019,2,18,16,30,0,0
2019,2,18,17,30,0,0
2019,2,18,18,30,0,0
2019,2,18,19,30,0,0
2019,2,18,20,30,0,0
2019,2,18,21,30,0,0
2019,2,18,22,30,0,0
2019,2,18,23,30,0,0
2019,2,19,0,30,0,0
2019,2,19,1,30,0,0
2019,2,19,2,30,0,0
2019,2,19,3,30,0,0
2019,2,19,4,30,95,19
2019,2,19,5,30,560,201
2019,2,19,6,30,754,413
2019,2,19,7,30,141,347
2019,2,19,8,30,75,364
2019,2,19,9,30,94,419
2019,2,19,10,30,57,369
2019,2,19,11,30,75,354
2019,2,19,12,30,89,296
2019,2,19,13,30,587,357
2019,2,19,14,30,353,151
2019,2,19,15,30,0,0
2019,2,19,16,30,0,0
2019,2,19,17,30,0,0
2019,2,19,18,30,0,0
2019,2,19,19,30,0,0
2019,2,19,20,30,0,0
2019,2,19,21,30,0,0
2019,2,19,22,30,0,0
2019,2,19,23,30,0,0
2019,2,20,0,30,0,0
2019,2,20,1,30,0,0
2019,2,20,2,30,0,0
2019,2,20,3,30,0,0
2019,2,20,4,30,0,10
2019,2,20,5,30,457,194
2019,2,20,6,30,683,406
2019,2,20,7,30,801,591
2019,2,20,8,30,856,722
2019,2,20,9,30,258,545
2019,2,20,10,30,134,457
2019,2,20,11,30,10,221
2019,2,20,12,30,151,339
2019,2,20,13,30,611,366
2019,2,20,14,30,370,155
2019,2,20,15,30,0,0
2019,2,20,16,30,0,0
2019,2,20,17,30,0,0
2019,2,20,18,30,0,0
2019,2,20,19,30,0,0
2019,2,20,20,30,0,0
2019,2,20,21,30,0,0
2019,2,20,22,30,0,0
2019,2,20,23,30,0,0
2019,2,21,0,30,0,0
2019,2,21,1,30,0,0
2019,2,21,2,30,0,0
2019,2,21,3,30,0,0
2019,2,21,4,30,0,9
2019,2,21,5,30,407,193
2019,2,21,6,30,632,404
2019,2,21,7,30,755,588
2019,2,21,8,30,820,721
2019,2,21,9,30,794,776
2019,2,21,10,30,807,773
2019,2,21,11,30,0,138
2019,2,21,12,30,441,457
2019,2,21,13,30,601,367
2019,2,21,14,30,389,159
2019,2,21,15,30,0,0
2019,2,21,16,30,0,0
2019,2,21,17,30,0,0
2019,2,21,18,30,0,0
2019,2,21,19,30,0,0
2019,2,21,20,30,0,0
2019,2,21,21,30,0,0
2019,2,21,22,30,0,0
2019,2,21,23,30,0,0
2019,2,22,0,30,0,0
2019,2,22,1,30,0,0
2019,2,22,2,30,0,0
2019,2,22,3,30,0,0
2019,2,22,4,30,73,22
2019,2,22,5,30,520,206
2019,2,22,6,30,721,419
2019,2,22,7,30,823,603
2019,2,22,8,30,872,733
2019,2,22,9,30,811,782
2019,2,22,10,30,812,774
2019,2,22,11,30,156,433
2019,2,22,12,30,272,402
2019,2,22,13,30,0,125
2019,2,22,14,30,436,165
2019,2,22,15,30,0,0
2019,2,22,16,30,0,0
2019,2,22,17,30,0,0
2019,2,22,18,30,0,0
2019,2,22,19,30,0,0
2019,2,22,20,30,0,0
2019,2,22,21,30,0,0
2019,2,22,22,30,0,0
2019,2,22,23,30,0,0
2019,2,23,0,30,0,0
2019,2,23,1,30,0,0
2019,2,23,2,30,0,0
2019,2,23,3,30,0,0
2019,2,23,4,30,106,25
2019,2,23,5,30,556,214
2019,2,23,6,30,756,429
2019,2,23,7,30,853,614
2019,2,23,8,30,900,745
2019,2,23,9,30,889,804
2019,2,23,10,30,889,798
2019,2,23,11,30,864,721
2019,2,23,12,30,808,578
2019,2,23,13,30,700,387
2019,2,23,14,30,476,171
2019,2,23,15,30,0,0
2019,2,23,16,30,0,0
2019,2,23,17,30,0,0
2019,2,23,18,30,0,0
2019,2,23,19,30,0,0
2019,2,23,20,30,0,0
2019,2,23,21,30,0,0
2019,2,23,22,30,0,0
2019,2,23,23,30,0,0
2019,2,24,0,30,0,0
2019,2,24,1,30,0,0
2019,2,24,2,30,0,0
2019,2,24,3,30,0,0
2019,2,24,4,30,4,15
2019,2,24,5,30,262,188
2019,2,24,6,30,472,394
2019,2,24,7,30,585,573
2019,2,24,8,30,640,699
2019,2,24,9,30,415,715
2019,2,24,10,30,415,708
2019,2,24,11,30,373,632
2019,2,24,12,30,295,494
2019,2,24,13,30,183,316
2019,2,24,14,30,49,121
2019,2,24,15,30,0,0
2019,2,24,16,30,0,0
2019,2,24,17,30,0,0
2019,2,24,18,30,0,0
2019,2,24,19,30,0,0
2019,2,24,20,30,0,0
2019,2,24,21,30,0,0
2019,2,24,22,30,0,0
2019,2,24,23,30,0,0
2019,2,25,0,30,0,0
2019,2,25,1,30,0,0
2019,2,25,2,30,0,0
2019,2,25,3,30,0,0
2019,2,25,4,30,0,9
2019,2,25,5,30,154,181
2019,2,25,6,30,349,384
2019,2,25,7,30,475,563
2019,2,25,8,30,555,693
2019,2,25,9,30,508,741
2019,2,25,10,30,535,740
2019,2,25,11,30,530,670
2019,2,25,12,30,433,527
2019,2,25,13,30,313,342
2019,2,25,14,30,117,140
2019,2,25,15,30,0,0
2019,2,25,16,30,0,0
2019,2,25,17,30,0,0
2019,2,25,18,30,0,0
2019,2,25,19,30,0,0
2019,2,25,20,30,0,0
2019,2,25,21,30,0,0
2019,2,25,22,30,0,0
2019,2,25,23,30,0,0
2019,2,26,0,30,0,0
2019,2,26,1,30,0,0
2019,2,26,2,30,0,0
2019,2,26,3,30,0,0
2019,2,26,4,30,0,4
2019,2,26,5,30,75,160
2019,2,26,6,30,221,294
2019,2,26,7,30,327,460
2019,2,26,8,30,529,689
2019,2,26,9,30,353,617
2019,2,26,10,30,669,774
2019,2,26,11,30,658,701
2019,2,26,12,30,521,494
2019,2,26,13,30,0,84
2019,2,26,14,30,0,13
2019,2,26,15,30,0,0
2019,2,26,16,30,0,0
2019,2,26,17,30,0,0
2019,2,26,18,30,0,0
2019,2,26,19,30,0,0
2019,2,26,20,30,0,0
2019,2,26,21,30,0,0
2019,2,26,22,30,0,0
2019,2,26,23,30,0,0
2019,2,27,0,30,0,0
2019,2,27,1,30,0,0
2019,2,27,2,30,0,0
2019,2,27,3,30,0,0
2019,2,27,4,30,0,4
2019,2,27,5,30,0,17
2019,2,27,6,30,0,37
2019,2,27,7,30,0,56
2019,2,27,8,30,11,232
2019,2,27,9,30,11,241
2019,2,27,10,30,35,343
2019,2,27,11,30,87,388
2019,2,27,12,30,251,408
2019,2,27,13,30,0,37
2019,2,27,14,30,0,14
2019,2,27,15,30,0,3
2019,2,27,16,30,0,0
2019,2,27,17,30,0,0
2019,2,27,18,30,0,0
2019,2,27,19,30,0,0
2019,2,27,20,30,0,0
2019,2,27,21,30,0,0
2019,2,27,22,30,0,0
2019,2,27,23,30,0,0
2019,2,28,0,30,0,0
2019,2,28,1,30,0,0
2019,2,28,2,30,0,0
2019,2,28,3,30,0,0
2019,2,28,4,30,0,4
2019,2,28,5,30,0,17
2019,2,28,6,30,0,43
2019,2,28,7,30,0,57
2019,2,28,8,30,0,69
2019,2,28,9,30,0,102
2019,2,28,10,30,0,77
2019,2,28,11,30,0,87
2019,2,28,12,30,0,59
2019,2,28,13,30,0,119
2019,2,28,14,30,0,13
2019,2,28,15,30,3,9
2019,2,28,16,30,0,0
2019,2,28,17,30,0,0
2019,2,28,18,30,0,0
2019,2,28,19,30,0,0
2019,2,28,20,30,0,0
2019,2,28,21,30,0,0
2019,2,28,22,30,0,0
2019,2,28,23,30,0,0
2019,3,1,0,30,0,0
2019,3,1,1,30,0,0
2019,3,1,2,30,0,0
2019,3,1,3,30,0,0
2019,3,1,4,30,174,42
2019,3,1,5,30,0,76
2019,3,1,6,30,0,39
2019,3,1,7,30,0,105
2019,3,1,8,30,0,72
2019,3,1,9,30,0,117
2019,3,1,10,30,0,76
2019,3,1,11,30,388,577
2019,3,1,12,30,0,62
2019,3,1,13,30,0,41
2019,3,1,14,30,0,74
2019,3,1,15,30,33,13
2019,3,1,16,30,0,0
2019,3,1,17,30,0,0
2019,3,1,18,30,0,0
2019,3,1,19,30,0,0
2019,3,1,20,30,0,0
2019,3,1,21,30,0,0
2019,3,1,22,30,0,0
2019,3,1,23,30,0,0
2019,3,2,0,30,0,0
2019,3,2,1,30,0,0
2019,3,2,2,30,0,0
2019,3,2,3,30,0,0
2019,3,2,4,30,153,42
2019,3,2,5,30,0,26
2019,3,2,6,30,6,162
2019,3,2,7,30,0,108
2019,3,2,8,30,238,525
2019,3,2,9,30,11,244
2019,3,2,10,30,0,75
2019,3,2,11,30,0,131
2019,3,2,12,30,47,277
2019,3,2,13,30,68,209
2019,3,2,14,30,492,191
2019,3,2,15,30,32,13
2019,3,2,16,30,0,0
2019,3,2,17,30,0,0
2019,3,2,18,30,0,0
2019,3,2,19,30,0,0
2019,3,2,20,30,0,0
2019,3,2,21,30,0,0
2019,3,2,22,30,0,0
2019,3,2,23,30,0,0
2019,3,3,0,30,0,0
2019,3,3,1,30,0,0
2019,3,3,2,30,0,0
2019,3,3,3,30,0,0
2019,3,3,4,30,117,41
2019,3,3,5,30,516,241
2019,3,3,6,30,690,457
2019,3,3,7,30,762,638
2019,3,3,8,30,789,763
2019,3,3,9,30,831,829
2019,3,3,10,30,232,564
2019,3,3,11,30,184,479
2019,3,3,12,30,82,317
2019,3,3,13,30,206,274
2019,3,3,14,30,313,178
2019,3,3,15,30,2,9
2019,3,3,16,30,0,0
2019,3,3,17,30,0,0
2019,3,3,18,30,0,0
2019,3,3,19,30,0,0
2019,3,3,20,30,0,0
2019,3,3,21,30,0,0
2019,3,3,22,30,0,0
2019,3,3,23,30,0,0
2019,3,4,0,30,0,0
2019,3,4,1,30,0,0
2019,3,4,2,30,0,0
2019,3,4,3,30,0,0
2019,3,4,4,30,152,47
2019,3,4,5,30,565,251
2019,3,4,6,30,750,469
2019,3,4,7,30,855,656
2019,3,4,8,30,908,790
2019,3,4,9,30,913,851
2019,3,4,10,30,903,840
2019,3,4,11,30,874,759
2019,3,4,12,30,141,364
2019,3,4,13,30,104,233
2019,3,4,14,30,508,198
2019,3,4,15,30,52,16
2019,3,4,16,30,0,0
2019,3,4,17,30,0,0
2019,3,4,18,30,0,0
2019,3,4,19,30,0,0
2019,3,4,20,30,0,0
2019,3,4,21,30,0,0
2019,3,4,22,30,0,0
2019,3,4,23,30,0,0
2019,3,5,0,30,0,0
2019,3,5,1,30,0,0
2019,3,5,2,30,0,0
2019,3,5,3,30,0,0
2019,3,5,4,30,0,26
2019,3,5,5,30,29,120
2019,3,5,6,30,5,165
2019,3,5,7,30,16,235
2019,3,5,8,30,313,576
2019,3,5,9,30,0,58
2019,3,5,10,30,0,67
2019,3,5,11,30,0,141
2019,3,5,12,30,0,62
2019,3,5,13,30,35,188
2019,3,5,14,30,0,63
2019,3,5,15,30,0,5
2019,3,5,16,30,0,0
2019,3,5,17,30,0,0
2019,3,5,18,30,0,0
2019,3,5,19,30,0,0
2019,3,5,20,30,0,0
2019,3,5,21,30,0,0
2019,3,5,22,30,0,0
2019,3,5,23,30,0,0
2019,3,6,0,30,0,0
2019,3,6,1,30,0,0
2019,3,6,2,30,0,0
2019,3,6,3,30,0,0
2019,3,6,4,30,150,52
2019,3,6,5,30,518,255
2019,3,6,6,30,712,474
2019,3,6,7,30,813,659
2019,3,6,8,30,863,790
2019,3,6,9,30,887,853
2019,3,6,10,30,890,847
2019,3,6,11,30,868,767
2019,3,6,12,30,823,623
2019,3,6,13,30,729,427
2019,3,6,14,30,541,207
2019,3,6,15,30,96,20
2019,3,6,16,30,0,0
2019,3,6,17,30,0,0
2019,3,6,18,30,0,0
2019,3,6,19,30,0,0
2019,3,6,20,30,0,0
2019,3,6,21,30,0,0
2019,3,6,22,30,0,0
2019,3,6,23,30,0,0
2019,3,7,0,30,0,0
2019,3,7,1,30,0,0
2019,3,7,2,30,0,0
2019,3,7,3,30,0,0
2019,3,7,4,30,204,58
2019,3,7,5,30,583,270
2019,3,7,6,30,773,492
2019,3,7,7,30,46,304
2019,3,7,8,30,112,448
2019,3,7,9,30,368,657
2019,3,7,10,30,246,584
2019,3,7,11,30,914,782
2019,3,7,12,30,858,634
2019,3,7,13,30,758,435
2019,3,7,14,30,559,212
2019,3,7,15,30,93,21
2019,3,7,16,30,0,0
2019,3,7,17,30,0,0
2019,3,7,18,30,0,0
2019,3,7,19,30,0,0
2019,3,7,20,30,0,0
2019,3,7,21,30,0,0
2019,3,7,22,30,0,0
2019,3,7,23,30,0,0
2019,3,8,0,30,0,0
2019,3,8,1,30,0,0
2019,3,8,2,30,0,0
2019,3,8,3,30,0,0
2019,3,8,4,30,281,65
2019,3,8,5,30,670,284
2019,3,8,6,30,841,510
2019,3,8,7,30,921,698
2019,3,8,8,30,961,830
2019,3,8,9,30,959,889
2019,3,8,10,30,963,880
2019,3,8,11,30,947,799
2019,3,8,12,30,860,644
2019,3,8,13,30,771,445
2019,3,8,14,30,590,219
2019,3,8,15,30,129,23
2019,3,8,16,30,0,0
2019,3,8,17,30,0,0
2019,3,8,18,30,0,0
2019,3,8,19,30,0,0
2019,3,8,20,30,0,0
2019,3,8,21,30,0,0
2019,3,8,22,30,0,0
2019,3,8,23,30,0,0
2019,3,9,0,30,0,0
2019,3,9,1,30,0,0
2019,3,9,2,30,0,0
2019,3,9,3,30,0,0
2019,3,9,4,30,409,75
2019,3,9,5,30,747,300
2019,3,9,6,30,884,527
2019,3,9,7,30,953,716
2019,3,9,8,30,983,844
2019,3,9,9,30,993,906
2019,3,9,10,30,992,896
2019,3,9,11,30,973,813
2019,3,9,12,30,921,662
2019,3,9,13,30,838,461
2019,3,9,14,30,664,231
2019,3,9,15,30,193,26
2019,3,9,16,30,0,0
2019,3,9,17,30,0,0
2019,3,9,18,30,0,0
2019,3,9,19,30,0,0
2019,3,9,20,30,0,0
2019,3,9,21,30,0,0
2019,3,9,22,30,0,0
2019,3,9,23,30,0,0
2019,3,10,0,30,0,0
2019,3,10,1,30,0,0
2019,3,10,2,30,0,0
2019,3,10,3,30,0,0
2019,3,10,4,30,403,78
2019,3,10,5,30,738,303
2019,3,10,6,30,872,526
2019,3,10,7,30,941,713
2019,3,10,8,30,977,845
2019,3,10,9,30,985,907
2019,3,10,10,30,979,895
2019,3,10,11,30,951,807
2019,3,10,12,30,876,653
2019,3,10,13,30,782,454
2019,3,10,14,30,590,225
2019,3,10,15,30,125,26
2019,3,10,16,30,0,0
2019,3,10,17,30,0,0
2019,3,10,18,30,0,0
2019,3,10,19,30,0,0
2019,3,10,20,30,0,0
2019,3,10,21,30,0,0
2019,3,10,22,30,0,0
2019,3,10,23,30,0,0
2019,3,11,0,30,0,0
2019,3,11,1,30,0,0
2019,3,11,2,30,0,0
2019,3,11,3,30,0,0
2019,3,11,4,30,210,71
2019,3,11,5,30,550,284
2019,3,11,6,30,730,506
2019,3,11,7,30,842,696
2019,3,11,8,30,909,830
2019,3,11,9,30,942,895
2019,3,11,10,30,943,885
2019,3,11,11,30,923,802
2019,3,11,12,30,868,650
2019,3,11,13,30,779,452
2019,3,11,14,30,605,228
2019,3,11,15,30,163,28
2019,3,11,16,30,0,0
2019,3,11,17,30,0,0
2019,3,11,18,30,0,0
2019,3,11,19,30,0,0
2019,3,11,20,30,0,0
2019,3,11,21,30,0,0
2019,3,11,22,30,0,0
2019,3,11,23,30,0,0
2019,3,12,0,30,0,0
2019,3,12,1,30,0,0
2019,3,12,2,30,0,0
2019,3,12,3,30,0,0
2019,3,12,4,30,252,77
2019,3,12,5,30,603,297
2019,3,12,6,30,768,521
2019,3,12,7,30,840,707
2019,3,12,8,30,464,663
2019,3,12,9,30,427,698
2019,3,12,10,30,481,710
2019,3,12,11,30,344,593
2019,3,12,12,30,57,307
2019,3,12,13,30,19,180
2019,3,12,14,30,0,89
2019,3,12,15,30,0,10
2019,3,12,16,30,0,0
2019,3,12,17,30,0,0
2019,3,12,18,30,0,0
2019,3,12,19,30,0,0
2019,3,12,20,30,0,0
2019,3,12,21,30,0,0
2019,3,12,22,30,0,0
2019,3,12,23,30,0,0
2019,3,13,0,30,0,0
2019,3,13,1,30,0,0
2019,3,13,2,30,0,0
2019,3,13,3,30,0,0
2019,3,13,4,30,117,68
2019,3,13,5,30,13,124
2019,3,13,6,30,455,467
2019,3,13,7,30,206,458
2019,3,13,8,30,104,458
2019,3,13,9,30,426,702
2019,3,13,10,30,644,824
2019,3,13,11,30,594,738
2019,3,13,12,30,576,602
2019,3,13,13,30,415,401
2019,3,13,14,30,165,183
2019,3,13,15,30,0,7
2019,3,13,16,30,0,0
2019,3,13,17,30,0,0
2019,3,13,18,30,0,0
2019,3,13,19,30,0,0
2019,3,13,20,30,0,0
2019,3,13,21,30,0,0
2019,3,13,22,30,0,0
2019,3,13,23,30,0,0
2019,3,14,0,30,0,0
2019,3,14,1,30,0,0
2019,3,14,2,30,0,0
2019,3,14,3,30,0,0
2019,3,14,4,30,23,57
2019,3,14,5,30,0,13
2019,3,14,6,30,1,160
2019,3,14,7,30,0,116
2019,3,14,8,30,10,233
2019,3,14,9,30,0,81
2019,3,14,10,30,0,80
2019,3,14,11,30,0,73
2019,3,14,12,30,5,190
2019,3,14,13,30,21,184
2019,3,14,14,30,5,96
2019,3,14,15,30,97,30
2019,3,14,16,30,0,0
2019,3,14,17,30,0,0
2019,3,14,18,30,0,0
2019,3,14,19,30,0,0
2019,3,14,20,30,0,0
2019,3,14,21,30,0,0
2019,3,14,22,30,0,0
2019,3,14,23,30,0,0
2019,3,15,0,30,0,0
2019,3,15,1,30,0,0
2019,3,15,2,30,0,0
2019,3,15,3,30,0,0
2019,3,15,4,30,301,88
2019,3,15,5,30,0,24
2019,3,15,6,30,0,94
2019,3,15,7,30,252,490
2019,3,15,8,30,60,404
2019,3,15,9,30,893,891
2019,3,15,10,30,192,573
2019,3,15,11,30,831,789
2019,3,15,12,30,206,428
2019,3,15,13,30,186,292
2019,3,15,14,30,287,202
2019,3,15,15,30,7,19
2019,3,15,16,30,0,0
2019,3,15,17,30,0,0
2019,3,15,18,30,0,0
2019,3,15,19,30,0,0
2019,3,15,20,30,0,0
2019,3,15,21,30,0,0
2019,3,15,22,30,0,0
2019,3,15,23,30,0,0
2019,3,16,0,30,0,0
2019,3,16,1,30,0,0
2019,3,16,2,30,0,0
2019,3,16,3,30,0,0
2019,3,16,4,30,107,77
2019,3,16,5,30,0,25
2019,3,16,6,30,0,47
2019,3,16,7,30,0,43
2019,3,16,8,30,45,379
2019,3,16,9,30,241,618
2019,3,16,10,30,25,338
2019,3,16,11,30,650,756
2019,3,16,12,30,648,619
2019,3,16,13,30,83,242
2019,3,16,14,30,0,18
2019,3,16,15,30,71,31
2019,3,16,16,30,0,0
2019,3,16,17,30,0,0
2019,3,16,18,30,0,0
2019,3,16,19,30,0,0
2019,3,16,20,30,0,0
2019,3,16,21,30,0,0
2019,3,16,22,30,0,0
2019,3,16,23,30,0,0
2019,3,17,0,30,0,0
2019,3,17,1,30,0,0
2019,3,17,2,30,0,0
2019,3,17,3,30,0,0
2019,3,17,4,30,0,40
2019,3,17,5,30,648,320
2019,3,17,6,30,0,105
2019,3,17,7,30,1,160
2019,3,17,8,30,76,434
2019,3,17,9,30,246,624
2019,3,17,10,30,72,452
2019,3,17,11,30,326,598
2019,3,17,12,30,865,669
2019,3,17,13,30,100,254
2019,3,17,14,30,0,39
2019,3,17,15,30,182,37
2019,3,17,16,30,0,0
2019,3,17,17,30,0,0
2019,3,17,18,30,0,0
2019,3,17,19,30,0,0
2019,3,17,20,30,0,0
2019,3,17,21,30,0,0
2019,3,17,22,30,0,0
2019,3,17,23,30,0,0
2019,3,18,0,30,0,0
2019,3,18,1,30,0,0
2019,3,18,2,30,0,0
2019,3,18,3,30,0,0
2019,3,18,4,30,437,108
2019,3,18,5,30,18,137
2019,3,18,6,30,860,557
2019,3,18,7,30,926,741
2019,3,18,8,30,960,869
2019,3,18,9,30,952,924
2019,3,18,10,30,951,910
2019,3,18,11,30,932,825
2019,3,18,12,30,886,675
2019,3,18,13,30,804,476
2019,3,18,14,30,639,247
2019,3,18,15,30,228,39
2019,3,18,16,30,0,0
2019,3,18,17,30,0,0
2019,3,18,18,30,0,0
2019,3,18,19,30,0,0
2019,3,18,20,30,0,0
2019,3,18,21,30,0,0
2019,3,18,22,30,0,0
2019,3,18,23,30,0,0
2019,3,19,0,30,0,0
2019,3,19,1,30,0,0
2019,3,19,2,30,0,0
2019,3,19,3,30,0,0
2019,3,19,4,30,489,114
2019,3,19,5,30,760,344
2019,3,19,6,30,877,567
2019,3,19,7,30,931,750
2019,3,19,8,30,959,876
2019,3,19,9,30,968,934
2019,3,19,10,30,965,920
2019,3,19,11,30,939,833
2019,3,19,12,30,885,678
2019,3,19,13,30,795,476
2019,3,19,14,30,628,248
2019,3,19,15,30,220,40
2019,3,19,16,30,0,0
2019,3,19,17,30,0,0
2019,3,19,18,30,0,0
2019,3,19,19,30,0,0
2019,3,19,20,30,0,0
2019,3,19,21,30,0,0
2019,3,19,22,30,0,0
2019,3,19,23,30,0,0
2019,3,20,0,30,0,0
2019,3,20,1,30,0,0
2019,3,20,2,30,0,0
2019,3,20,3,30,0,0
2019,3,20,4,30,286,103
2019,3,20,5,30,0,86
2019,3,20,6,30,747,546
2019,3,20,7,30,816,728
2019,3,20,8,30,846,853
2019,3,20,9,30,798,897
2019,3,20,10,30,786,879
2019,3,20,11,30,758,793
2019,3,20,12,30,663,638
2019,3,20,13,30,594,446
2019,3,20,14,30,432,229
2019,3,20,15,30,70,34
2019,3,20,16,30,0,0
2019,3,20,17,30,0,0
2019,3,20,18,30,0,0
2019,3,20,19,30,0,0
2019,3,20,20,30,0,0
2019,3,20,21,30,0,0
2019,3,20,22,30,0,0
2019,3,20,23,30,0,0
2019,3,21,0,30,0,0
2019,3,21,1,30,0,0
2019,3,21,2,30,0,0
2019,3,21,3,30,0,0
2019,3,21,4,30,180,97
2019,3,21,5,30,0,27
2019,3,21,6,30,693,538
2019,3,21,7,30,807,727
2019,3,21,8,30,862,856
2019,3,21,9,30,803,896
2019,3,21,10,30,814,885
2019,3,21,11,30,794,803
2019,3,21,12,30,737,655
2019,3,21,13,30,637,457
2019,3,21,14,30,450,234
2019,3,21,15,30,79,37
2019,3,21,16,30,0,0
2019,3,21,17,30,0,0
2019,3,21,18,30,0,0
2019,3,21,19,30,0,0
2019,3,21,20,30,0,0
2019,3,21,21,30,0,0
2019,3,21,22,30,0,0
2019,3,21,23,30,0,0
2019,3,22,0,30,0,0
2019,3,22,1,30,0,0
2019,3,22,2,30,0,0
2019,3,22,3,30,0,0
2019,3,22,4,30,307,113
2019,3,22,5,30,608,336
2019,3,22,6,30,761,558
2019,3,22,7,30,839,741
2019,3,22,8,30,880,868
2019,3,22,9,30,904,928
2019,3,22,10,30,902,912
2019,3,22,11,30,880,826
2019,3,22,12,30,727,654
2019,3,22,13,30,630,457
2019,3,22,14,30,445,235
2019,3,22,15,30,81,38
2019,3,22,16,30,0,0
2019,3,22,17,30,0,0
2019,3,22,18,30,0,0
2019,3,22,19,30,0,0
2019,3,22,20,30,0,0
2019,3,22,21,30,0,0
2019,3,22,22,30,0,0
2019,3,22,23,30,0,0
2019,3,23,0,30,0,0
2019,3,23,1,30,0,0
2019,3,23,2,30,0,0
2019,3,23,3,30,0,0
2019,3,23,4,30,0,56
2019,3,23,5,30,0,115
2019,3,23,6,30,246,389
2019,3,23,7,30,305,544
2019,3,23,8,30,303,636
2019,3,23,9,30,505,779
2019,3,23,10,30,447,732
2019,3,23,11,30,29,332
2019,3,23,12,30,0,47
2019,3,23,13,30,0,79
2019,3,23,14,30,0,84
2019,3,23,15,30,0,4
2019,3,23,16,30,0,0
2019,3,23,17,30,0,0
2019,3,23,18,30,0,0
2019,3,23,19,30,0,0
2019,3,23,20,30,0,0
2019,3,23,21,30,0,0
2019,3,23,22,30,0,0
2019,3,23,23,30,0,0
2019,3,24,0,30,0,0
2019,3,24,1,30,0,0
2019,3,24,2,30,0,0
2019,3,24,3,30,0,0
2019,3,24,4,30,0,8
2019,3,24,5,30,0,28
2019,3,24,6,30,0,30
2019,3,24,7,30,0,87
2019,3,24,8,30,10,224
2019,3,24,9,30,11,242
2019,3,24,10,30,12,247
2019,3,24,11,30,5,174
2019,3,24,12,30,382,529
2019,3,24,13,30,527,447
2019,3,24,14,30,0,76
2019,3,24,15,30,68,39
2019,3,24,16,30,0,0
2019,3,24,17,30,0,0
2019,3,24,18,30,0,0
2019,3,24,19,30,0,0
2019,3,24,20,30,0,0
2019,3,24,21,30,0,0
2019,3,24,22,30,0,0
2019,3,24,23,30,0,0
2019,3,25,0,30,0,0
2019,3,25,1,30,0,0
2019,3,25,2,30,0,0
2019,3,25,3,30,0,0
2019,3,25,4,30,0,49
2019,3,25,5,30,544,342
2019,3,25,6,30,0,52
2019,3,25,7,30,16,259
2019,3,25,8,30,187,568
2019,3,25,9,30,204,620
2019,3,25,10,30,14,272
2019,3,25,11,30,7,198
2019,3,25,12,30,0,98
2019,3,25,13,30,0,110
2019,3,25,14,30,69,137
2019,3,25,15,30,151,46
2019,3,25,16,30,0,0
2019,3,25,17,30,0,0
2019,3,25,18,30,0,0
2019,3,25,19,30,0,0
2019,3,25,20,30,0,0
2019,3,25,21,30,0,0
2019,3,25,22,30,0,0
2019,3,25,23,30,0,0
2019,3,26,0,30,0,0
2019,3,26,1,30,0,0
2019,3,26,2,30,0,0
2019,3,26,3,30,0,0
2019,3,26,4,30,353,131
2019,3,26,5,30,665,363
2019,3,26,6,30,815,588
2019,3,26,7,30,899,777
2019,3,26,8,30,229,600
2019,3,26,9,30,114,537
2019,3,26,10,30,266,653
2019,3,26,11,30,372,645
2019,3,26,12,30,838,691
2019,3,26,13,30,113,276
2019,3,26,14,30,0,66
2019,3,26,15,30,0,12
2019,3,26,16,30,0,0
2019,3,26,17,30,0,0
2019,3,26,18,30,0,0
2019,3,26,19,30,0,0
2019,3,26,20,30,0,0
2019,3,26,21,30,0,0
2019,3,26,22,30,0,0
2019,3,26,23,30,0,0
2019,3,27,0,30,0,0
2019,3,27,1,30,0,0
2019,3,27,2,30,0,0
2019,3,27,3,30,0,0
2019,3,27,4,30,422,140
2019,3,27,5,30,686,368
2019,3,27,6,30,811,588
2019,3,27,7,30,871,769
2019,3,27,8,30,897,891
2019,3,27,9,30,894,944
2019,3,27,10,30,877,925
2019,3,27,11,30,848,836
2019,3,27,12,30,768,681
2019,3,27,13,30,666,480
2019,3,27,14,30,490,254
2019,3,27,15,30,152,50
2019,3,27,16,30,0,0
2019,3,27,17,30,0,0
2019,3,27,18,30,0,0
2019,3,27,19,30,0,0
2019,3,27,20,30,0,0
2019,3,27,21,30,0,0
2019,3,27,22,30,0,0
2019,3,27,23,30,0,0
2019,3,28,0,30,0,0
2019,3,28,1,30,0,0
2019,3,28,2,30,0,0
2019,3,28,3,30,0,0
2019,3,28,4,30,321,137
2019,3,28,5,30,607,363
2019,3,28,6,30,760,585
2019,3,28,7,30,843,767
2019,3,28,8,30,882,890
2019,3,28,9,30,898,946
2019,3,28,10,30,444,744
2019,3,28,11,30,862,839
2019,3,28,12,30,798,684
2019,3,28,13,30,691,481
2019,3,28,14,30,488,252
2019,3,28,15,30,0,26
2019,3,28,16,30,0,0
2019,3,28,17,30,0,0
2019,3,28,18,30,0,0
2019,3,28,19,30,0,0
2019,3,28,20,30,0,0
2019,3,28,21,30,0,0
2019,3,28,22,30,0,0
2019,3,28,23,30,0,0
2019,3,29,0,30,0,0
2019,3,29,1,30,0,0
2019,3,29,2,30,0,0
2019,3,29,3,30,0,0
2019,3,29,4,30,0,7
2019,3,29,5,30,0,113
2019,3,29,6,30,0,126
2019,3,29,7,30,0,59
2019,3,29,8,30,11,246
2019,3,29,9,30,29,379
2019,3,29,10,30,348,713
2019,3,29,11,30,54,400
2019,3,29,12,30,613,647
2019,3,29,13,30,177,313
2019,3,29,14,30,95,152
2019,3,29,15,30,0,28
2019,3,29,16,30,0,0
2019,3,29,17,30,0,0
2019,3,29,18,30,0,0
2019,3,29,19,30,0,0
2019,3,29,20,30,0,0
2019,3,29,21,30,0,0
2019,3,29,22,30,0,0
2019,3,29,23,30,0,0
2019,3,30,0,30,0,0
2019,3,30,1,30,0,0
2019,3,30,2,30,0,0
2019,3,30,3,30,0,0
2019,3,30,4,30,44,100
2019,3,30,5,30,213,306
2019,3,30,6,30,354,517
2019,3,30,7,30,459,691
2019,3,30,8,30,231,614
2019,3,30,9,30,297,697
2019,3,30,10,30,20,328
2019,3,30,11,30,52,398
2019,3,30,12,30,359,533
2019,3,30,13,30,91,267
2019,3,30,14,30,0,20
2019,3,30,15,30,0,5
2019,3,30,16,30,0,0
2019,3,30,17,30,0,0
2019,3,30,18,30,0,0
2019,3,30,19,30,0,0
2019,3,30,20,30,0,0
2019,3,30,21,30,0,0
2019,3,30,22,30,0,0
2019,3,30,23,30,0,0
2019,3,31,0,30,0,0
2019,3,31,1,30,0,0
2019,3,31,2,30,0,0
2019,3,31,3,30,0,0
2019,3,31,4,30,0,11
2019,3,31,5,30,0,79
2019,3,31,6,30,4,178
2019,3,31,7,30,5,186
2019,3,31,8,30,0,134
2019,3,31,9,30,153,590
2019,3,31,10,30,25,355
2019,3,31,11,30,21,308
2019,3,31,12,30,603,656
2019,3,31,13,30,51,237
2019,3,31,14,30,301,237
2019,3,31,15,30,38,43
2019,3,31,16,30,0,0
2019,3,31,17,30,0,0
2019,3,31,18,30,0,0
2019,3,31,19,30,0,0
2019,3,31,20,30,0,0
2019,3,31,21,30,0,0
2019,3,31,22,30,0,0
2019,3,31,23,30,0,0
2019,4,1,0,30,0,0
2019,4,1,1,30,0,0
2019,4,1,2,30,0,0
2019,4,1,3,30,0,0
2019,4,1,4,30,272,144
2019,4,1,5,30,535,365
2019,4,1,6,30,682,580
2019,4,1,7,30,751,755
2019,4,1,8,30,202,598
2019,4,1,9,30,14,277
2019,4,1,10,30,0,85
2019,4,1,11,30,16,285
2019,4,1,12,30,47,322
2019,4,1,13,30,31,216
2019,4,1,14,30,0,21
2019,4,1,15,30,0,5
2019,4,1,16,30,0,0
2019,4,1,17,30,0,0
2019,4,1,18,30,0,0
2019,4,1,19,30,0,0
2019,4,1,20,30,0,0
2019,4,1,21,30,0,0
2019,4,1,22,30,0,0
2019,4,1,23,30,0,0
2019,4,2,0,30,0,0
2019,4,2,1,30,0,0
2019,4,2,2,30,0,0
2019,4,2,3,30,0,0
2019,4,2,4,30,15,78
2019,4,2,5,30,66,201
2019,4,2,6,30,273,434
2019,4,2,7,30,418,626
2019,4,2,8,30,291,659
2019,4,2,9,30,255,676
2019,4,2,10,30,218,636
2019,4,2,11,30,216,573
2019,4,2,12,30,666,668
2019,4,2,13,30,542,465
2019,4,2,14,30,342,244
2019,4,2,15,30,47,46
2019,4,2,16,30,0,0
2019,4,2,17,30,0,0
2019,4,2,18,30,0,0
2019,4,2,19,30,0,0
2019,4,2,20,30,0,0
2019,4,2,21,30,0,0
2019,4,2,22,30,0,0
2019,4,2,23,30,0,0
2019,4,3,0,30,0,0
2019,4,3,1,30,0,0
2019,4,3,2,30,0,0
2019,4,3,3,30,0,0
2019,4,3,4,30,365,159
2019,4,3,5,30,619,387
2019,4,3,6,30,752,607
2019,4,3,7,30,825,787
2019,4,3,8,30,864,909
2019,4,3,9,30,790,938
2019,4,3,10,30,791,920
2019,4,3,11,30,759,830
2019,4,3,12,30,650,666
2019,4,3,13,30,549,468
2019,4,3,14,30,365,247
2019,4,3,15,30,59,48
2019,4,3,16,30,0,0
2019,4,3,17,30,0,0
2019,4,3,18,30,0,0
2019,4,3,19,30,0,0
2019,4,3,20,30,0,0
2019,4,3,21,30,0,0
2019,4,3,22,30,0,0
2019,4,3,23,30,0,0
2019,4,4,0,30,0,0
2019,4,4,1,30,0,0
2019,4,4,2,30,0,0
2019,4,4,3,30,0,0
2019,4,4,4,30,0,13
2019,4,4,5,30,490,367
2019,4,4,6,30,627,578
2019,4,4,7,30,712,755
2019,4,4,8,30,757,873
2019,4,4,9,30,804,932
2019,4,4,10,30,72,486
2019,4,4,11,30,122,499
2019,4,4,12,30,23,272
2019,4,4,13,30,492,428
2019,4,4,14,30,443,258
2019,4,4,15,30,120,56
2019,4,4,16,30,0,0
2019,4,4,17,30,0,0
2019,4,4,18,30,0,0
2019,4,4,19,30,0,0
2019,4,4,20,30,0,0
2019,4,4,21,30,0,0
2019,4,4,22,30,0,0
2019,4,4,23,30,0,0
2019,4,5,0,30,0,0
2019,4,5,1,30,0,0
2019,4,5,2,30,0,0
2019,4,5,3,30,0,0
2019,4,5,4,30,410,171
2019,4,5,5,30,674,404
2019,4,5,6,30,162,386
2019,4,5,7,30,871,803
2019,4,5,8,30,906,924
2019,4,5,9,30,912,975
2019,4,5,10,30,913,957
2019,4,5,11,30,494,715
2019,4,5,12,30,365,546
2019,4,5,13,30,756,510
2019,4,5,14,30,586,280
2019,4,5,15,30,229,66
2019,4,5,16,30,0,0
2019,4,5,17,30,0,0
2019,4,5,18,30,0,0
2019,4,5,19,30,0,0
2019,4,5,20,30,0,0
2019,4,5,21,30,0,0
2019,4,5,22,30,0,0
2019,4,5,23,30,0,0
2019,4,6,0,30,0,0
2019,4,6,1,30,0,0
2019,4,6,2,30,0,0
2019,4,6,3,30,0,0
2019,4,6,4,30,0,18
2019,4,6,5,30,0,129
2019,4,6,6,30,79,326
2019,4,6,7,30,0,121
2019,4,6,8,30,413,728
2019,4,6,9,30,385,757
2019,4,6,10,30,788,913
2019,4,6,11,30,271,616
2019,4,6,12,30,10,220
2019,4,6,13,30,143,308
2019,4,6,14,30,13,120
2019,4,6,15,30,0,33
2019,4,6,16,30,0,0
2019,4,6,17,30,0,0
2019,4,6,18,30,0,0
2019,4,6,19,30,0,0
2019,4,6,20,30,0,0
2019,4,6,21,30,0,0
2019,4,6,22,30,0,0
2019,4,6,23,30,0,0
2019,4,7,0,30,0,0
2019,4,7,1,30,0,0
2019,4,7,2,30,0,0
2019,4,7,3,30,0,2
2019,4,7,4,30,192,155
2019,4,7,5,30,415,372
2019,4,7,6,30,539,581
2019,4,7,7,30,606,749
2019,4,7,8,30,645,865
2019,4,7,9,30,700,923
2019,4,7,10,30,695,903
2019,4,7,11,30,671,817
2019,4,7,12,30,528,650
2019,4,7,13,30,400,452
2019,4,7,14,30,218,235
2019,4,7,15,30,15,42
2019,4,7,16,30,0,0
2019,4,7,17,30,0,0
2019,4,7,18,30,0,0
2019,4,7,19,30,0,0
2019,4,7,20,30,0,0
2019,4,7,21,30,0,0
2019,4,7,22,30,0,0
2019,4,7,23,30,0,0
2019,4,8,0,30,0,0
2019,4,8,1,30,0,0
2019,4,8,2,30,0,0
2019,4,8,3,30,0,1
2019,4,8,4,30,140,149
2019,4,8,5,30,357,363
2019,4,8,6,30,498,571
2019,4,8,7,30,575,738
2019,4,8,8,30,612,850
2019,4,8,9,30,454,800
2019,4,8,10,30,335,726
2019,4,8,11,30,493,773
2019,4,8,12,30,538,650
2019,4,8,13,30,455,462
2019,4,8,14,30,299,249
2019,4,8,15,30,47,53
2019,4,8,16,30,0,0
2019,4,8,17,30,0,0
2019,4,8,18,30,0,0
2019,4,8,19,30,0,0
2019,4,8,20,30,0,0
2019,4,8,21,30,0,0
2019,4,8,22,30,0,0
2019,4,8,23,30,0,0
2019,4,9,0,30,0,0
2019,4,9,1,30,0,0
2019,4,9,2,30,0,0
2019,4,9,3,30,2,8
2019,4,9,4,30,291,174
2019,4,9,5,30,511,396
2019,4,9,6,30,631,605
2019,4,9,7,30,703,779
2019,4,9,8,30,745,897
2019,4,9,9,30,715,936
2019,4,9,10,30,681,909
2019,4,9,11,30,603,806
2019,4,9,12,30,453,638
2019,4,9,13,30,290,433
2019,4,9,14,30,114,216
2019,4,9,15,30,2,27
2019,4,9,16,30,0,0
2019,4,9,17,30,0,0
2019,4,9,18,30,0,0
2019,4,9,19,30,0,0
2019,4,9,20,30,0,0
2019,4,9,21,30,0,0
2019,4,9,22,30,0,0
2019,4,9,23,30,0,0
2019,4,10,0,30,0,0
2019,4,10,1,30,0,0
2019,4,10,2,30,0,0
2019,4,10,3,30,12,13
2019,4,10,4,30,451,194
2019,4,10,5,30,714,432
2019,4,10,6,30,844,656
2019,4,10,7,30,909,835
2019,4,10,8,30,942,955
2019,4,10,9,30,958,1007
2019,4,10,10,30,955,986
2019,4,10,11,30,935,894
2019,4,10,12,30,896,740
2019,4,10,13,30,818,538
2019,4,10,14,30,660,303
2019,4,10,15,30,333,81
2019,4,10,16,30,0,0
2019,4,10,17,30,0,0
2019,4,10,18,30,0,0
2019,4,10,19,30,0,0
2019,4,10,20,30,0,0
2019,4,10,21,30,0,0
2019,4,10,22,30,0,0
2019,4,10,23,30,0,0
2019,4,11,0,30,0,0
2019,4,11,1,30,0,0
2019,4,11,2,30,0,0
2019,4,11,3,30,79,19
2019,4,11,4,30,534,208
2019,4,11,5,30,749,444
2019,4,11,6,30,852,663
2019,4,11,7,30,909,839
2019,4,11,8,30,937,958
2019,4,11,9,30,962,1013
2019,4,11,10,30,962,991
2019,4,11,11,30,947,901
2019,4,11,12,30,905,745
2019,4,11,13,30,830,541
2019,4,11,14,30,689,307
2019,4,11,15,30,369,84
2019,4,11,16,30,0,0
2019,4,11,17,30,0,0
2019,4,11,18,30,0,0
2019,4,11,19,30,0,0
2019,4,11,20,30,0,0
2019,4,11,21,30,0,0
2019,4,11,22,30,0,0
2019,4,11,23,30,0,0
2019,4,12,0,30,0,0
2019,4,12,1,30,0,0
2019,4,12,2,30,0,0
2019,4,12,3,30,106,22
2019,4,12,4,30,544,213
2019,4,12,5,30,742,448
2019,4,12,6,30,839,666
2019,4,12,7,30,888,841
2019,4,12,8,30,915,962
2019,4,12,9,30,915,1008
2019,4,12,10,30,913,987
2019,4,12,11,30,892,894
2019,4,12,12,30,829,735
2019,4,12,13,30,745,528
2019,4,12,14,30,587,297
2019,4,12,15,30,240,78
2019,4,12,16,30,0,0
2019,4,12,17,30,0,0
2019,4,12,18,30,0,0
2019,4,12,19,30,0,0
2019,4,12,20,30,0,0
2019,4,12,21,30,0,0
2019,4,12,22,30,0,0
2019,4,12,23,30,0,0
2019,4,13,0,30,0,0
2019,4,13,1,30,0,0
2019,4,13,2,30,0,0
2019,4,13,3,30,42,19
2019,4,13,4,30,460,206
2019,4,13,5,30,661,438
2019,4,13,6,30,756,652
2019,4,13,7,30,802,824
2019,4,13,8,30,819,937
2019,4,13,9,30,709,953
2019,4,13,10,30,697,929
2019,4,13,11,30,672,837
2019,4,13,12,30,630,689
2019,4,13,13,30,537,492
2019,4,13,14,30,351,267
2019,4,13,15,30,0,31
2019,4,13,16,30,0,0
2019,4,13,17,30,0,0
2019,4,13,18,30,0,0
2019,4,13,19,30,0,0
2019,4,13,20,30,0,0
2019,4,13,21,30,0,0
2019,4,13,22,30,0,0
2019,4,13,23,30,0,0
2019,4,14,0,30,0,0
2019,4,14,1,30,0,0
2019,4,14,2,30,0,0
2019,4,14,3,30,0,0
2019,4,14,4,30,14,114
2019,4,14,5,30,128,342
2019,4,14,6,30,301,561
2019,4,14,7,30,448,741
2019,4,14,8,30,405,744
2019,4,14,9,30,306,736
2019,4,14,10,30,443,786
2019,4,14,11,30,365,682
2019,4,14,12,30,430,650
2019,4,14,13,30,392,469
2019,4,14,14,30,271,260
2019,4,14,15,30,51,62
2019,4,14,16,30,0,0
2019,4,14,17,30,0,0
2019,4,14,18,30,0,0
2019,4,14,19,30,0,0
2019,4,14,20,30,0,0
2019,4,14,21,30,0,0
2019,4,14,22,30,0,0
2019,4,14,23,30,0,0
2019,4,15,0,30,0,0
2019,4,15,1,30,0,0
2019,4,15,2,30,0,0
2019,4,15,3,30,10,18
2019,4,15,4,30,275,194
2019,4,15,5,30,244,312
2019,4,15,6,30,205,436
2019,4,15,7,30,97,458
2019,4,15,8,30,16,303
2019,4,15,9,30,10,221
2019,4,15,10,30,11,240
2019,4,15,11,30,1,143
2019,4,15,12,30,0,111
2019,4,15,13,30,0,92
2019,4,15,14,30,0,28
2019,4,15,15,30,0,20
2019,4,15,16,30,0,0
2019,4,15,17,30,0,0
2019,4,15,18,30,0,0
2019,4,15,19,30,0,0
2019,4,15,20,30,0,0
2019,4,15,21,30,0,0
2019,4,15,22,30,0,0
2019,4,15,23,30,0,0
2019,4,16,0,30,0,0
2019,4,16,1,30,0,0
2019,4,16,2,30,0,0
2019,4,16,3,30,0,6
2019,4,16,4,30,125,172
2019,4,16,5,30,18,180
2019,4,16,6,30,10,215
2019,4,16,7,30,0,95
2019,4,16,8,30,33,396
2019,4,16,9,30,893,986
2019,4,16,10,30,893,966
2019,4,16,11,30,864,874
2019,4,16,12,30,776,714
2019,4,16,13,30,643,507
2019,4,16,14,30,451,281
2019,4,16,15,30,133,73
2019,4,16,16,30,0,0
2019,4,16,17,30,0,0
2019,4,16,18,30,0,0
2019,4,16,19,30,0,0
2019,4,16,20,30,0,0
2019,4,16,21,30,0,0
2019,4,16,22,30,0,0
2019,4,16,23,30,0,0
2019,4,17,0,30,0,0
2019,4,17,1,30,0,0
2019,4,17,2,30,0,0
2019,4,17,3,30,58,28
2019,4,17,4,30,0,17
2019,4,17,5,30,45,213
2019,4,17,6,30,308,492
2019,4,17,7,30,62,414
2019,4,17,8,30,66,479
2019,4,17,9,30,10,211
2019,4,17,10,30,28,385
2019,4,17,11,30,336,671
2019,4,17,12,30,199,482
2019,4,17,13,30,697,522
2019,4,17,14,30,549,297
2019,4,17,15,30,237,84
2019,4,17,16,30,0,0
2019,4,17,17,30,0,0
2019,4,17,18,30,0,0
2019,4,17,19,30,0,0
2019,4,17,20,30,0,0
2019,4,17,21,30,0,0
2019,4,17,22,30,0,0
2019,4,17,23,30,0,0
2019,4,18,0,30,0,0
2019,4,18,1,30,0,0
2019,4,18,2,30,0,0
2019,4,18,3,30,0,14
2019,4,18,4,30,565,235
2019,4,18,5,30,761,470
2019,4,18,6,30,44,305
2019,4,18,7,30,164,528
2019,4,18,8,30,935,972
2019,4,18,9,30,945,1019
2019,4,18,10,30,936,995
2019,4,18,11,30,909,901
2019,4,18,12,30,855,742
2019,4,18,13,30,765,538
2019,4,18,14,30,615,310
2019,4,18,15,30,310,91
2019,4,18,16,30,0,0
2019,4,18,17,30,0,0
2019,4,18,18,30,0,0
2019,4,18,19,30,0,0
2019,4,18,20,30,0,0
2019,4,18,21,30,0,0
2019,4,18,22,30,0,0
2019,4,18,23,30,0,0
2019,4,19,0,30,0,0
2019,4,19,1,30,0,0
2019,4,19,2,30,0,0
2019,4,19,3,30,145,36
2019,4,19,4,30,550,235
2019,4,19,5,30,746,468
2019,4,19,6,30,838,681
2019,4,19,7,30,886,852
2019,4,19,8,30,911,966
2019,4,19,9,30,207,674
2019,4,19,10,30,381,763
2019,4,19,11,30,866,891
2019,4,19,12,30,800,733
2019,4,19,13,30,713,533
2019,4,19,14,30,556,305
2019,4,19,15,30,247,89
2019,4,19,16,30,0,0
2019,4,19,17,30,0,0
2019,4,19,18,30,0,0
2019,4,19,19,30,0,0
2019,4,19,20,30,0,0
2019,4,19,21,30,0,0
2019,4,19,22,30,0,0
2019,4,19,23,30,0,0
2019,4,20,0,30,0,0
2019,4,20,1,30,0,0
2019,4,20,2,30,0,0
2019,4,20,3,30,152,39
2019,4,20,4,30,569,241
2019,4,20,5,30,56,228
2019,4,20,6,30,81,355
2019,4,20,7,30,138,509
2019,4,20,8,30,139,581
2019,4,20,9,30,370,778
2019,4,20,10,30,334,748
2019,4,20,11,30,236,615
2019,4,20,12,30,821,740
2019,4,20,13,30,745,540
2019,4,20,14,30,599,312
2019,4,20,15,30,292,94
2019,4,20,16,30,0,0
2019,4,20,17,30,0,0
2019,4,20,18,30,0,0
2019,4,20,19,30,0,0
2019,4,20,20,30,0,0
2019,4,20,21,30,0,0
2019,4,20,22,30,0,0
2019,4,20,23,30,0,0
2019,4,21,0,30,0,0
2019,4,21,1,30,0,0
2019,4,21,2,30,0,0
2019,4,21,3,30,0,4
2019,4,21,4,30,458,234
2019,4,21,5,30,5,161
2019,4,21,6,30,0,65
2019,4,21,7,30,787,839
2019,4,21,8,30,10,216
2019,4,21,9,30,383,785
2019,4,21,10,30,868,984
2019,4,21,11,30,293,652
2019,4,21,12,30,306,545
2019,4,21,13,30,729,540
2019,4,21,14,30,582,312
2019,4,21,15,30,276,95
2019,4,21,16,30,0,0
2019,4,21,17,30,0,0
2019,4,21,18,30,0,0
2019,4,21,19,30,0,0
2019,4,21,20,30,0,0
2019,4,21,21,30,0,0
2019,4,21,22,30,0,0
2019,4,21,23,30,0,0
2019,4,22,0,30,0,0
2019,4,22,1,30,0,0
2019,4,22,2,30,0,0
2019,4,22,3,30,179,45
2019,4,22,4,30,0,52
2019,4,22,5,30,759,483
2019,4,22,6,30,852,698
2019,4,22,7,30,21,310
2019,4,22,8,30,322,724
2019,4,22,9,30,278,731
2019,4,22,10,30,925,1004
2019,4,22,11,30,901,910
2019,4,22,12,30,863,758
2019,4,22,13,30,784,554
2019,4,22,14,30,660,327
2019,4,22,15,30,382,104
2019,4,22,16,30,0,0
2019,4,22,17,30,0,0
2019,4,22,18,30,0,0
2019,4,22,19,30,0,0
2019,4,22,20,30,0,0
2019,4,22,21,30,0,0
2019,4,22,22,30,0,0
2019,4,22,23,30,0,0
2019,4,23,0,30,0,0
2019,4,23,1,30,0,0
2019,4,23,2,30,0,0
2019,4,23,3,30,29,29
2019,4,23,4,30,426,236
2019,4,23,5,30,624,464
2019,4,23,6,30,727,672
2019,4,23,7,30,787,842
2019,4,23,8,30,818,952
2019,4,23,9,30,819,995
2019,4,23,10,30,801,966
2019,4,23,11,30,759,870
2019,4,23,12,30,628,702
2019,4,23,13,30,564,511
2019,4,23,14,30,437,294
2019,4,23,15,30,181,89
2019,4,23,16,30,0,0
2019,4,23,17,30,0,0
2019,4,23,18,30,0,0
2019,4,23,19,30,0,0
2019,4,23,20,30,0,0
2019,4,23,21,30,0,0
2019,4,23,22,30,0,0
2019,4,23,23,30,0,0
2019,4,24,0,30,0,0
2019,4,24,1,30,0,0
2019,4,24,2,30,0,0
2019,4,24,3,30,62,40
2019,4,24,4,30,410,234
2019,4,24,5,30,603,459
2019,4,24,6,30,260,485
2019,4,24,7,30,748,831
2019,4,24,8,30,746,934
2019,4,24,9,30,560,930
2019,4,24,10,30,523,899
2019,4,24,11,30,470,805
2019,4,24,12,30,490,674
2019,4,24,13,30,396,483
2019,4,24,14,30,253,271
2019,4,24,15,30,48,73
2019,4,24,16,30,0,0
2019,4,24,17,30,0,0
2019,4,24,18,30,0,0
2019,4,24,19,30,0,0
2019,4,24,20,30,0,0
2019,4,24,21,30,0,0
2019,4,24,22,30,0,0
2019,4,24,23,30,0,0
2019,4,25,0,30,0,0
2019,4,25,1,30,0,0
2019,4,25,2,30,0,0
2019,4,25,3,30,5,26
2019,4,25,4,30,159,206
2019,4,25,5,30,321,419
2019,4,25,6,30,434,620
2019,4,25,7,30,509,784
2019,4,25,8,30,553,891
2019,4,25,9,30,555,930
2019,4,25,10,30,414,786
2019,4,25,11,30,442,724
2019,4,25,12,30,357,646
2019,4,25,13,30,251,455
2019,4,25,14,30,114,245
2019,4,25,15,30,7,50
2019,4,25,16,30,0,0
2019,4,25,17,30,0,0
2019,4,25,18,30,0,0
2019,4,25,19,30,0,0
2019,4,25,20,30,0,0
2019,4,25,21,30,0,0
2019,4,25,22,30,0,0
2019,4,25,23,30,0,0
2019,4,26,0,30,0,0
2019,4,26,1,30,0,0
2019,4,26,2,30,0,0
2019,4,26,3,30,16,34
2019,4,26,4,30,288,227
2019,4,26,5,30,519,455
2019,4,26,6,30,654,666
2019,4,26,7,30,729,836
2019,4,26,8,30,781,951
2019,4,26,9,30,776,992
2019,4,26,10,30,775,966
2019,4,26,11,30,754,875
2019,4,26,12,30,629,708
2019,4,26,13,30,532,512
2019,4,26,14,30,363,291
2019,4,26,15,30,25,57
2019,4,26,16,30,0,0
2019,4,26,17,30,0,0
2019,4,26,18,30,0,0
2019,4,26,19,30,0,0
2019,4,26,20,30,0,0
2019,4,26,21,30,0,0
2019,4,26,22,30,0,0
2019,4,26,23,30,0,0
2019,4,27,0,30,0,0
2019,4,27,1,30,0,0
2019,4,27,2,30,0,0
2019,4,27,3,30,55,44
2019,4,27,4,30,384,239
2019,4,27,5,30,603,465
2019,4,27,6,30,730,677
2019,4,27,7,30,797,846
2019,4,27,8,30,830,957
2019,4,27,9,30,820,996
2019,4,27,10,30,817,971
2019,4,27,11,30,791,881
2019,4,27,12,30,642,708
2019,4,27,13,30,542,512
2019,4,27,14,30,379,294
2019,4,27,15,30,116,87
2019,4,27,16,30,0,0
2019,4,27,17,30,0,0
2019,4,27,18,30,0,0
2019,4,27,19,30,0,0
2019,4,27,20,30,0,0
2019,4,27,21,30,0,0
2019,4,27,22,30,0,0
2019,4,27,23,30,0,0
2019,4,28,0,30,0,0
2019,4,28,1,30,0,0
2019,4,28,2,30,0,0
2019,4,28,3,30,105,51
2019,4,28,4,30,461,252
2019,4,28,5,30,656,480
2019,4,28,6,30,764,691
2019,4,28,7,30,824,860
2019,4,28,8,30,857,972
2019,4,28,9,30,845,1011
2019,4,28,10,30,851,989
2019,4,28,11,30,838,898
2019,4,28,12,30,770,740
2019,4,28,13,30,676,539
2019,4,28,14,30,495,310
2019,4,28,15,30,161,93
2019,4,28,16,30,0,0
2019,4,28,17,30,0,0
2019,4,28,18,30,0,0
2019,4,28,19,30,0,0
2019,4,28,20,30,0,0
2019,4,28,21,30,0,0
2019,4,28,22,30,0,0
2019,4,28,23,30,0,0
2019,4,29,0,30,0,0
2019,4,29,1,30,0,0
2019,4,29,2,30,0,0
2019,4,29,3,30,4,27
2019,4,29,4,30,146,210
2019,4,29,5,30,322,427
2019,4,29,6,30,447,629
2019,4,29,7,30,517,791
2019,4,29,8,30,549,897
2019,4,29,9,30,573,942
2019,4,29,10,30,577,923
2019,4,29,11,30,548,833
2019,4,29,12,30,491,685
2019,4,29,13,30,363,430
2019,4,29,14,30,245,279
2019,4,29,15,30,54,81
2019,4,29,16,30,0,0
2019,4,29,17,30,0,0
2019,4,29,18,30,0,0
2019,4,29,19,30,0,0
2019,4,29,20,30,0,0
2019,4,29,21,30,0,0
2019,4,29,22,30,0,0
2019,4,29,23,30,0,0
2019,4,30,0,30,0,0
2019,4,30,1,30,0,0
2019,4,30,2,30,0,0
2019,4,30,3,30,31,45
2019,4,30,4,30,267,235
2019,4,30,5,30,438,448
2019,4,30,6,30,547,646
2019,4,30,7,30,601,803
2019,4,30,8,30,616,903
2019,4,30,9,30,559,929
2019,4,30,10,30,296,734
2019,4,30,11,30,459,740
2019,4,30,12,30,330,568
2019,4,30,13,30,296,467
2019,4,30,14,30,147,259
2019,4,30,15,30,12,61
2019,4,30,16,30,0,0
2019,4,30,17,30,0,0
2019,4,30,18,30,0,0
2019,4,30,19,30,0,0
2019,4,30,20,30,0,0
2019,4,30,21,30,0,0
2019,4,30,22,30,0,0
2019,4,30,23,30,0,0
2019,5,1,0,30,0,0
2019,5,1,1,30,0,0
2019,5,1,2,30,0,0
2019,5,1,3,30,3,27
2019,5,1,4,30,106,206
2019,5,1,5,30,231,410
2019,5,1,6,30,346,606
2019,5,1,7,30,447,769
2019,5,1,8,30,504,879
2019,5,1,9,30,441,902
2019,5,1,10,30,435,876
2019,5,1,11,30,412,790
2019,5,1,12,30,377,655
2019,5,1,13,30,281,470
2019,5,1,14,30,136,260
2019,5,1,15,30,10,61
2019,5,1,16,30,0,0
2019,5,1,17,30,0,0
2019,5,1,18,30,0,0
2019,5,1,19,30,0,0
2019,5,1,20,30,0,0
2019,5,1,21,30,0,0
2019,5,1,22,30,0,0
2019,5,1,23,30,0,0
2019,5,2,0,30,0,0
2019,5,2,1,30,0,0
2019,5,2,2,30,0,0
2019,5,2,3,30,2,25
2019,5,2,4,30,8,114
2019,5,2,5,30,0,43
2019,5,2,6,30,0,66
2019,5,2,7,30,14,272
2019,5,2,8,30,2,144
2019,5,2,9,30,123,607
2019,5,2,10,30,222,685
2019,5,2,11,30,68,461
2019,5,2,12,30,326,569
2019,5,2,13,30,325,474
2019,5,2,14,30,0,34
2019,5,2,15,30,0,40
2019,5,2,16,30,0,0
2019,5,2,17,30,0,0
2019,5,2,18,30,0,0
2019,5,2,19,30,0,0
2019,5,2,20,30,0,0
2019,5,2,21,30,0,0
2019,5,2,22,30,0,0
2019,5,2,23,30,0,0
2019,5,3,0,30,0,0
2019,5,3,1,30,0,0
2019,5,3,2,30,0,0
2019,5,3,3,30,6,35
2019,5,3,4,30,133,212
2019,5,3,5,30,123,295
2019,5,3,6,30,400,612
2019,5,3,7,30,351,673
2019,5,3,8,30,420,786
2019,5,3,9,30,525,904
2019,5,3,10,30,54,482
2019,5,3,11,30,248,638
2019,5,3,12,30,379,593
2019,5,3,13,30,657,541
2019,5,3,14,30,568,330
2019,5,3,15,30,333,117
2019,5,3,16,30,0,0
2019,5,3,17,30,0,0
2019,5,3,18,30,0,0
2019,5,3,19,30,0,0
2019,5,3,20,30,0,0
2019,5,3,21,30,0,0
2019,5,3,22,30,0,0
2019,5,3,23,30,0,0
2019,5,4,0,30,0,0
2019,5,4,1,30,0,0
2019,5,4,2,30,0,0
2019,5,4,3,30,230,74
2019,5,4,4,30,578,286
2019,5,4,5,30,765,520
2019,5,4,6,30,862,732
2019,5,4,7,30,910,897
2019,5,4,8,30,936,1008
2019,5,4,9,30,951,1053
2019,5,4,10,30,946,1026
2019,5,4,11,30,927,933
2019,5,4,12,30,865,774
2019,5,4,13,30,793,574
2019,5,4,14,30,653,345
2019,5,4,15,30,367,122
2019,5,4,16,30,0,0
2019,5,4,17,30,0,0
2019,5,4,18,30,0,0
2019,5,4,19,30,0,0
2019,5,4,20,30,0,0
2019,5,4,21,30,0,0
2019,5,4,22,30,0,0
2019,5,4,23,30,0,0
2019,5,5,0,30,0,0
2019,5,5,1,30,0,0
2019,5,5,2,30,0,0
2019,5,5,3,30,235,74
2019,5,5,4,30,589,287
2019,5,5,5,30,758,519
2019,5,5,6,30,844,728
2019,5,5,7,30,890,895
2019,5,5,8,30,904,1000
2019,5,5,9,30,899,1039
2019,5,5,10,30,464,842
2019,5,5,11,30,898,926
2019,5,5,12,30,810,761
2019,5,5,13,30,473,471
2019,5,5,14,30,0,56
2019,5,5,15,30,250,113
2019,5,5,16,30,0,0
2019,5,5,17,30,0,0
2019,5,5,18,30,0,0
2019,5,5,19,30,0,0
2019,5,5,20,30,0,0
2019,5,5,21,30,0,0
2019,5,5,22,30,0,0
2019,5,5,23,30,0,0
2019,5,6,0,30,0,0
2019,5,6,1,30,0,0
2019,5,6,2,30,0,0
2019,5,6,3,30,20,47
2019,5,6,4,30,197,231
2019,5,6,5,30,354,443
2019,5,6,6,30,446,634
2019,5,6,7,30,510,790
2019,5,6,8,30,585,900
2019,5,6,9,30,523,907
2019,5,6,10,30,106,573
2019,5,6,11,30,61,452
2019,5,6,12,30,1,149
2019,5,6,13,30,130,334
2019,5,6,14,30,0,104
2019,5,6,15,30,0,8
2019,5,6,16,30,0,0
2019,5,6,17,30,0,0
2019,5,6,18,30,0,0
2019,5,6,19,30,0,0
2019,5,6,20,30,0,0
2019,5,6,21,30,0,0
2019,5,6,22,30,0,0
2019,5,6,23,30,0,0
2019,5,7,0,30,0,0
2019,5,7,1,30,0,0
2019,5,7,2,30,0,0
2019,5,7,3,30,0,6
2019,5,7,4,30,0,23
2019,5,7,5,30,53,247
2019,5,7,6,30,166,452
2019,5,7,7,30,754,855
2019,5,7,8,30,817,973
2019,5,7,9,30,725,991
2019,5,7,10,30,765,980
2019,5,7,11,30,776,899
2019,5,7,12,30,676,736
2019,5,7,13,30,667,557
2019,5,7,14,30,572,340
2019,5,7,15,30,334,125
2019,5,7,16,30,0,0
2019,5,7,17,30,0,0
2019,5,7,18,30,0,0
2019,5,7,19,30,0,0
2019,5,7,20,30,0,0
2019,5,7,21,30,0,0
2019,5,7,22,30,0,0
2019,5,7,23,30,0,0
2019,5,8,0,30,0,0
2019,5,8,1,30,0,0
2019,5,8,2,30,0,0
2019,5,8,3,30,284,82
2019,5,8,4,30,623,296
2019,5,8,5,30,789,527
2019,5,8,6,30,871,734
2019,5,8,7,30,918,900
2019,5,8,8,30,942,1008
2019,5,8,9,30,894,1036
2019,5,8,10,30,901,1014
2019,5,8,11,30,881,921
2019,5,8,12,30,844,770
2019,5,8,13,30,767,573
2019,5,8,14,30,618,345
2019,5,8,15,30,344,126
2019,5,8,16,30,0,0
2019,5,8,17,30,0,0
2019,5,8,18,30,0,0
2019,5,8,19,30,0,0
2019,5,8,20,30,0,0
2019,5,8,21,30,0,0
2019,5,8,22,30,0,0
2019,5,8,23,30,0,0
2019,5,9,0,30,0,0
2019,5,9,1,30,0,0
2019,5,9,2,30,0,0
2019,5,9,3,30,229,81
2019,5,9,4,30,0,23
2019,5,9,5,30,732,518
2019,5,9,6,30,185,467
2019,5,9,7,30,882,889
2019,5,9,8,30,301,734
2019,5,9,9,30,900,1034
2019,5,9,10,30,272,728
2019,5,9,11,30,221,625
2019,5,9,12,30,809,762
2019,5,9,13,30,757,570
2019,5,9,14,30,644,350
2019,5,9,15,30,401,131
2019,5,9,16,30,0,0
2019,5,9,17,30,0,0
2019,5,9,18,30,0,0
2019,5,9,19,30,0,0
2019,5,9,20,30,0,0
2019,5,9,21,30,0,0
2019,5,9,22,30,0,0
2019,5,9,23,30,0,0
2019,5,10,0,30,0,0
2019,5,10,1,30,0,0
2019,5,10,2,30,0,0
2019,5,10,3,30,320,88
2019,5,10,4,30,629,299
2019,5,10,5,30,782,527
2019,5,10,6,30,864,732
2019,5,10,7,30,910,893
2019,5,10,8,30,937,1001
2019,5,10,9,30,939,1042
2019,5,10,10,30,933,1016
2019,5,10,11,30,913,924
2019,5,10,12,30,872,773
2019,5,10,13,30,804,576
2019,5,10,14,30,686,355
2019,5,10,15,30,443,135
2019,5,10,16,30,0,0
2019,5,10,17,30,0,0
2019,5,10,18,30,0,0
2019,5,10,19,30,0,0
2019,5,10,20,30,0,0
2019,5,10,21,30,0,0
2019,5,10,22,30,0,0
2019,5,10,23,30,0,0
2019,5,11,0,30,0,0
2019,5,11,1,30,0,0
2019,5,11,2,30,0,0
2019,5,11,3,30,395,93
2019,5,11,4,30,681,306
2019,5,11,5,30,816,533
2019,5,11,6,30,887,738
2019,5,11,7,30,928,900
2019,5,11,8,30,950,1007
2019,5,11,9,30,969,1052
2019,5,11,10,30,963,1023
2019,5,11,11,30,946,932
2019,5,11,12,30,884,775
2019,5,11,13,30,821,581
2019,5,11,14,30,701,358
2019,5,11,15,30,459,138
2019,5,11,16,30,0,0
2019,5,11,17,30,0,0
2019,5,11,18,30,0,0
2019,5,11,19,30,0,0
2019,5,11,20,30,0,0
2019,5,11,21,30,0,0
2019,5,11,22,30,0,0
2019,5,11,23,30,0,0
2019,5,12,0,30,0,0
2019,5,12,1,30,0,0
2019,5,12,2,30,0,0
2019,5,12,3,30,369,93
2019,5,12,4,30,655,305
2019,5,12,5,30,787,529
2019,5,12,6,30,859,731
2019,5,12,7,30,899,893
2019,5,12,8,30,920,999
2019,5,12,9,30,880,1028
2019,5,12,10,30,873,1001
2019,5,12,11,30,851,910
2019,5,12,12,30,779,754
2019,5,12,13,30,703,560
2019,5,12,14,30,571,342
2019,5,12,15,30,320,128
2019,5,12,16,30,0,0
2019,5,12,17,30,0,0
2019,5,12,18,30,0,0
2019,5,12,19,30,0,0
2019,5,12,20,30,0,0
2019,5,12,21,30,0,0
2019,5,12,22,30,0,0
2019,5,12,23,30,0,0
2019,5,13,0,30,0,0
2019,5,13,1,30,0,0
2019,5,13,2,30,0,0
2019,5,13,3,30,311,91
2019,5,13,4,30,610,302
2019,5,13,5,30,755,527
2019,5,13,6,30,835,731
2019,5,13,7,30,881,894
2019,5,13,8,30,906,1000
2019,5,13,9,30,946,1050
2019,5,13,10,30,939,1024
2019,5,13,11,30,915,929
2019,5,13,12,30,871,778
2019,5,13,13,30,799,582
2019,5,13,14,30,675,360
2019,5,13,15,30,429,140
2019,5,13,16,30,0,0
2019,5,13,17,30,0,0
2019,5,13,18,30,0,0
2019,5,13,19,30,0,0
2019,5,13,20,30,0,0
2019,5,13,21,30,0,0
2019,5,13,22,30,0,0
2019,5,13,23,30,0,0
2019,5,14,0,30,0,0
2019,5,14,1,30,0,0
2019,5,14,2,30,0,0
2019,5,14,3,30,321,94
2019,5,14,4,30,617,306
2019,5,14,5,30,760,531
2019,5,14,6,30,838,735
2019,5,14,7,30,882,897
2019,5,14,8,30,905,1003
2019,5,14,9,30,871,1034
2019,5,14,10,30,857,1006
2019,5,14,11,30,826,912
2019,5,14,12,30,760,757
2019,5,14,13,30,660,558
2019,5,14,14,30,494,335
2019,5,14,15,30,0,8
2019,5,14,16,30,0,0
2019,5,14,17,30,0,0
2019,5,14,18,30,0,0
2019,5,14,19,30,0,0
2019,5,14,20,30,0,0
2019,5,14,21,30,0,0
2019,5,14,22,30,0,0
2019,5,14,23,30,0,0
2019,5,15,0,30,0,0
2019,5,15,1,30,0,0
2019,5,15,2,30,0,0
2019,5,15,3,30,193,86
2019,5,15,4,30,469,287
2019,5,15,5,30,611,502
2019,5,15,6,30,690,699
2019,5,15,7,30,736,856
2019,5,15,8,30,759,959
2019,5,15,9,30,811,1012
2019,5,15,10,30,798,984
2019,5,15,11,30,765,891
2019,5,15,12,30,708,742
2019,5,15,13,30,619,550
2019,5,15,14,30,471,334
2019,5,15,15,30,225,126
2019,5,15,16,30,0,0
2019,5,15,17,30,0,0
2019,5,15,18,30,0,0
2019,5,15,19,30,0,0
2019,5,15,20,30,0,0
2019,5,15,21,30,0,0
2019,5,15,22,30,0,0
2019,5,15,23,30,0,0
2019,5,16,0,30,0,0
2019,5,16,1,30,0,0
2019,5,16,2,30,0,0
2019,5,16,3,30,98,79
2019,5,16,4,30,355,277
2019,5,16,5,30,520,491
2019,5,16,6,30,623,690
2019,5,16,7,30,690,850
2019,5,16,8,30,735,959
2019,5,16,9,30,708,988
2019,5,16,10,30,721,968
2019,5,16,11,30,709,878
2019,5,16,12,30,715,744
2019,5,16,13,30,624,551
2019,5,16,14,30,472,336
2019,5,16,15,30,217,127
2019,5,16,16,30,0,0
2019,5,16,17,30,0,0
2019,5,16,18,30,0,0
2019,5,16,19,30,0,0
2019,5,16,20,30,0,0
2019,5,16,21,30,0,0
2019,5,16,22,30,0,0
2019,5,16,23,30,0,0
2019,5,17,0,30,0,0
2019,5,17,1,30,0,0
2019,5,17,2,30,0,0
2019,5,17,3,30,113,81
2019,5,17,4,30,387,280
2019,5,17,5,30,548,496
2019,5,17,6,30,627,689
2019,5,17,7,30,659,841
2019,5,17,8,30,663,936
2019,5,17,9,30,586,952
2019,5,17,10,30,577,925
2019,5,17,11,30,552,838
2019,5,17,12,30,622,721
2019,5,17,13,30,550,536
2019,5,17,14,30,412,325
2019,5,17,15,30,181,122
2019,5,17,16,30,0,0
2019,5,17,17,30,0,0
2019,5,17,18,30,0,0
2019,5,17,19,30,0,0
2019,5,17,20,30,0,0
2019,5,17,21,30,0,0
2019,5,17,22,30,0,0
2019,5,17,23,30,0,0
2019,5,18,0,30,0,0
2019,5,18,1,30,0,0
2019,5,18,2,30,0,0
2019,5,18,3,30,408,107
2019,5,18,4,30,697,326
2019,5,18,5,30,815,552
2019,5,18,6,30,860,751
2019,5,18,7,30,871,906
2019,5,18,8,30,859,1000
2019,5,18,9,30,801,1024
2019,5,18,10,30,774,993
2019,5,18,11,30,736,897
2019,5,18,12,30,567,723
2019,5,18,13,30,469,532
2019,5,18,14,30,328,321
2019,5,18,15,30,117,118
2019,5,18,16,30,0,0
2019,5,18,17,30,0,0
2019,5,18,18,30,0,0
2019,5,18,19,30,0,0
2019,5,18,20,30,0,0
2019,5,18,21,30,0,0
2019,5,18,22,30,0,0
2019,5,18,23,30,0,0
2019,5,19,0,30,0,0
2019,5,19,1,30,0,0
2019,5,19,2,30,0,0
2019,5,19,3,30,269,98
2019,5,19,4,30,585,311
2019,5,19,5,30,749,537
2019,5,19,6,30,840,743
2019,5,19,7,30,893,907
2019,5,19,8,30,920,1012
2019,5,19,9,30,948,1059
2019,5,19,10,30,946,1034
2019,5,19,11,30,930,943
2019,5,19,12,30,883,792
2019,5,19,13,30,818,597
2019,5,19,14,30,700,375
2019,5,19,15,30,468,154
2019,5,19,16,30,0,0
2019,5,19,17,30,0,0
2019,5,19,18,30,0,0
2019,5,19,19,30,0,0
2019,5,19,20,30,0,0
2019,5,19,21,30,0,0
2019,5,19,22,30,0,0
2019,5,19,23,30,0,0
2019,5,20,0,30,0,0
2019,5,20,1,30,0,0
2019,5,20,2,30,0,0
2019,5,20,3,30,344,103
2019,5,20,4,30,633,315
2019,5,20,5,30,765,536
2019,5,20,6,30,823,733
2019,5,20,7,30,845,887
2019,5,20,8,30,847,987
2019,5,20,9,30,852,1027
2019,5,20,10,30,834,996
2019,5,20,11,30,807,905
2019,5,20,12,30,665,735
2019,5,20,13,30,582,547
2019,5,20,14,30,445,335
2019,5,20,15,30,205,130
2019,5,20,16,30,0,0
2019,5,20,17,30,0,0
2019,5,20,18,30,0,0
2019,5,20,19,30,0,0
2019,5,20,20,30,0,0
2019,5,20,21,30,0,0
2019,5,20,22,30,0,0
2019,5,20,23,30,0,0
2019,5,21,0,30,0,0
2019,5,21,1,30,0,0
2019,5,21,2,30,0,0
2019,5,21,3,30,199,92
2019,5,21,4,30,470,292
2019,5,21,5,30,623,507
2019,5,21,6,30,720,706
2019,5,21,7,30,779,865
2019,5,21,8,30,807,969
2019,5,21,9,30,710,982
2019,5,21,10,30,705,957
2019,5,21,11,30,688,871
2019,5,21,12,30,624,724
2019,5,21,13,30,549,539
2019,5,21,14,30,417,330
2019,5,21,15,30,187,127
2019,5,21,16,30,0,0
2019,5,21,17,30,0,0
2019,5,21,18,30,0,0
2019,5,21,19,30,0,0
2019,5,21,20,30,0,0
2019,5,21,21,30,0,0
2019,5,21,22,30,0,0
2019,5,21,23,30,0,0
2019,5,22,0,30,0,0
2019,5,22,1,30,0,0
2019,5,22,2,30,0,0
2019,5,22,3,30,146,90
2019,5,22,4,30,413,288
2019,5,22,5,30,565,502
2019,5,22,6,30,654,697
2019,5,22,7,30,708,854
2019,5,22,8,30,736,957
2019,5,22,9,30,723,992
2019,5,22,10,30,712,966
2019,5,22,11,30,680,876
2019,5,22,12,30,613,726
2019,5,22,13,30,502,534
2019,5,22,14,30,331,321
2019,5,22,15,30,101,118
2019,5,22,16,30,0,0
2019,5,22,17,30,0,0
2019,5,22,18,30,0,0
2019,5,22,19,30,0,0
2019,5,22,20,30,0,0
2019,5,22,21,30,0,0
2019,5,22,22,30,0,0
2019,5,22,23,30,0,0
2019,5,23,0,30,0,0
2019,5,23,1,30,0,0
2019,5,23,2,30,0,0
2019,5,23,3,30,30,69
2019,5,23,4,30,208,258
2019,5,23,5,30,368,465
2019,5,23,6,30,478,657
2019,5,23,7,30,550,815
2019,5,23,8,30,593,918
2019,5,23,9,30,518,937
2019,5,23,10,30,531,918
2019,5,23,11,30,524,837
2019,5,23,12,30,516,706
2019,5,23,13,30,450,526
2019,5,23,14,30,325,322
2019,5,23,15,30,121,123
2019,5,23,16,30,0,0
2019,5,23,17,30,0,0
2019,5,23,18,30,0,0
2019,5,23,19,30,0,0
2019,5,23,20,30,0,0
2019,5,23,21,30,0,0
2019,5,23,22,30,0,0
2019,5,23,23,30,0,0
2019,5,24,0,30,0,0
2019,5,24,1,30,0,0
2019,5,24,2,30,0,0
2019,5,24,3,30,65,81
2019,5,24,4,30,237,226
2019,5,24,5,30,196,354
2019,5,24,6,30,335,560
2019,5,24,7,30,623,830
2019,5,24,8,30,528,883
2019,5,24,9,30,529,924
2019,5,24,10,30,448,850
2019,5,24,11,30,216,631
2019,5,24,12,30,255,552
2019,5,24,13,30,316,442
2019,5,24,14,30,364,331
2019,5,24,15,30,138,128
2019,5,24,16,30,0,0
2019,5,24,17,30,0,0
2019,5,24,18,30,0,0
2019,5,24,19,30,0,0
2019,5,24,20,30,0,0
2019,5,24,21,30,0,0
2019,5,24,22,30,0,0
2019,5,24,23,30,0,0
2019,5,25,0,30,0,0
2019,5,25,1,30,0,0
2019,5,25,2,30,0,0
2019,5,25,3,30,72,83
2019,5,25,4,30,0,74
2019,5,25,5,30,472,483
2019,5,25,6,30,578,675
2019,5,25,7,30,443,727
2019,5,25,8,30,686,935
2019,5,25,9,30,694,974
2019,5,25,10,30,556,910
2019,5,25,11,30,507,799
2019,5,25,12,30,364,608
2019,5,25,13,30,322,502
2019,5,25,14,30,168,297
2019,5,25,15,30,29,100
2019,5,25,16,30,0,0
2019,5,25,17,30,0,0
2019,5,25,18,30,0,0
2019,5,25,19,30,0,0
2019,5,25,20,30,0,0
2019,5,25,21,30,0,0
2019,5,25,22,30,0,0
2019,5,25,23,30,0,0
2019,5,26,0,30,0,0
2019,5,26,1,30,0,0
2019,5,26,2,30,0,0
2019,5,26,3,30,78,85
2019,5,26,4,30,339,284
2019,5,26,5,30,523,499
2019,5,26,6,30,634,697
2019,5,26,7,30,708,858
2019,5,26,8,30,694,939
2019,5,26,9,30,689,991
2019,5,26,10,30,679,966
2019,5,26,11,30,459,767
2019,5,26,12,30,610,737
2019,5,26,13,30,543,552
2019,5,26,14,30,417,344
2019,5,26,15,30,0,63
2019,5,26,16,30,0,0
2019,5,26,17,30,0,0
2019,5,26,18,30,0,0
2019,5,26,19,30,0,0
2019,5,26,20,30,0,0
2019,5,26,21,30,0,0
2019,5,26,22,30,0,0
2019,5,26,23,30,0,0
2019,5,27,0,30,0,0
2019,5,27,1,30,0,0
2019,5,27,2,30,0,0
2019,5,27,3,30,68,68
2019,5,27,4,30,553,312
2019,5,27,5,30,429,441
2019,5,27,6,30,771,726
2019,5,27,7,30,820,884
2019,5,27,8,30,847,989
2019,5,27,9,30,833,1024
2019,5,27,10,30,834,1004
2019,5,27,11,30,808,914
2019,5,27,12,30,688,754
2019,5,27,13,30,615,565
2019,5,27,14,30,487,351
2019,5,27,15,30,252,143
2019,5,27,16,30,0,0
2019,5,27,17,30,0,0
2019,5,27,18,30,0,0
2019,5,27,19,30,0,0
2019,5,27,20,30,0,0
2019,5,27,21,30,0,0
2019,5,27,22,30,0,0
2019,5,27,23,30,0,0
2019,5,28,0,30,0,0
2019,5,28,1,30,0,0
2019,5,28,2,30,0,0
2019,5,28,3,30,133,94
2019,5,28,4,30,398,290
2019,5,28,5,30,568,504
2019,5,28,6,30,672,701
2019,5,28,7,30,737,861
2019,5,28,8,30,774,966
2019,5,28,9,30,719,991
2019,5,28,10,30,716,968
2019,5,28,11,30,692,881
2019,5,28,12,30,651,739
2019,5,28,13,30,567,553
2019,5,28,14,30,427,344
2019,5,28,15,30,199,140
2019,5,28,16,30,0,0
2019,5,28,17,30,0,0
2019,5,28,18,30,0,0
2019,5,28,19,30,0,0
2019,5,28,20,30,0,0
2019,5,28,21,30,0,0
2019,5,28,22,30,0,0
2019,5,28,23,30,0,0
2019,5,29,0,30,0,0
2019,5,29,1,30,0,0
2019,5,29,2,30,0,0
2019,5,29,3,30,188,98
2019,5,29,4,30,450,295
2019,5,29,5,30,605,508
2019,5,29,6,30,694,702
2019,5,29,7,30,745,857
2019,5,29,8,30,768,958
2019,5,29,9,30,812,1010
2019,5,29,10,30,799,984
2019,5,29,11,30,769,895
2019,5,29,12,30,685,744
2019,5,29,13,30,592,559
2019,5,29,14,30,445,349
2019,5,29,15,30,212,143
2019,5,29,16,30,0,3
2019,5,29,17,30,0,0
2019,5,29,18,30,0,0
2019,5,29,19,30,0,0
2019,5,29,20,30,0,0
2019,5,29,21,30,0,0
2019,5,29,22,30,0,0
2019,5,29,23,30,0,0
2019,5,30,0,30,0,0
2019,5,30,1,30,0,0
2019,5,30,2,30,0,0
2019,5,30,3,30,156,93
2019,5,30,4,30,410,288
2019,5,30,5,30,568,497
2019,5,30,6,30,665,692
2019,5,30,7,30,725,849
2019,5,30,8,30,756,955
2019,5,30,9,30,759,994
2019,5,30,10,30,748,969
2019,5,30,11,30,716,879
2019,5,30,12,30,636,730
2019,5,30,13,30,549,546
2019,5,30,14,30,408,339
2019,5,30,15,30,188,139
2019,5,30,16,30,0,3
2019,5,30,17,30,0,0
2019,5,30,18,30,0,0
2019,5,30,19,30,0,0
2019,5,30,20,30,0,0
2019,5,30,21,30,0,0
2019,5,30,22,30,0,0
2019,5,30,23,30,0,0
2019,5,31,0,30,0,0
2019,5,31,1,30,0,0
2019,5,31,2,30,0,0
2019,5,31,3,30,100,88
2019,5,31,4,30,332,279
2019,5,31,5,30,490,487
2019,5,31,6,30,586,678
2019,5,31,7,30,643,831
2019,5,31,8,30,673,932
2019,5,31,9,30,692,974
2019,5,31,10,30,679,949
2019,5,31,11,30,643,859
2019,5,31,12,30,548,685
2019,5,31,13,30,502,539
2019,5,31,14,30,364,338
2019,5,31,15,30,154,138
2019,5,31,16,30,0,3
2019,5,31,17,30,0,0
2019,5,31,18,30,0,0
2019,5,31,19,30,0,0
2019,5,31,20,30,0,0
2019,5,31,21,30,0,0
2019,5,31,22,30,0,0
2019,5,31,23,30,0,0
2019,6,1,0,30,0,0
2019,6,1,1,30,0,0
2019,6,1,2,30,0,0
2019,6,1,3,30,140,96
2019,6,1,4,30,402,291
2019,6,1,5,30,566,504
2019,6,1,6,30,664,698
2019,6,1,7,30,723,854
2019,6,1,8,30,756,958
2019,6,1,9,30,706,984
2019,6,1,10,30,707,965
2019,6,1,11,30,687,880
2019,6,1,12,30,629,737
2019,6,1,13,30,546,555
2019,6,1,14,30,415,350
2019,6,1,15,30,203,147
2019,6,1,16,30,0,5
2019,6,1,17,30,0,0
2019,6,1,18,30,0,0
2019,6,1,19,30,0,0
2019,6,1,20,30,0,0
2019,6,1,21,30,0,0
2019,6,1,22,30,0,0
2019,6,1,23,30,0,0
2019,6,2,0,30,0,0
2019,6,2,1,30,0,0
2019,6,2,2,30,0,0
2019,6,2,3,30,137,96
2019,6,2,4,30,394,292
2019,6,2,5,30,556,504
2019,6,2,6,30,655,698
2019,6,2,7,30,714,854
2019,6,2,8,30,745,957
2019,6,2,9,30,765,1001
2019,6,2,10,30,760,980
2019,6,2,11,30,732,893
2019,6,2,12,30,656,747
2019,6,2,13,30,567,561
2019,6,2,14,30,428,353
2019,6,2,15,30,207,149
2019,6,2,16,30,0,5
2019,6,2,17,30,0,0
2019,6,2,18,30,0,0
2019,6,2,19,30,0,0
2019,6,2,20,30,0,0
2019,6,2,21,30,0,0
2019,6,2,22,30,0,0
2019,6,2,23,30,0,0
2019,6,3,0,30,0,0
2019,6,3,1,30,0,0
2019,6,3,2,30,0,0
2019,6,3,3,30,134,96
2019,6,3,4,30,392,292
2019,6,3,5,30,556,502
2019,6,3,6,30,658,697
2019,6,3,7,30,718,853
2019,6,3,8,30,748,956
2019,6,3,9,30,766,1000
2019,6,3,10,30,748,972
2019,6,3,11,30,712,884
2019,6,3,12,30,602,729
2019,6,3,13,30,499,545
2019,6,3,14,30,348,339
2019,6,3,15,30,133,138
2019,6,3,16,30,0,2
2019,6,3,17,30,0,0
2019,6,3,18,30,0,0
2019,6,3,19,30,0,0
2019,6,3,20,30,0,0
2019,6,3,21,30,0,0
2019,6,3,22,30,0,0
2019,6,3,23,30,0,0
2019,6,4,0,30,0,0
2019,6,4,1,30,0,0
2019,6,4,2,30,0,0
2019,6,4,3,30,0,7
2019,6,4,4,30,265,273
2019,6,4,5,30,428,478
2019,6,4,6,30,533,666
2019,6,4,7,30,598,808
2019,6,4,8,30,636,921
2019,6,4,9,30,704,976
2019,6,4,10,30,694,952
2019,6,4,11,30,661,867
2019,6,4,12,30,563,718
2019,6,4,13,30,463,536
2019,6,4,14,30,311,333
2019,6,4,15,30,106,134
2019,6,4,16,30,0,2
2019,6,4,17,30,0,0
2019,6,4,18,30,0,0
2019,6,4,19,30,0,0
2019,6,4,20,30,0,0
2019,6,4,21,30,0,0
2019,6,4,22,30,0,0
2019,6,4,23,30,0,0
2019,6,5,0,30,0,0
2019,6,5,1,30,0,0
2019,6,5,2,30,0,0
2019,6,5,3,30,0,6
2019,6,5,4,30,154,206
2019,6,5,5,30,224,370
2019,6,5,6,30,494,657
2019,6,5,7,30,556,806
2019,6,5,8,30,590,906
2019,6,5,9,30,672,963
2019,6,5,10,30,656,939
2019,6,5,11,30,612,852
2019,6,5,12,30,327,599
2019,6,5,13,30,410,528
2019,6,5,14,30,286,331
2019,6,5,15,30,115,138
2019,6,5,16,30,0,3
2019,6,5,17,30,0,0
2019,6,5,18,30,0,0
2019,6,5,19,30,0,0
2019,6,5,20,30,0,0
2019,6,5,21,30,0,0
2019,6,5,22,30,0,0
2019,6,5,23,30,0,0
2019,6,6,0,30,0,0
2019,6,6,1,30,0,0
2019,6,6,2,30,0,0
2019,6,6,3,30,43,80
2019,6,6,4,30,233,268
2019,6,6,5,30,407,473
2019,6,6,6,30,502,657
2019,6,6,7,30,550,803
2019,6,6,8,30,570,897
2019,6,6,9,30,109,603
2019,6,6,10,30,648,934
2019,6,6,11,30,606,848
2019,6,6,12,30,113,456
2019,6,6,13,30,0,148
2019,6,6,14,30,299,333
2019,6,6,15,30,114,137
2019,6,6,16,30,0,3
2019,6,6,17,30,0,0
2019,6,6,18,30,0,0
2019,6,6,19,30,0,0
2019,6,6,20,30,0,0
2019,6,6,21,30,0,0
2019,6,6,22,30,0,0
2019,6,6,23,30,0,0
2019,6,7,0,30,0,0
2019,6,7,1,30,0,0
2019,6,7,2,30,0,0
2019,6,7,3,30,87,90
2019,6,7,4,30,303,278
2019,6,7,5,30,454,480
2019,6,7,6,30,549,668
2019,6,7,7,30,608,819
2019,6,7,8,30,642,920
2019,6,7,9,30,747,983
2019,6,7,10,30,742,963
2019,6,7,11,30,720,881
2019,6,7,12,30,678,745
2019,6,7,13,30,599,564
2019,6,7,14,30,470,360
2019,6,7,15,30,254,157
2019,6,7,16,30,4,10
2019,6,7,17,30,0,0
2019,6,7,18,30,0,0
2019,6,7,19,30,0,0
2019,6,7,20,30,0,0
2019,6,7,21,30,0,0
2019,6,7,22,30,0,0
2019,6,7,23,30,0,0
2019,6,8,0,30,0,0
2019,6,8,1,30,0,0
2019,6,8,2,30,0,0
2019,6,8,3,30,101,92
2019,6,8,4,30,0,94
2019,6,8,5,30,488,487
2019,6,8,6,30,594,678
2019,6,8,7,30,662,832
2019,6,8,8,30,702,936
2019,6,8,9,30,655,966
2019,6,8,10,30,659,947
2019,6,8,11,30,643,867
2019,6,8,12,30,574,726
2019,6,8,13,30,504,551
2019,6,8,14,30,383,350
2019,6,8,15,30,187,152
2019,6,8,16,30,1,7
2019,6,8,17,30,0,0
2019,6,8,18,30,0,0
2019,6,8,19,30,0,0
2019,6,8,20,30,0,0
2019,6,8,21,30,0,0
2019,6,8,22,30,0,0
2019,6,8,23,30,0,0
2019,6,9,0,30,0,0
2019,6,9,1,30,0,0
2019,6,9,2,30,0,0
2019,6,9,3,30,147,100
2019,6,9,4,30,406,295
2019,6,9,5,30,576,507
2019,6,9,6,30,678,702
2019,6,9,7,30,738,861
2019,6,9,8,30,772,965
2019,6,9,9,30,829,1019
2019,6,9,10,30,823,999
2019,6,9,11,30,797,914
2019,6,9,12,30,746,771
2019,6,9,13,30,670,585
2019,6,9,14,30,546,376
2019,6,9,15,30,328,167
2019,6,9,16,30,12,13
2019,6,9,17,30,0,0
2019,6,9,18,30,0,0
2019,6,9,19,30,0,0
2019,6,9,20,30,0,0
2019,6,9,21,30,0,0
2019,6,9,22,30,0,0
2019,6,9,23,30,0,0
2019,6,10,0,30,0,0
2019,6,10,1,30,0,0
2019,6,10,2,30,0,0
2019,6,10,3,30,208,104
2019,6,10,4,30,477,304
2019,6,10,5,30,626,516
2019,6,10,6,30,715,710
2019,6,10,7,30,775,871
2019,6,10,8,30,811,977
2019,6,10,9,30,831,1025
2019,6,10,10,30,824,1002
2019,6,10,11,30,799,917
2019,6,10,12,30,683,760
2019,6,10,13,30,590,575
2019,6,10,14,30,454,367
2019,6,10,15,30,238,161
2019,6,10,16,30,3,10
2019,6,10,17,30,0,0
2019,6,10,18,30,0,0
2019,6,10,19,30,0,0
2019,6,10,20,30,0,0
2019,6,10,21,30,0,0
2019,6,10,22,30,0,0
2019,6,10,23,30,0,0
2019,6,11,0,30,0,0
2019,6,11,1,30,0,0
2019,6,11,2,30,0,0
2019,6,11,3,30,188,102
2019,6,11,4,30,448,298
2019,6,11,5,30,604,510
2019,6,11,6,30,697,704
2019,6,11,7,30,752,860
2019,6,11,8,30,782,964
2019,6,11,9,30,765,1000
2019,6,11,10,30,760,981
2019,6,11,11,30,734,896
2019,6,11,12,30,757,772
2019,6,11,13,30,678,588
2019,6,11,14,30,544,377
2019,6,11,15,30,314,168
2019,6,11,16,30,9,13
2019,6,11,17,30,0,0
2019,6,11,18,30,0,0
2019,6,11,19,30,0,0
2019,6,11,20,30,0,0
2019,6,11,21,30,0,0
2019,6,11,22,30,0,0
2019,6,11,23,30,0,0
2019,6,12,0,30,0,0
2019,6,12,1,30,0,0
2019,6,12,2,30,0,0
2019,6,12,3,30,188,103
2019,6,12,4,30,458,299
2019,6,12,5,30,625,512
2019,6,12,6,30,726,708
2019,6,12,7,30,792,868
2019,6,12,8,30,834,977
2019,6,12,9,30,800,1011
2019,6,12,10,30,792,987
2019,6,12,11,30,772,906
2019,6,12,12,30,698,762
2019,6,12,13,30,630,582
2019,6,12,14,30,519,376
2019,6,12,15,30,325,171
2019,6,12,16,30,20,15
2019,6,12,17,30,0,0
2019,6,12,18,30,0,0
2019,6,12,19,30,0,0
2019,6,12,20,30,0,0
2019,6,12,21,30,0,0
2019,6,12,22,30,0,0
2019,6,12,23,30,0,0
2019,6,13,0,30,0,0
2019,6,13,1,30,0,0
2019,6,13,2,30,0,0
2019,6,13,3,30,268,110
2019,6,13,4,30,546,310
2019,6,13,5,30,705,524
2019,6,13,6,30,789,718
2019,6,13,7,30,829,872
2019,6,13,8,30,845,974
2019,6,13,9,30,820,1009
2019,6,13,10,30,811,986
2019,6,13,11,30,791,905
2019,6,13,12,30,768,770
2019,6,13,13,30,711,592
2019,6,13,14,30,607,386
2019,6,13,15,30,406,178
2019,6,13,16,30,37,18
2019,6,13,17,30,0,0
2019,6,13,18,30,0,0
2019,6,13,19,30,0,0
2019,6,13,20,30,0,0
2019,6,13,21,30,0,0
2019,6,13,22,30,0,0
2019,6,13,23,30,0,0
2019,6,14,0,30,0,0
2019,6,14,1,30,0,0
2019,6,14,2,30,0,0
2019,6,14,3,30,247,107
2019,6,14,4,30,518,305
2019,6,14,5,30,672,517
2019,6,14,6,30,760,710
2019,6,14,7,30,810,865
2019,6,14,8,30,839,968
2019,6,14,9,30,858,1014
2019,6,14,10,30,374,796
2019,6,14,11,30,260,671
2019,6,14,12,30,715,758
2019,6,14,13,30,635,576
2019,6,14,14,30,510,372
2019,6,14,15,30,308,169
2019,6,14,16,30,20,16
2019,6,14,17,30,0,0
2019,6,14,18,30,0,0
2019,6,14,19,30,0,0
2019,6,14,20,30,0,0
2019,6,14,21,30,0,0
2019,6,14,22,30,0,0
2019,6,14,23,30,0,0
2019,6,15,0,30,0,0
2019,6,15,1,30,0,0
2019,6,15,2,30,0,0
2019,6,15,3,30,210,105
2019,6,15,4,30,463,301
2019,6,15,5,30,616,512
2019,6,15,6,30,708,706
2019,6,15,7,30,762,860
2019,6,15,8,30,792,964
2019,6,15,9,30,850,1019
2019,6,15,10,30,841,996
2019,6,15,11,30,819,913
2019,6,15,12,30,813,782
2019,6,15,13,30,747,600
2019,6,15,14,30,637,392
2019,6,15,15,30,444,184
2019,6,15,16,30,72,21
2019,6,15,17,30,0,0
2019,6,15,18,30,0,0
2019,6,15,19,30,0,0
2019,6,15,20,30,0,0
2019,6,15,21,30,0,0
2019,6,15,22,30,0,0
2019,6,15,23,30,0,0
2019,6,16,0,30,0,0
2019,6,16,1,30,0,0
2019,6,16,2,30,0,0
2019,6,16,3,30,245,106
2019,6,16,4,30,496,302
2019,6,16,5,30,639,512
2019,6,16,6,30,724,704
2019,6,16,7,30,774,859
2019,6,16,8,30,803,963
2019,6,16,9,30,775,996
2019,6,16,10,30,756,973
2019,6,16,11,30,724,889
2019,6,16,12,30,681,752
2019,6,16,13,30,613,574
2019,6,16,14,30,504,373
2019,6,16,15,30,315,171
2019,6,16,16,30,22,17
2019,6,16,17,30,0,0
2019,6,16,18,30,0,0
2019,6,16,19,30,0,0
2019,6,16,20,30,0,0
2019,6,16,21,30,0,0
2019,6,16,22,30,0,0
2019,6,16,23,30,0,0
2019,6,17,0,30,0,0
2019,6,17,1,30,0,0
2019,6,17,2,30,0,0
2019,6,17,3,30,285,108
2019,6,17,4,30,548,307
2019,6,17,5,30,687,518
2019,6,17,6,30,765,710
2019,6,17,7,30,809,866
2019,6,17,8,30,828,969
2019,6,17,9,30,827,1010
2019,6,17,10,30,808,987
2019,6,17,11,30,776,903
2019,6,17,12,30,607,742
2019,6,17,13,30,525,565
2019,6,17,14,30,407,361
2019,6,17,15,30,225,163
2019,6,17,16,30,11,13
2019,6,17,17,30,0,0
2019,6,17,18,30,0,0
2019,6,17,19,30,0,0
2019,6,17,20,30,0,0
2019,6,17,21,30,0,0
2019,6,17,22,30,0,0
2019,6,17,23,30,0,0
2019,6,18,0,30,0,0
2019,6,18,1,30,0,0
2019,6,18,2,30,0,0
2019,6,18,3,30,245,105
2019,6,18,4,30,514,302
2019,6,18,5,30,669,514
2019,6,18,6,30,760,709
2019,6,18,7,30,818,868
2019,6,18,8,30,851,974
2019,6,18,9,30,856,1019
2019,6,18,10,30,853,1002
2019,6,18,11,30,834,920
2019,6,18,12,30,794,783
2019,6,18,13,30,733,604
2019,6,18,14,30,627,397
2019,6,18,15,30,431,185
2019,6,18,16,30,63,22
2019,6,18,17,30,0,0
2019,6,18,18,30,0,0
2019,6,18,19,30,0,0
2019,6,18,20,30,0,0
2019,6,18,21,30,0,0
2019,6,18,22,30,0,0
2019,6,18,23,30,0,0
2019,6,19,0,30,0,0
2019,6,19,1,30,0,0
2019,6,19,2,30,0,0
2019,6,19,3,30,359,114
2019,6,19,4,30,618,319
2019,6,19,5,30,748,535
2019,6,19,6,30,814,728
2019,6,19,7,30,841,880
2019,6,19,8,30,853,980
2019,6,19,9,30,881,1030
2019,6,19,10,30,879,1013
2019,6,19,11,30,863,931
2019,6,19,12,30,769,780
2019,6,19,13,30,684,595
2019,6,19,14,30,538,383
2019,6,19,15,30,318,174
2019,6,19,16,30,26,19
2019,6,19,17,30,0,0
2019,6,19,18,30,0,0
2019,6,19,19,30,0,0
2019,6,19,20,30,0,0
2019,6,19,21,30,0,0
2019,6,19,22,30,0,0
2019,6,19,23,30,0,0
2019,6,20,0,30,0,0
2019,6,20,1,30,0,0
2019,6,20,2,30,0,0
2019,6,20,3,30,263,105
2019,6,20,4,30,510,301
2019,6,20,5,30,635,509
2019,6,20,6,30,707,699
2019,6,20,7,30,751,852
2019,6,20,8,30,775,955
2019,6,20,9,30,789,1000
2019,6,20,10,30,786,982
2019,6,20,11,30,759,901
2019,6,20,12,30,731,768
2019,6,20,13,30,659,588
2019,6,20,14,30,538,382
2019,6,20,15,30,325,175
2019,6,20,16,30,18,18
2019,6,20,17,30,0,0
2019,6,20,18,30,0,0
2019,6,20,19,30,0,0
2019,6,20,20,30,0,0
2019,6,20,21,30,0,0
2019,6,20,22,30,0,0
2019,6,20,23,30,0,0
2019,6,21,0,30,0,0
2019,6,21,1,30,0,0
2019,6,21,2,30,0,0
2019,6,21,3,30,212,102
2019,6,21,4,30,495,302
2019,6,21,5,30,653,516
2019,6,21,6,30,748,712
2019,6,21,7,30,801,871
2019,6,21,8,30,831,977
2019,6,21,9,30,853,1028
2019,6,21,10,30,843,1007
2019,6,21,11,30,816,924
2019,6,21,12,30,685,766
2019,6,21,13,30,599,583
2019,6,21,14,30,467,377
2019,6,21,15,30,251,171
2019,6,21,16,30,5,15
2019,6,21,17,30,0,0
2019,6,21,18,30,0,0
2019,6,21,19,30,0,0
2019,6,21,20,30,0,0
2019,6,21,21,30,0,0
2019,6,21,22,30,0,0
2019,6,21,23,30,0,0
2019,6,22,0,30,0,0
2019,6,22,1,30,0,0
2019,6,22,2,30,0,0
2019,6,22,3,30,265,108
2019,6,22,4,30,559,310
2019,6,22,5,30,723,528
2019,6,22,6,30,814,725
2019,6,22,7,30,867,885
2019,6,22,8,30,895,992
2019,6,22,9,30,865,1028
2019,6,22,10,30,861,1009
2019,6,22,11,30,839,927
2019,6,22,12,30,811,792
2019,6,22,13,30,745,610
2019,6,22,14,30,637,401
2019,6,22,15,30,444,190
2019,6,22,16,30,73,24
2019,6,22,17,30,0,0
2019,6,22,18,30,0,0
2019,6,22,19,30,0,0
2019,6,22,20,30,0,0
2019,6,22,21,30,0,0
2019,6,22,22,30,0,0
2019,6,22,23,30,0,0
2019,6,23,0,30,0,0
2019,6,23,1,30,0,0
2019,6,23,2,30,0,0
2019,6,23,3,30,262,107
2019,6,23,4,30,0,61
2019,6,23,5,30,714,527
2019,6,23,6,30,806,726
2019,6,23,7,30,856,886
2019,6,23,8,30,882,993
2019,6,23,9,30,901,1041
2019,6,23,10,30,895,1020
2019,6,23,11,30,876,938
2019,6,23,12,30,837,800
2019,6,23,13,30,765,614
2019,6,23,14,30,647,403
2019,6,23,15,30,435,190
2019,6,23,16,30,60,23
2019,6,23,17,30,0,0
2019,6,23,18,30,0,0
2019,6,23,19,30,0,0
2019,6,23,20,30,0,0
2019,6,23,21,30,0,0
2019,6,23,22,30,0,0
2019,6,23,23,30,0,0
2019,6,24,0,30,0,0
2019,6,24,1,30,0,0
2019,6,24,2,30,0,0
2019,6,24,3,30,239,104
2019,6,24,4,30,525,306
2019,6,24,5,30,686,521
2019,6,24,6,30,776,718
2019,6,24,7,30,828,877
2019,6,24,8,30,853,982
2019,6,24,9,30,806,1012
2019,6,24,10,30,801,993
2019,6,24,11,30,780,913
2019,6,24,12,30,698,767
2019,6,24,13,30,618,587
2019,6,24,14,30,489,381
2019,6,24,15,30,276,175
2019,6,24,16,30,13,17
2019,6,24,17,30,0,0
2019,6,24,18,30,0,0
2019,6,24,19,30,0,0
2019,6,24,20,30,0,0
2019,6,24,21,30,0,0
2019,6,24,22,30,0,0
2019,6,24,23,30,0,0
2019,6,25,0,30,0,0
2019,6,25,1,30,0,0
2019,6,25,2,30,0,0
2019,6,25,3,30,178,96
2019,6,25,4,30,452,292
2019,6,25,5,30,620,503
2019,6,25,6,30,721,699
2019,6,25,7,30,780,857
2019,6,25,8,30,812,964
2019,6,25,9,30,814,1009
2019,6,25,10,30,815,993
2019,6,25,11,30,801,914
2019,6,25,12,30,786,782
2019,6,25,13,30,710,600
2019,6,25,14,30,580,389
2019,6,25,15,30,363,180
2019,6,25,16,30,35,20
2019,6,25,17,30,0,0
2019,6,25,18,30,0,0
2019,6,25,19,30,0,0
2019,6,25,20,30,0,0
2019,6,25,21,30,0,0
2019,6,25,22,30,0,0
2019,6,25,23,30,0,0
2019,6,26,0,30,0,0
2019,6,26,1,30,0,0
2019,6,26,2,30,0,0
2019,6,26,3,30,239,101
2019,6,26,4,30,522,301
2019,6,26,5,30,677,516
2019,6,26,6,30,767,713
2019,6,26,7,30,821,873
2019,6,26,8,30,854,983
2019,6,26,9,30,889,1037
2019,6,26,10,30,891,1022
2019,6,26,11,30,875,942
2019,6,26,12,30,796,794
2019,6,26,13,30,731,613
2019,6,26,14,30,618,404
2019,6,26,15,30,412,190
2019,6,26,16,30,49,23
2019,6,26,17,30,0,0
2019,6,26,18,30,0,0
2019,6,26,19,30,0,0
2019,6,26,20,30,0,0
2019,6,26,21,30,0,0
2019,6,26,22,30,0,0
2019,6,26,23,30,0,0
2019,6,27,0,30,0,0
2019,6,27,1,30,0,0
2019,6,27,2,30,0,0
2019,6,27,3,30,261,104
2019,6,27,4,30,549,307
2019,6,27,5,30,703,526
2019,6,27,6,30,786,723
2019,6,27,7,30,835,883
2019,6,27,8,30,860,993
2019,6,27,9,30,843,1033
2019,6,27,10,30,840,1015
2019,6,27,11,30,824,935
2019,6,27,12,30,830,809
2019,6,27,13,30,776,627
2019,6,27,14,30,680,416
2019,6,27,15,30,493,200
2019,6,27,16,30,95,26
2019,6,27,17,30,0,0
2019,6,27,18,30,0,0
2019,6,27,19,30,0,0
2019,6,27,20,30,0,0
2019,6,27,21,30,0,0
2019,6,27,22,30,0,0
2019,6,27,23,30,0,0
2019,6,28,0,30,0,0
2019,6,28,1,30,0,0
2019,6,28,2,30,0,0
2019,6,28,3,30,301,106
2019,6,28,4,30,586,311
2019,6,28,5,30,734,527
2019,6,28,6,30,818,726
2019,6,28,7,30,865,886
2019,6,28,8,30,889,993
2019,6,28,9,30,906,1041
2019,6,28,10,30,888,1019
2019,6,28,11,30,857,935
2019,6,28,12,30,772,788
2019,6,28,13,30,674,602
2019,6,28,14,30,532,390
2019,6,28,15,30,306,180
2019,6,28,16,30,14,18
2019,6,28,17,30,0,0
2019,6,28,18,30,0,0
2019,6,28,19,30,0,0
2019,6,28,20,30,0,0
2019,6,28,21,30,0,0
2019,6,28,22,30,0,0
2019,6,28,23,30,0,0
2019,6,29,0,30,0,0
2019,6,29,1,30,0,0
2019,6,29,2,30,0,0
2019,6,29,3,30,247,101
2019,6,29,4,30,0,96
2019,6,29,5,30,687,517
2019,6,29,6,30,782,715
2019,6,29,7,30,832,873
2019,6,29,8,30,860,981
2019,6,29,9,30,832,1017
2019,6,29,10,30,826,999
2019,6,29,11,30,806,920
2019,6,29,12,30,771,785
2019,6,29,13,30,712,606
2019,6,29,14,30,613,399
2019,6,29,15,30,435,192
2019,6,29,16,30,79,25
2019,6,29,17,30,0,0
2019,6,29,18,30,0,0
2019,6,29,19,30,0,0
2019,6,29,20,30,0,0
2019,6,29,21,30,0,0
2019,6,29,22,30,0,0
2019,6,29,23,30,0,0
2019,6,30,0,30,0,0
2019,6,30,1,30,0,0
2019,6,30,2,30,0,0
2019,6,30,3,30,220,98
2019,6,30,4,30,0,79
2019,6,30,5,30,665,509
2019,6,30,6,30,763,707
2019,6,30,7,30,818,867
2019,6,30,8,30,847,974
2019,6,30,9,30,899,1030
2019,6,30,10,30,893,1014
2019,6,30,11,30,876,936
2019,6,30,12,30,801,791
2019,6,30,13,30,727,609
2019,6,30,14,30,604,399
2019,6,30,15,30,392,188
2019,6,30,16,30,46,23
2019,6,30,17,30,0,0
2019,6,30,18,30,0,0
2019,6,30,19,30,0,0
2019,6,30,20,30,0,0
2019,6,30,21,30,0,0
2019,6,30,22,30,0,0
2019,6,30,23,30,0,0
2019,7,1,0,30,0,0
2019,7,1,1,30,0,0
2019,7,1,2,30,0,0
2019,7,1,3,30,177,93
2019,7,1,4,30,451,286
2019,7,1,5,30,630,499
2019,7,1,6,30,731,694
2019,7,1,7,30,789,853
2019,7,1,8,30,821,962
2019,7,1,9,30,803,1002
2019,7,1,10,30,804,987
2019,7,1,11,30,790,911
2019,7,1,12,30,773,781
2019,7,1,13,30,713,603
2019,7,1,14,30,618,400
2019,7,1,15,30,445,192
2019,7,1,16,30,87,25
2019,7,1,17,30,0,0
2019,7,1,18,30,0,0
2019,7,1,19,30,0,0
2019,7,1,20,30,0,0
2019,7,1,21,30,0,0
2019,7,1,22,30,0,0
2019,7,1,23,30,0,0
2019,7,2,0,30,0,0
2019,7,2,1,30,0,0
2019,7,2,2,30,0,0
2019,7,2,3,30,418,108
2019,7,2,4,30,677,316
2019,7,2,5,30,797,532
2019,7,2,6,30,861,728
2019,7,2,7,30,898,888
2019,7,2,8,30,915,993
2019,7,2,9,30,925,1043
2019,7,2,10,30,918,1025
2019,7,2,11,30,901,947
2019,7,2,12,30,869,811
2019,7,2,13,30,819,631
2019,7,2,14,30,729,421
2019,7,2,15,30,559,205
2019,7,2,16,30,161,28
2019,7,2,17,30,0,0
2019,7,2,18,30,0,0
2019,7,2,19,30,0,0
2019,7,2,20,30,0,0
2019,7,2,21,30,0,0
2019,7,2,22,30,0,0
2019,7,2,23,30,0,0
2019,7,3,0,30,0,0
2019,7,3,1,30,0,0
2019,7,3,2,30,0,0
2019,7,3,3,30,378,106
2019,7,3,4,30,652,313
2019,7,3,5,30,788,533
2019,7,3,6,30,858,730
2019,7,3,7,30,900,891
2019,7,3,8,30,922,1000
2019,7,3,9,30,921,1045
2019,7,3,10,30,919,1030
2019,7,3,11,30,903,951
2019,7,3,12,30,861,812
2019,7,3,13,30,795,628
2019,7,3,14,30,689,415
2019,7,3,15,30,496,199
2019,7,3,16,30,100,26
2019,7,3,17,30,0,0
2019,7,3,18,30,0,0
2019,7,3,19,30,0,0
2019,7,3,20,30,0,0
2019,7,3,21,30,0,0
2019,7,3,22,30,0,0
2019,7,3,23,30,0,0
2019,7,4,0,30,0,0
2019,7,4,1,30,0,0
2019,7,4,2,30,0,0
2019,7,4,3,30,320,102
2019,7,4,4,30,619,308
2019,7,4,5,30,771,529
2019,7,4,6,30,851,730
2019,7,4,7,30,896,893
2019,7,4,8,30,921,1003
2019,7,4,9,30,921,1050
2019,7,4,10,30,918,1033
2019,7,4,11,30,901,953
2019,7,4,12,30,882,818
2019,7,4,13,30,822,634
2019,7,4,14,30,714,419
2019,7,4,15,30,520,201
2019,7,4,16,30,120,27
2019,7,4,17,30,0,0
2019,7,4,18,30,0,0
2019,7,4,19,30,0,0
2019,7,4,20,30,0,0
2019,7,4,21,30,0,0
2019,7,4,22,30,0,0
2019,7,4,23,30,0,0
2019,7,5,0,30,0,0
2019,7,5,1,30,0,0
2019,7,5,2,30,0,0
2019,7,5,3,30,320,101
2019,7,5,4,30,611,305
2019,7,5,5,30,758,523
2019,7,5,6,30,838,723
2019,7,5,7,30,884,885
2019,7,5,8,30,906,992
2019,7,5,9,30,928,1044
2019,7,5,10,30,921,1027
2019,7,5,11,30,896,944
2019,7,5,12,30,818,797
2019,7,5,13,30,742,613
2019,7,5,14,30,620,402
2019,7,5,15,30,413,190
2019,7,5,16,30,49,22
2019,7,5,17,30,0,0
2019,7,5,18,30,0,0
2019,7,5,19,30,0,0
2019,7,5,20,30,0,0
2019,7,5,21,30,0,0
2019,7,5,22,30,0,0
2019,7,5,23,30,0,0
2019,7,6,0,30,0,0
2019,7,6,1,30,0,0
2019,7,6,2,30,0,0
2019,7,6,3,30,224,93
2019,7,6,4,30,522,292
2019,7,6,5,30,690,510
2019,7,6,6,30,787,710
2019,7,6,7,30,844,873
2019,7,6,8,30,877,984
2019,7,6,9,30,876,1030
2019,7,6,10,30,870,1014
2019,7,6,11,30,852,936
2019,7,6,12,30,795,795
2019,7,6,13,30,729,614
2019,7,6,14,30,623,404
2019,7,6,15,30,435,193
2019,7,6,16,30,68,24
2019,7,6,17,30,0,0
2019,7,6,18,30,0,0
2019,7,6,19,30,0,0
2019,7,6,20,30,0,0
2019,7,6,21,30,0,0
2019,7,6,22,30,0,0
2019,7,6,23,30,0,0
2019,7,7,0,30,0,0
2019,7,7,1,30,0,0
2019,7,7,2,30,0,0
2019,7,7,3,30,197,90
2019,7,7,4,30,482,287
2019,7,7,5,30,656,500
2019,7,7,6,30,757,700
2019,7,7,7,30,816,860
2019,7,7,8,30,850,971
2019,7,7,9,30,900,1029
2019,7,7,10,30,896,1015
2019,7,7,11,30,874,935
2019,7,7,12,30,788,787
2019,7,7,13,30,714,607
2019,7,7,14,30,602,399
2019,7,7,15,30,403,188
2019,7,7,16,30,49,23
2019,7,7,17,30,0,0
2019,7,7,18,30,0,0
2019,7,7,19,30,0,0
2019,7,7,20,30,0,0
2019,7,7,21,30,0,0
2019,7,7,22,30,0,0
2019,7,7,23,30,0,0
2019,7,8,0,30,0,0
2019,7,8,1,30,0,0
2019,7,8,2,30,0,0
2019,7,8,3,30,237,92
2019,7,8,4,30,0,53
2019,7,8,5,30,691,508
2019,7,8,6,30,784,708
2019,7,8,7,30,839,869
2019,7,8,8,30,868,980
2019,7,8,9,30,882,1030
2019,7,8,10,30,875,1014
2019,7,8,11,30,854,936
2019,7,8,12,30,817,799
2019,7,8,13,30,747,617
2019,7,8,14,30,638,406
2019,7,8,15,30,446,193
2019,7,8,16,30,81,24
2019,7,8,17,30,0,0
2019,7,8,18,30,0,0
2019,7,8,19,30,0,0
2019,7,8,20,30,0,0
2019,7,8,21,30,0,0
2019,7,8,22,30,0,0
2019,7,8,23,30,0,0
2019,7,9,0,30,0,0
2019,7,9,1,30,0,0
2019,7,9,2,30,0,0
2019,7,9,3,30,243,90
2019,7,9,4,30,541,289
2019,7,9,5,30,700,505
2019,7,9,6,30,790,704
2019,7,9,7,30,838,864
2019,7,9,8,30,864,973
2019,7,9,9,30,877,1023
2019,7,9,10,30,873,1010
2019,7,9,11,30,851,930
2019,7,9,12,30,816,796
2019,7,9,13,30,755,615
2019,7,9,14,30,655,408
2019,7,9,15,30,469,194
2019,7,9,16,30,86,24
2019,7,9,17,30,0,0
2019,7,9,18,30,0,0
2019,7,9,19,30,0,0
2019,7,9,20,30,0,0
2019,7,9,21,30,0,0
2019,7,9,22,30,0,0
2019,7,9,23,30,0,0
2019,7,10,0,30,0,0
2019,7,10,1,30,0,0
2019,7,10,2,30,0,0
2019,7,10,3,30,288,91
2019,7,10,4,30,582,293
2019,7,10,5,30,732,511
2019,7,10,6,30,816,711
2019,7,10,7,30,864,873
2019,7,10,8,30,891,984
2019,7,10,9,30,865,1024
2019,7,10,10,30,864,1012
2019,7,10,11,30,842,930
2019,7,10,12,30,843,804
2019,7,10,13,30,774,620
2019,7,10,14,30,655,406
2019,7,10,15,30,442,191
2019,7,10,16,30,57,22
2019,7,10,17,30,0,0
2019,7,10,18,30,0,0
2019,7,10,19,30,0,0
2019,7,10,20,30,0,0
2019,7,10,21,30,0,0
2019,7,10,22,30,0,0
2019,7,10,23,30,0,0
2019,7,11,0,30,0,0
2019,7,11,1,30,0,0
2019,7,11,2,30,0,0
2019,7,11,3,30,243,88
2019,7,11,4,30,542,286
2019,7,11,5,30,704,505
2019,7,11,6,30,795,706
2019,7,11,7,30,845,867
2019,7,11,8,30,876,981
2019,7,11,9,30,861,1024
2019,7,11,10,30,855,1008
2019,7,11,11,30,836,931
2019,7,11,12,30,794,794
2019,7,11,13,30,725,612
2019,7,11,14,30,617,403
2019,7,11,15,30,420,190
2019,7,11,16,30,55,22
2019,7,11,17,30,0,0
2019,7,11,18,30,0,0
2019,7,11,19,30,0,0
2019,7,11,20,30,0,0
2019,7,11,21,30,0,0
2019,7,11,22,30,0,0
2019,7,11,23,30,0,0
2019,7,12,0,30,0,0
2019,7,12,1,30,0,0
2019,7,12,2,30,0,0
2019,7,12,3,30,200,82
2019,7,12,4,30,501,279
2019,7,12,5,30,667,493
2019,7,12,6,30,756,691
2019,7,12,7,30,799,852
2019,7,12,8,30,811,957
2019,7,12,9,30,768,990
2019,7,12,10,30,743,971
2019,7,12,11,30,714,892
2019,7,12,12,30,661,757
2019,7,12,13,30,590,578
2019,7,12,14,30,480,376
2019,7,12,15,30,282,172
2019,7,12,16,30,12,16
2019,7,12,17,30,0,0
2019,7,12,18,30,0,0
2019,7,12,19,30,0,0
2019,7,12,20,30,0,0
2019,7,12,21,30,0,0
2019,7,12,22,30,0,0
2019,7,12,23,30,0,0
2019,7,13,0,30,0,0
2019,7,13,1,30,0,0
2019,7,13,2,30,0,0
2019,7,13,3,30,268,88
2019,7,13,4,30,587,290
2019,7,13,5,30,753,511
2019,7,13,6,30,842,714
2019,7,13,7,30,888,878
2019,7,13,8,30,914,991
2019,7,13,9,30,887,1032
2019,7,13,10,30,885,1017
2019,7,13,11,30,871,939
2019,7,13,12,30,861,809
2019,7,13,13,30,809,627
2019,7,13,14,30,718,417
2019,7,13,15,30,540,200
2019,7,13,16,30,126,25
2019,7,13,17,30,0,0
2019,7,13,18,30,0,0
2019,7,13,19,30,0,0
2019,7,13,20,30,0,0
2019,7,13,21,30,0,0
2019,7,13,22,30,0,0
2019,7,13,23,30,0,0
2019,7,14,0,30,0,0
2019,7,14,1,30,0,0
2019,7,14,2,30,0,0
2019,7,14,3,30,314,90
2019,7,14,4,30,623,294
2019,7,14,5,30,777,515
2019,7,14,6,30,860,718
2019,7,14,7,30,908,883
2019,7,14,8,30,934,995
2019,7,14,9,30,948,1047
2019,7,14,10,30,944,1032
2019,7,14,11,30,926,952
2019,7,14,12,30,868,811
2019,7,14,13,30,803,626
2019,7,14,14,30,691,412
2019,7,14,15,30,490,194
2019,7,14,16,30,79,22
2019,7,14,17,30,0,0
2019,7,14,18,30,0,0
2019,7,14,19,30,0,0
2019,7,14,20,30,0,0
2019,7,14,21,30,0,0
2019,7,14,22,30,0,0
2019,7,14,23,30,0,0
2019,7,15,0,30,0,0
2019,7,15,1,30,0,0
2019,7,15,2,30,0,0
2019,7,15,3,30,296,86
2019,7,15,4,30,596,287
2019,7,15,5,30,747,505
2019,7,15,6,30,829,705
2019,7,15,7,30,876,868
2019,7,15,8,30,901,980
2019,7,15,9,30,916,1033
2019,7,15,10,30,909,1017
2019,7,15,11,30,889,940
2019,7,15,12,30,859,806
2019,7,15,13,30,796,622
2019,7,15,14,30,690,409
2019,7,15,15,30,492,192
2019,7,15,16,30,82,22
2019,7,15,17,30,0,0
2019,7,15,18,30,0,0
2019,7,15,19,30,0,0
2019,7,15,20,30,0,0
2019,7,15,21,30,0,0
2019,7,15,22,30,0,0
2019,7,15,23,30,0,0
2019,7,16,0,30,0,0
2019,7,16,1,30,0,0
2019,7,16,2,30,0,0
2019,7,16,3,30,177,76
2019,7,16,4,30,444,263
2019,7,16,5,30,597,471
2019,7,16,6,30,688,665
2019,7,16,7,30,747,824
2019,7,16,8,30,777,934
2019,7,16,9,30,822,994
2019,7,16,10,30,822,980
2019,7,16,11,30,795,903
2019,7,16,12,30,684,753
2019,7,16,13,30,575,569
2019,7,16,14,30,419,362
2019,7,16,15,30,194,157
2019,7,16,16,30,1,8
2019,7,16,17,30,0,0
2019,7,16,18,30,0,0
2019,7,16,19,30,0,0
2019,7,16,20,30,0,0
2019,7,16,21,30,0,0
2019,7,16,22,30,0,0
2019,7,16,23,30,0,0
2019,7,17,0,30,0,0
2019,7,17,1,30,0,0
2019,7,17,2,30,0,0
2019,7,17,3,30,14,46
2019,7,17,4,30,184,226
2019,7,17,5,30,369,432
2019,7,17,6,30,488,625
2019,7,17,7,30,530,777
2019,7,17,8,30,518,871
2019,7,17,9,30,579,930
2019,7,17,10,30,517,898
2019,7,17,11,30,447,811
2019,7,17,12,30,317,663
2019,7,17,13,30,238,501
2019,7,17,14,30,147,311
2019,7,17,15,30,42,124
2019,7,17,16,30,0,2
2019,7,17,17,30,0,0
2019,7,17,18,30,0,0
2019,7,17,19,30,0,0
2019,7,17,20,30,0,0
2019,7,17,21,30,0,0
2019,7,17,22,30,0,0
2019,7,17,23,30,0,0
2019,7,18,0,30,0,0
2019,7,18,1,30,0,0
2019,7,18,2,30,0,0
2019,7,18,3,30,30,54
2019,7,18,4,30,251,235
2019,7,18,5,30,443,442
2019,7,18,6,30,565,637
2019,7,18,7,30,642,799
2019,7,18,8,30,688,912
2019,7,18,9,30,763,977
2019,7,18,10,30,759,964
2019,7,18,11,30,737,887
2019,7,18,12,30,699,756
2019,7,18,13,30,632,579
2019,7,18,14,30,517,375
2019,7,18,15,30,315,170
2019,7,18,16,30,14,15
2019,7,18,17,30,0,0
2019,7,18,18,30,0,0
2019,7,18,19,30,0,0
2019,7,18,20,30,0,0
2019,7,18,21,30,0,0
2019,7,18,22,30,0,0
2019,7,18,23,30,0,0
2019,7,19,0,30,0,0
2019,7,19,1,30,0,0
2019,7,19,2,30,0,0
2019,7,19,3,30,257,79
2019,7,19,4,30,555,276
2019,7,19,5,30,712,494
2019,7,19,6,30,800,694
2019,7,19,7,30,852,860
2019,7,19,8,30,881,973
2019,7,19,9,30,901,1026
2019,7,19,10,30,898,1012
2019,7,19,11,30,884,936
2019,7,19,12,30,841,798
2019,7,19,13,30,776,616
2019,7,19,14,30,667,403
2019,7,19,15,30,466,187
2019,7,19,16,30,60,19
2019,7,19,17,30,0,0
2019,7,19,18,30,0,0
2019,7,19,19,30,0,0
2019,7,19,20,30,0,0
2019,7,19,21,30,0,0
2019,7,19,22,30,0,0
2019,7,19,23,30,0,0
2019,7,20,0,30,0,0
2019,7,20,1,30,0,0
2019,7,20,2,30,0,0
2019,7,20,3,30,215,76
2019,7,20,4,30,535,274
2019,7,20,5,30,713,495
2019,7,20,6,30,812,698
2019,7,20,7,30,867,864
2019,7,20,8,30,896,978
2019,7,20,9,30,898,1025
2019,7,20,10,30,897,1011
2019,7,20,11,30,881,933
2019,7,20,12,30,837,794
2019,7,20,13,30,774,612
2019,7,20,14,30,669,401
2019,7,20,15,30,469,185
2019,7,20,16,30,58,18
2019,7,20,17,30,0,0
2019,7,20,18,30,0,0
2019,7,20,19,30,0,0
2019,7,20,20,30,0,0
2019,7,20,21,30,0,0
2019,7,20,22,30,0,0
2019,7,20,23,30,0,0
2019,7,21,0,30,0,0
2019,7,21,1,30,0,0
2019,7,21,2,30,0,0
2019,7,21,3,30,190,73
2019,7,21,4,30,495,268
2019,7,21,5,30,672,485
2019,7,21,6,30,774,688
2019,7,21,7,30,831,852
2019,7,21,8,30,862,965
2019,7,21,9,30,892,1018
2019,7,21,10,30,889,1004
2019,7,21,11,30,869,926
2019,7,21,12,30,805,783
2019,7,21,13,30,732,601
2019,7,21,14,30,611,390
2019,7,21,15,30,401,178
2019,7,21,16,30,32,16
2019,7,21,17,30,0,0
2019,7,21,18,30,0,0
2019,7,21,19,30,0,0
2019,7,21,20,30,0,0
2019,7,21,21,30,0,0
2019,7,21,22,30,0,0
2019,7,21,23,30,0,0
2019,7,22,0,30,0,0
2019,7,22,1,30,0,0
2019,7,22,2,30,0,0
2019,7,22,3,30,135,68
2019,7,22,4,30,442,261
2019,7,22,5,30,643,479
2019,7,22,6,30,755,682
2019,7,22,7,30,819,847
2019,7,22,8,30,852,960
2019,7,22,9,30,900,1021
2019,7,22,10,30,899,1009
2019,7,22,11,30,880,929
2019,7,22,12,30,833,790
2019,7,22,13,30,767,608
2019,7,22,14,30,652,395
2019,7,22,15,30,447,180
2019,7,22,16,30,49,16
2019,7,22,17,30,0,0
2019,7,22,18,30,0,0
2019,7,22,19,30,0,0
2019,7,22,20,30,0,0
2019,7,22,21,30,0,0
2019,7,22,22,30,0,0
2019,7,22,23,30,0,0
2019,7,23,0,30,0,0
2019,7,23,1,30,0,0
2019,7,23,2,30,0,0
2019,7,23,3,30,193,70
2019,7,23,4,30,520,266
2019,7,23,5,30,699,485
2019,7,23,6,30,795,688
2019,7,23,7,30,847,854
2019,7,23,8,30,875,967
2019,7,23,9,30,913,1025
2019,7,23,10,30,908,1011
2019,7,23,11,30,889,931
2019,7,23,12,30,811,785
2019,7,23,13,30,740,601
2019,7,23,14,30,625,390
2019,7,23,15,30,416,176
2019,7,23,16,30,34,14
2019,7,23,17,30,0,0
2019,7,23,18,30,0,0
2019,7,23,19,30,0,0
2019,7,23,20,30,0,0
2019,7,23,21,30,0,0
2019,7,23,22,30,0,0
2019,7,23,23,30,0,0
2019,7,24,0,30,0,0
2019,7,24,1,30,0,0
2019,7,24,2,30,0,0
2019,7,24,3,30,178,68
2019,7,24,4,30,502,264
2019,7,24,5,30,684,484
2019,7,24,6,30,780,688
2019,7,24,7,30,833,854
2019,7,24,8,30,863,967
2019,7,24,9,30,896,1024
2019,7,24,10,30,892,1012
2019,7,24,11,30,871,932
2019,7,24,12,30,846,798
2019,7,24,13,30,780,613
2019,7,24,14,30,669,398
2019,7,24,15,30,462,180
2019,7,24,16,30,49,15
2019,7,24,17,30,0,0
2019,7,24,18,30,0,0
2019,7,24,19,30,0,0
2019,7,24,20,30,0,0
2019,7,24,21,30,0,0
2019,7,24,22,30,0,0
2019,7,24,23,30,0,0
2019,7,25,0,30,0,0
2019,7,25,1,30,0,0
2019,7,25,2,30,0,0
2019,7,25,3,30,167,65
2019,7,25,4,30,487,259
2019,7,25,5,30,661,475
2019,7,25,6,30,760,679
2019,7,25,7,30,815,844
2019,7,25,8,30,844,957
2019,7,25,9,30,890,1018
2019,7,25,10,30,887,1003
2019,7,25,11,30,871,927
2019,7,25,12,30,834,790
2019,7,25,13,30,768,605
2019,7,25,14,30,656,393
2019,7,25,15,30,443,176
2019,7,25,16,30,41,13
2019,7,25,17,30,0,0
2019,7,25,18,30,0,0
2019,7,25,19,30,0,0
2019,7,25,20,30,0,0
2019,7,25,21,30,0,0
2019,7,25,22,30,0,0
2019,7,25,23,30,0,0
2019,7,26,0,30,0,0
2019,7,26,1,30,0,0
2019,7,26,2,30,0,0
2019,7,26,3,30,220,67
2019,7,26,4,30,541,264
2019,7,26,5,30,711,486
2019,7,26,6,30,804,691
2019,7,26,7,30,858,859
2019,7,26,8,30,888,974
2019,7,26,9,30,895,1025
2019,7,26,10,30,895,1012
2019,7,26,11,30,877,932
2019,7,26,12,30,840,795
2019,7,26,13,30,762,607
2019,7,26,14,30,634,390
2019,7,26,15,30,406,172
2019,7,26,16,30,24,12
2019,7,26,17,30,0,0
2019,7,26,18,30,0,0
2019,7,26,19,30,0,0
2019,7,26,20,30,0,0
2019,7,26,21,30,0,0
2019,7,26,22,30,0,0
2019,7,26,23,30,0,0
2019,7,27,0,30,0,0
2019,7,27,1,30,0,0
2019,7,27,2,30,0,0
2019,7,27,3,30,45,42
2019,7,27,4,30,196,184
2019,7,27,5,30,296,362
2019,7,27,6,30,365,541
2019,7,27,7,30,795,838
2019,7,27,8,30,828,952
2019,7,27,9,30,839,1003
2019,7,27,10,30,836,989
2019,7,27,11,30,816,910
2019,7,27,12,30,779,774
2019,7,27,13,30,716,593
2019,7,27,14,30,604,382
2019,7,27,15,30,397,169
2019,7,27,16,30,26,11
2019,7,27,17,30,0,0
2019,7,27,18,30,0,0
2019,7,27,19,30,0,0
2019,7,27,20,30,0,0
2019,7,27,21,30,0,0
2019,7,27,22,30,0,0
2019,7,27,23,30,0,0
2019,7,28,0,30,0,0
2019,7,28,1,30,0,0
2019,7,28,2,30,0,0
2019,7,28,3,30,166,63
2019,7,28,4,30,491,257
2019,7,28,5,30,682,477
2019,7,28,6,30,785,682
2019,7,28,7,30,838,849
2019,7,28,8,30,867,963
2019,7,28,9,30,873,1013
2019,7,28,10,30,870,999
2019,7,28,11,30,852,920
2019,7,28,12,30,774,773
2019,7,28,13,30,703,590
2019,7,28,14,30,583,378
2019,7,28,15,30,366,165
2019,7,28,16,30,14,10
2019,7,28,17,30,0,0
2019,7,28,18,30,0,0
2019,7,28,19,30,0,0
2019,7,28,20,30,0,0
2019,7,28,21,30,0,0
2019,7,28,22,30,0,0
2019,7,28,23,30,0,0
2019,7,29,0,30,0,0
2019,7,29,1,30,0,0
2019,7,29,2,30,0,0
2019,7,29,3,30,216,64
2019,7,29,4,30,552,262
2019,7,29,5,30,720,484
2019,7,29,6,30,812,690
2019,7,29,7,30,867,859
2019,7,29,8,30,897,975
2019,7,29,9,30,897,1024
2019,7,29,10,30,896,1010
2019,7,29,11,30,882,933
2019,7,29,12,30,867,800
2019,7,29,13,30,804,611
2019,7,29,14,30,696,395
2019,7,29,15,30,486,175
2019,7,29,16,30,44,11
2019,7,29,17,30,0,0
2019,7,29,18,30,0,0
2019,7,29,19,30,0,0
2019,7,29,20,30,0,0
2019,7,29,21,30,0,0
2019,7,29,22,30,0,0
2019,7,29,23,30,0,0
2019,7,30,0,30,0,0
2019,7,30,1,30,0,0
2019,7,30,2,30,0,0
2019,7,30,3,30,299,67
2019,7,30,4,30,629,271
2019,7,30,5,30,778,495
2019,7,30,6,30,858,702
2019,7,30,7,30,903,870
2019,7,30,8,30,926,985
2019,7,30,9,30,946,1039
2019,7,30,10,30,941,1024
2019,7,30,11,30,922,943
2019,7,30,12,30,856,796
2019,7,30,13,30,785,606
2019,7,30,14,30,667,389
2019,7,30,15,30,444,169
2019,7,30,16,30,25,10
2019,7,30,17,30,0,0
2019,7,30,18,30,0,0
2019,7,30,19,30,0,0
2019,7,30,20,30,0,0
2019,7,30,21,30,0,0
2019,7,30,22,30,0,0
2019,7,30,23,30,0,0
2019,7,31,0,30,0,0
2019,7,31,1,30,0,0
2019,7,31,2,30,0,0
2019,7,31,3,30,207,60
2019,7,31,4,30,534,255
2019,7,31,5,30,697,475
2019,7,31,6,30,789,679
2019,7,31,7,30,842,846
2019,7,31,8,30,868,958
2019,7,31,9,30,884,1011
2019,7,31,10,30,876,994
2019,7,31,11,30,853,913
2019,7,31,12,30,806,774
2019,7,31,13,30,727,587
2019,7,31,14,30,596,372
2019,7,31,15,30,365,158
2019,7,31,16,30,0,0
2019,7,31,17,30,0,0
2019,7,31,18,30,0,0
2019,7,31,19,30,0,0
2019,7,31,20,30,0,0
2019,7,31,21,30,0,0
2019,7,31,22,30,0,0
2019,7,31,23,30,0,0
2019,8,1,0,30,0,0
2019,8,1,1,30,0,0
2019,8,1,2,30,0,0
2019,8,1,3,30,129,54
2019,8,1,4,30,438,242
2019,8,1,5,30,612,457
2019,8,1,6,30,713,658
2019,8,1,7,30,770,822
2019,8,1,8,30,801,935
2019,8,1,9,30,884,1004
2019,8,1,10,30,876,989
2019,8,1,11,30,854,910
2019,8,1,12,30,797,768
2019,8,1,13,30,726,585
2019,8,1,14,30,607,373
2019,8,1,15,30,391,160
2019,8,1,16,30,0,0
2019,8,1,17,30,0,0
2019,8,1,18,30,0,0
2019,8,1,19,30,0,0
2019,8,1,20,30,0,0
2019,8,1,21,30,0,0
2019,8,1,22,30,0,0
2019,8,1,23,30,0,0
2019,8,2,0,30,0,0
2019,8,2,1,30,0,0
2019,8,2,2,30,0,0
2019,8,2,3,30,154,56
2019,8,2,4,30,483,249
2019,8,2,5,30,678,471
2019,8,2,6,30,789,677
2019,8,2,7,30,851,846
2019,8,2,8,30,882,960
2019,8,2,9,30,887,1010
2019,8,2,10,30,876,994
2019,8,2,11,30,847,911
2019,8,2,12,30,806,772
2019,8,2,13,30,731,587
2019,8,2,14,30,606,373
2019,8,2,15,30,380,158
2019,8,2,16,30,0,0
2019,8,2,17,30,0,0
2019,8,2,18,30,0,0
2019,8,2,19,30,0,0
2019,8,2,20,30,0,0
2019,8,2,21,30,0,0
2019,8,2,22,30,0,0
2019,8,2,23,30,0,0
2019,8,3,0,30,0,0
2019,8,3,1,30,0,0
2019,8,3,2,30,0,0
2019,8,3,3,30,143,54
2019,8,3,4,30,473,247
2019,8,3,5,30,670,468
2019,8,3,6,30,777,674
2019,8,3,7,30,837,842
2019,8,3,8,30,864,954
2019,8,3,9,30,856,1003
2019,8,3,10,30,851,988
2019,8,3,11,30,831,908
2019,8,3,12,30,798,772
2019,8,3,13,30,737,589
2019,8,3,14,30,628,375
2019,8,3,15,30,412,159
2019,8,3,16,30,0,0
2019,8,3,17,30,0,0
2019,8,3,18,30,0,0
2019,8,3,19,30,0,0
2019,8,3,20,30,0,0
2019,8,3,21,30,0,0
2019,8,3,22,30,0,0
2019,8,3,23,30,0,0
2019,8,4,0,30,0,0
2019,8,4,1,30,0,0
2019,8,4,2,30,0,0
2019,8,4,3,30,124,50
2019,8,4,4,30,427,237
2019,8,4,5,30,605,453
2019,8,4,6,30,708,656
2019,8,4,7,30,768,822
2019,8,4,8,30,800,935
2019,8,4,9,30,795,983
2019,8,4,10,30,788,965
2019,8,4,11,30,764,885
2019,8,4,12,30,717,747
2019,8,4,13,30,631,562
2019,8,4,14,30,498,352
2019,8,4,15,30,277,144
2019,8,4,16,30,0,0
2019,8,4,17,30,0,0
2019,8,4,18,30,0,0
2019,8,4,19,30,0,0
2019,8,4,20,30,0,0
2019,8,4,21,30,0,0
2019,8,4,22,30,0,0
2019,8,4,23,30,0,0
2019,8,5,0,30,0,0
2019,8,5,1,30,0,0
2019,8,5,2,30,0,0
2019,8,5,3,30,80,47
2019,8,5,4,30,391,233
2019,8,5,5,30,599,452
2019,8,5,6,30,716,656
2019,8,5,7,30,785,825
2019,8,5,8,30,821,941
2019,8,5,9,30,817,988
2019,8,5,10,30,813,975
2019,8,5,11,30,789,894
2019,8,5,12,30,680,742
2019,8,5,13,30,601,558
2019,8,5,14,30,478,350
2019,8,5,15,30,261,142
2019,8,5,16,30,0,0
2019,8,5,17,30,0,0
2019,8,5,18,30,0,0
2019,8,5,19,30,0,0
2019,8,5,20,30,0,0
2019,8,5,21,30,0,0
2019,8,5,22,30,0,0
2019,8,5,23,30,0,0
2019,8,6,0,30,0,0
2019,8,6,1,30,0,0
2019,8,6,2,30,0,0
2019,8,6,3,30,60,44
2019,8,6,4,30,370,233
2019,8,6,5,30,592,453
2019,8,6,6,30,719,663
2019,8,6,7,30,787,833
2019,8,6,8,30,825,949
2019,8,6,9,30,881,1014
2019,8,6,10,30,876,998
2019,8,6,11,30,853,916
2019,8,6,12,30,786,769
2019,8,6,13,30,707,579
2019,8,6,14,30,573,362
2019,8,6,15,30,330,146
2019,8,6,16,30,0,0
2019,8,6,17,30,0,0
2019,8,6,18,30,0,0
2019,8,6,19,30,0,0
2019,8,6,20,30,0,0
2019,8,6,21,30,0,0
2019,8,6,22,30,0,0
2019,8,6,23,30,0,0
2019,8,7,0,30,0,0
2019,8,7,1,30,0,0
2019,8,7,2,30,0,0
2019,8,7,3,30,58,43
2019,8,7,4,30,0,20
2019,8,7,5,30,569,448
2019,8,7,6,30,708,657
2019,8,7,7,30,785,828
2019,8,7,8,30,825,944
2019,8,7,9,30,842,997
2019,8,7,10,30,843,985
2019,8,7,11,30,824,903
2019,8,7,12,30,791,764
2019,8,7,13,30,716,576
2019,8,7,14,30,592,362
2019,8,7,15,30,357,146
2019,8,7,16,30,0,0
2019,8,7,17,30,0,0
2019,8,7,18,30,0,0
2019,8,7,19,30,0,0
2019,8,7,20,30,0,0
2019,8,7,21,30,0,0
2019,8,7,22,30,0,0
2019,8,7,23,30,0,0
2019,8,8,0,30,0,0
2019,8,8,1,30,0,0
2019,8,8,2,30,0,0
2019,8,8,3,30,170,50
2019,8,8,4,30,0,32
2019,8,8,5,30,695,467
2019,8,8,6,30,790,674
2019,8,8,7,30,843,841
2019,8,8,8,30,872,956
2019,8,8,9,30,910,1014
2019,8,8,10,30,904,998
2019,8,8,11,30,879,913
2019,8,8,12,30,813,766
2019,8,8,13,30,731,577
2019,8,8,14,30,593,359
2019,8,8,15,30,343,143
2019,8,8,16,30,0,0
2019,8,8,17,30,0,0
2019,8,8,18,30,0,0
2019,8,8,19,30,0,0
2019,8,8,20,30,0,0
2019,8,8,21,30,0,0
2019,8,8,22,30,0,0
2019,8,8,23,30,0,0
2019,8,9,0,30,0,0
2019,8,9,1,30,0,0
2019,8,9,2,30,0,0
2019,8,9,3,30,123,46
2019,8,9,4,30,481,239
2019,8,9,5,30,689,464
2019,8,9,6,30,794,673
2019,8,9,7,30,852,843
2019,8,9,8,30,882,960
2019,8,9,9,30,902,1014
2019,8,9,10,30,895,997
2019,8,9,11,30,874,917
2019,8,9,12,30,815,771
2019,8,9,13,30,741,580
2019,8,9,14,30,617,362
2019,8,9,15,30,381,144
2019,8,9,16,30,0,0
2019,8,9,17,30,0,0
2019,8,9,18,30,0,0
2019,8,9,19,30,0,0
2019,8,9,20,30,0,0
2019,8,9,21,30,0,0
2019,8,9,22,30,0,0
2019,8,9,23,30,0,0
2019,8,10,0,30,0,0
2019,8,10,1,30,0,0
2019,8,10,2,30,0,0
2019,8,10,3,30,187,49
2019,8,10,4,30,561,247
2019,8,10,5,30,739,473
2019,8,10,6,30,831,683
2019,8,10,7,30,878,851
2019,8,10,8,30,904,967
2019,8,10,9,30,920,1022
2019,8,10,10,30,913,1006
2019,8,10,11,30,890,922
2019,8,10,12,30,852,780
2019,8,10,13,30,784,589
2019,8,10,14,30,669,369
2019,8,10,15,30,437,147
2019,8,10,16,30,0,0
2019,8,10,17,30,0,0
2019,8,10,18,30,0,0
2019,8,10,19,30,0,0
2019,8,10,20,30,0,0
2019,8,10,21,30,0,0
2019,8,10,22,30,0,0
2019,8,10,23,30,0,0
2019,8,11,0,30,0,0
2019,8,11,1,30,0,0
2019,8,11,2,30,0,0
2019,8,11,3,30,195,48
2019,8,11,4,30,566,246
2019,8,11,5,30,742,472
2019,8,11,6,30,834,682
2019,8,11,7,30,884,853
2019,8,11,8,30,913,971
2019,8,11,9,30,907,1019
2019,8,11,10,30,899,1000
2019,8,11,11,30,878,916
2019,8,11,12,30,846,774
2019,8,11,13,30,776,582
2019,8,11,14,30,658,363
2019,8,11,15,30,432,143
2019,8,11,16,30,0,0
2019,8,11,17,30,0,0
2019,8,11,18,30,0,0
2019,8,11,19,30,0,0
2019,8,11,20,30,0,0
2019,8,11,21,30,0,0
2019,8,11,22,30,0,0
2019,8,11,23,30,0,0
2019,8,12,0,30,0,0
2019,8,12,1,30,0,0
2019,8,12,2,30,0,0
2019,8,12,3,30,229,47
2019,8,12,4,30,594,246
2019,8,12,5,30,754,471
2019,8,12,6,30,838,680
2019,8,12,7,30,885,851
2019,8,12,8,30,912,969
2019,8,12,9,30,903,1016
2019,8,12,10,30,899,999
2019,8,12,11,30,883,918
2019,8,12,12,30,862,778
2019,8,12,13,30,798,586
2019,8,12,14,30,688,366
2019,8,12,15,30,457,144
2019,8,12,16,30,0,0
2019,8,12,17,30,0,0
2019,8,12,18,30,0,0
2019,8,12,19,30,0,0
2019,8,12,20,30,0,0
2019,8,12,21,30,0,0
2019,8,12,22,30,0,0
2019,8,12,23,30,0,0
2019,8,13,0,30,0,0
2019,8,13,1,30,0,0
2019,8,13,2,30,0,0
2019,8,13,3,30,208,44
2019,8,13,4,30,578,243
2019,8,13,5,30,738,468
2019,8,13,6,30,823,678
2019,8,13,7,30,870,848
2019,8,13,8,30,891,960
2019,8,13,9,30,877,1005
2019,8,13,10,30,870,988
2019,8,13,11,30,843,902
2019,8,13,12,30,749,746
2019,8,13,13,30,662,553
2019,8,13,14,30,517,336
2019,8,13,15,30,256,122
2019,8,13,16,30,0,0
2019,8,13,17,30,0,0
2019,8,13,18,30,0,0
2019,8,13,19,30,0,0
2019,8,13,20,30,0,0
2019,8,13,21,30,0,0
2019,8,13,22,30,0,0
2019,8,13,23,30,0,0
2019,8,14,0,30,0,0
2019,8,14,1,30,0,0
2019,8,14,2,30,0,0
2019,8,14,3,30,77,36
2019,8,14,4,30,427,222
2019,8,14,5,30,632,443
2019,8,14,6,30,745,652
2019,8,14,7,30,808,820
2019,8,14,8,30,845,939
2019,8,14,9,30,823,983
2019,8,14,10,30,820,966
2019,8,14,11,30,800,885
2019,8,14,12,30,796,754
2019,8,14,13,30,723,563
2019,8,14,14,30,595,345
2019,8,14,15,30,346,129
2019,8,14,16,30,0,0
2019,8,14,17,30,0,0
2019,8,14,18,30,0,0
2019,8,14,19,30,0,0
2019,8,14,20,30,0,0
2019,8,14,21,30,0,0
2019,8,14,22,30,0,0
2019,8,14,23,30,0,0
2019,8,15,0,30,0,0
2019,8,15,1,30,0,0
2019,8,15,2,30,0,0
2019,8,15,3,30,131,39
2019,8,15,4,30,510,232
2019,8,15,5,30,691,456
2019,8,15,6,30,785,664
2019,8,15,7,30,839,834
2019,8,15,8,30,864,947
2019,8,15,9,30,906,1007
2019,8,15,10,30,899,989
2019,8,15,11,30,878,904
2019,8,15,12,30,829,759
2019,8,15,13,30,762,567
2019,8,15,14,30,644,347
2019,8,15,15,30,390,129
2019,8,15,16,30,0,0
2019,8,15,17,30,0,0
2019,8,15,18,30,0,0
2019,8,15,19,30,0,0
2019,8,15,20,30,0,0
2019,8,15,21,30,0,0
2019,8,15,22,30,0,0
2019,8,15,23,30,0,0
2019,8,16,0,30,0,0
2019,8,16,1,30,0,0
2019,8,16,2,30,0,0
2019,8,16,3,30,87,34
2019,8,16,4,30,467,223
2019,8,16,5,30,662,446
2019,8,16,6,30,767,655
2019,8,16,7,30,822,823
2019,8,16,8,30,847,936
2019,8,16,9,30,818,974
2019,8,16,10,30,806,954
2019,8,16,11,30,774,866
2019,8,16,12,30,718,724
2019,8,16,13,30,634,534
2019,8,16,14,30,488,319
2019,8,16,15,30,216,111
2019,8,16,16,30,0,0
2019,8,16,17,30,0,0
2019,8,16,18,30,0,0
2019,8,16,19,30,0,0
2019,8,16,20,30,0,0
2019,8,16,21,30,0,0
2019,8,16,22,30,0,0
2019,8,16,23,30,0,0
2019,8,17,0,30,0,0
2019,8,17,1,30,0,0
2019,8,17,2,30,0,0
2019,8,17,3,30,65,33
2019,8,17,4,30,415,218
2019,8,17,5,30,625,440
2019,8,17,6,30,735,646
2019,8,17,7,30,796,815
2019,8,17,8,30,827,929
2019,8,17,9,30,886,991
2019,8,17,10,30,878,972
2019,8,17,11,30,858,890
2019,8,17,12,30,799,743
2019,8,17,13,30,717,550
2019,8,17,14,30,579,331
2019,8,17,15,30,313,117
2019,8,17,16,30,0,0
2019,8,17,17,30,0,0
2019,8,17,18,30,0,0
2019,8,17,19,30,0,0
2019,8,17,20,30,0,0
2019,8,17,21,30,0,0
2019,8,17,22,30,0,0
2019,8,17,23,30,0,0
2019,8,18,0,30,0,0
2019,8,18,1,30,0,0
2019,8,18,2,30,0,0
2019,8,18,3,30,75,33
2019,8,18,4,30,429,219
2019,8,18,5,30,652,444
2019,8,18,6,30,773,654
2019,8,18,7,30,202,556
2019,8,18,8,30,867,940
2019,8,18,9,30,285,734
2019,8,18,10,30,872,970
2019,8,18,11,30,843,884
2019,8,18,12,30,785,736
2019,8,18,13,30,701,545
2019,8,18,14,30,562,327
2019,8,18,15,30,301,115
2019,8,18,16,30,0,0
2019,8,18,17,30,0,0
2019,8,18,18,30,0,0
2019,8,18,19,30,0,0
2019,8,18,20,30,0,0
2019,8,18,21,30,0,0
2019,8,18,22,30,0,0
2019,8,18,23,30,0,0
2019,8,19,0,30,0,0
2019,8,19,1,30,0,0
2019,8,19,2,30,0,0
2019,8,19,3,30,78,33
2019,8,19,4,30,453,219
2019,8,19,5,30,658,442
2019,8,19,6,30,770,651
2019,8,19,7,30,833,822
2019,8,19,8,30,863,937
2019,8,19,9,30,897,993
2019,8,19,10,30,893,977
2019,8,19,11,30,870,891
2019,8,19,12,30,826,745
2019,8,19,13,30,743,551
2019,8,19,14,30,597,329
2019,8,19,15,30,309,112
2019,8,19,16,30,0,0
2019,8,19,17,30,0,0
2019,8,19,18,30,0,0
2019,8,19,19,30,0,0
2019,8,19,20,30,0,0
2019,8,19,21,30,0,0
2019,8,19,22,30,0,0
2019,8,19,23,30,0,0
2019,8,20,0,30,0,0
2019,8,20,1,30,0,0
2019,8,20,2,30,0,0
2019,8,20,3,30,91,31
2019,8,20,4,30,454,215
2019,8,20,5,30,644,435
2019,8,20,6,30,752,641
2019,8,20,7,30,813,810
2019,8,20,8,30,846,925
2019,8,20,9,30,815,964
2019,8,20,10,30,805,947
2019,8,20,11,30,780,863
2019,8,20,12,30,753,723
2019,8,20,13,30,670,533
2019,8,20,14,30,530,317
2019,8,20,15,30,261,106
2019,8,20,16,30,0,0
2019,8,20,17,30,0,0
2019,8,20,18,30,0,0
2019,8,20,19,30,0,0
2019,8,20,20,30,0,0
2019,8,20,21,30,0,0
2019,8,20,22,30,0,0
2019,8,20,23,30,0,0
2019,8,21,0,30,0,0
2019,8,21,1,30,0,0
2019,8,21,2,30,0,0
2019,8,21,3,30,67,29
2019,8,21,4,30,417,213
2019,8,21,5,30,647,437
2019,8,21,6,30,775,648
2019,8,21,7,30,845,820
2019,8,21,8,30,882,935
2019,8,21,9,30,887,984
2019,8,21,10,30,888,968
2019,8,21,11,30,870,883
2019,8,21,12,30,832,738
2019,8,21,13,30,761,547
2019,8,21,14,30,630,327
2019,8,21,15,30,354,110
2019,8,21,16,30,0,0
2019,8,21,17,30,0,0
2019,8,21,18,30,0,0
2019,8,21,19,30,0,0
2019,8,21,20,30,0,0
2019,8,21,21,30,0,0
2019,8,21,22,30,0,0
2019,8,21,23,30,0,0
2019,8,22,0,30,0,0
2019,8,22,1,30,0,0
2019,8,22,2,30,0,0
2019,8,22,3,30,104,30
2019,8,22,4,30,484,216
2019,8,22,5,30,682,439
2019,8,22,6,30,783,646
2019,8,22,7,30,836,813
2019,8,22,8,30,865,927
2019,8,22,9,30,895,981
2019,8,22,10,30,883,959
2019,8,22,11,30,854,872
2019,8,22,12,30,769,717
2019,8,22,13,30,676,524
2019,8,22,14,30,514,304
2019,8,22,15,30,221,96
2019,8,22,16,30,0,0
2019,8,22,17,30,0,0
2019,8,22,18,30,0,0
2019,8,22,19,30,0,0
2019,8,22,20,30,0,0
2019,8,22,21,30,0,0
2019,8,22,22,30,0,0
2019,8,22,23,30,0,0
2019,8,23,0,30,0,0
2019,8,23,1,30,0,0
2019,8,23,2,30,0,0
2019,8,23,3,30,26,23
2019,8,23,4,30,323,198
2019,8,23,5,30,543,414
2019,8,23,6,30,666,619
2019,8,23,7,30,736,786
2019,8,23,8,30,774,900
2019,8,23,9,30,800,951
2019,8,23,10,30,793,931
2019,8,23,11,30,767,845
2019,8,23,12,30,716,699
2019,8,23,13,30,628,509
2019,8,23,14,30,468,294
2019,8,23,15,30,183,90
2019,8,23,16,30,0,0
2019,8,23,17,30,0,0
2019,8,23,18,30,0,0
2019,8,23,19,30,0,0
2019,8,23,20,30,0,0
2019,8,23,21,30,0,0
2019,8,23,22,30,0,0
2019,8,23,23,30,0,0
2019,8,24,0,30,0,0
2019,8,24,1,30,0,0
2019,8,24,2,30,0,0
2019,8,24,3,30,35,23
2019,8,24,4,30,365,199
2019,8,24,5,30,600,419
2019,8,24,6,30,727,625
2019,8,24,7,30,796,794
2019,8,24,8,30,830,907
2019,8,24,9,30,868,962
2019,8,24,10,30,863,944
2019,8,24,11,30,839,857
2019,8,24,12,30,776,708
2019,8,24,13,30,691,517
2019,8,24,14,30,537,300
2019,8,24,15,30,241,92
2019,8,24,16,30,0,0
2019,8,24,17,30,0,0
2019,8,24,18,30,0,0
2019,8,24,19,30,0,0
2019,8,24,20,30,0,0
2019,8,24,21,30,0,0
2019,8,24,22,30,0,0
2019,8,24,23,30,0,0
2019,8,25,0,30,0,0
2019,8,25,1,30,0,0
2019,8,25,2,30,0,0
2019,8,25,3,30,36,23
2019,8,25,4,30,373,199
2019,8,25,5,30,587,415
2019,8,25,6,30,699,619
2019,8,25,7,30,763,786
2019,8,25,8,30,797,899
2019,8,25,9,30,860,961
2019,8,25,10,30,854,942
2019,8,25,11,30,829,856
2019,8,25,12,30,825,720
2019,8,25,13,30,756,529
2019,8,25,14,30,623,310
2019,8,25,15,30,340,96
2019,8,25,16,30,0,0
2019,8,25,17,30,0,0
2019,8,25,18,30,0,0
2019,8,25,19,30,0,0
2019,8,25,20,30,0,0
2019,8,25,21,30,0,0
2019,8,25,22,30,0,0
2019,8,25,23,30,0,0
2019,8,26,0,30,0,0
2019,8,26,1,30,0,0
2019,8,26,2,30,0,0
2019,8,26,3,30,88,25
2019,8,26,4,30,477,207
2019,8,26,5,30,665,428
2019,8,26,6,30,760,633
2019,8,26,7,30,809,800
2019,8,26,8,30,833,911
2019,8,26,9,30,871,966
2019,8,26,10,30,869,947
2019,8,26,11,30,847,858
2019,8,26,12,30,801,712
2019,8,26,13,30,718,518
2019,8,26,14,30,569,298
2019,8,26,15,30,271,88
2019,8,26,16,30,0,0
2019,8,26,17,30,0,0
2019,8,26,18,30,0,0
2019,8,26,19,30,0,0
2019,8,26,20,30,0,0
2019,8,26,21,30,0,0
2019,8,26,22,30,0,0
2019,8,26,23,30,0,0
2019,8,27,0,30,0,0
2019,8,27,1,30,0,0
2019,8,27,2,30,0,0
2019,8,27,3,30,60,23
2019,8,27,4,30,440,202
2019,8,27,5,30,642,422
2019,8,27,6,30,745,628
2019,8,27,7,30,796,794
2019,8,27,8,30,822,906
2019,8,27,9,30,765,938
2019,8,27,10,30,767,919
2019,8,27,11,30,746,833
2019,8,27,12,30,669,682
2019,8,27,13,30,567,489
2019,8,27,14,30,401,275
2019,8,27,15,30,118,74
2019,8,27,16,30,0,0
2019,8,27,17,30,0,0
2019,8,27,18,30,0,0
2019,8,27,19,30,0,0
2019,8,27,20,30,0,0
2019,8,27,21,30,0,0
2019,8,27,22,30,0,0
2019,8,27,23,30,0,0
2019,8,28,0,30,0,0
2019,8,28,1,30,0,0
2019,8,28,2,30,0,0
2019,8,28,3,30,15,17
2019,8,28,4,30,0,16
2019,8,28,5,30,539,405
2019,8,28,6,30,663,611
2019,8,28,7,30,732,778
2019,8,28,8,30,771,891
2019,8,28,9,30,795,941
2019,8,28,10,30,792,923
2019,8,28,11,30,766,835
2019,8,28,12,30,718,687
2019,8,28,13,30,626,495
2019,8,28,14,30,462,278
2019,8,28,15,30,162,76
2019,8,28,16,30,0,0
2019,8,28,17,30,0,0
2019,8,28,18,30,0,0
2019,8,28,19,30,0,0
2019,8,28,20,30,0,0
2019,8,28,21,30,0,0
2019,8,28,22,30,0,0
2019,8,28,23,30,0,0
2019,8,29,0,30,0,0
2019,8,29,1,30,0,0
2019,8,29,2,30,0,0
2019,8,29,3,30,20,17
2019,8,29,4,30,317,188
2019,8,29,5,30,533,403
2019,8,29,6,30,653,605
2019,8,29,7,30,718,771
2019,8,29,8,30,750,882
2019,8,29,9,30,803,940
2019,8,29,10,30,781,914
2019,8,29,11,30,741,823
2019,8,29,12,30,632,666
2019,8,29,13,30,522,472
2019,8,29,14,30,346,260
2019,8,29,15,30,84,65
2019,8,29,16,30,0,0
2019,8,29,17,30,0,0
2019,8,29,18,30,0,0
2019,8,29,19,30,0,0
2019,8,29,20,30,0,0
2019,8,29,21,30,0,0
2019,8,29,22,30,0,0
2019,8,29,23,30,0,0
2019,8,30,0,30,0,0
2019,8,30,1,30,0,0
2019,8,30,2,30,0,0
2019,8,30,3,30,5,11
2019,8,30,4,30,228,179
2019,8,30,5,30,457,391
2019,8,30,6,30,599,597
2019,8,30,7,30,679,765
2019,8,30,8,30,722,878
2019,8,30,9,30,760,931
2019,8,30,10,30,760,912
2019,8,30,11,30,737,824
2019,8,30,12,30,711,682
2019,8,30,13,30,618,489
2019,8,30,14,30,458,272
2019,8,30,15,30,155,70
2019,8,30,16,30,0,0
2019,8,30,17,30,0,0
2019,8,30,18,30,0,0
2019,8,30,19,30,0,0
2019,8,30,20,30,0,0
2019,8,30,21,30,0,0
2019,8,30,22,30,0,0
2019,8,30,23,30,0,0
2019,8,31,0,30,0,0
2019,8,31,1,30,0,0
2019,8,31,2,30,0,0
2019,8,31,3,30,3,10
2019,8,31,4,30,204,176
2019,8,31,5,30,445,392
2019,8,31,6,30,617,601
2019,8,31,7,30,717,772
2019,8,31,8,30,763,886
2019,8,31,9,30,859,953
2019,8,31,10,30,844,927
2019,8,31,11,30,805,835
2019,8,31,12,30,745,684
2019,8,31,13,30,639,486
2019,8,31,14,30,467,268
2019,8,31,15,30,150,67
2019,8,31,16,30,0,0
2019,8,31,17,30,0,0
2019,8,31,18,30,0,0
2019,8,31,19,30,0,0
2019,8,31,20,30,0,0
2019,8,31,21,30,0,0
2019,8,31,22,30,0,0
2019,8,31,23,30,0,0
2019,9,1,0,30,0,0
2019,9,1,1,30,0,0
2019,9,1,2,30,0,0
2019,9,1,3,30,5,12
2019,9,1,4,30,255,180
2019,9,1,5,30,483,393
2019,9,1,6,30,617,598
2019,9,1,7,30,694,766
2019,9,1,8,30,731,877
2019,9,1,9,30,732,921
2019,9,1,10,30,724,895
2019,9,1,11,30,697,806
2019,9,1,12,30,673,665
2019,9,1,13,30,582,473
2019,9,1,14,30,416,259
2019,9,1,15,30,111,61
2019,9,1,16,30,0,0
2019,9,1,17,30,0,0
2019,9,1,18,30,0,0
2019,9,1,19,30,0,0
2019,9,1,20,30,0,0
2019,9,1,21,30,0,0
2019,9,1,22,30,0,0
2019,9,1,23,30,0,0
2019,9,2,0,30,0,0
2019,9,2,1,30,0,0
2019,9,2,2,30,0,0
2019,9,2,3,30,5,11
2019,9,2,4,30,266,177
2019,9,2,5,30,500,395
2019,9,2,6,30,638,602
2019,9,2,7,30,714,771
2019,9,2,8,30,755,884
2019,9,2,9,30,844,948
2019,9,2,10,30,837,925
2019,9,2,11,30,809,835
2019,9,2,12,30,715,676
2019,9,2,13,30,616,479
2019,9,2,14,30,444,261
2019,9,2,15,30,123,60
2019,9,2,16,30,0,0
2019,9,2,17,30,0,0
2019,9,2,18,30,0,0
2019,9,2,19,30,0,0
2019,9,2,20,30,0,0
2019,9,2,21,30,0,0
2019,9,2,22,30,0,0
2019,9,2,23,30,0,0
2019,9,3,0,30,0,0
2019,9,3,1,30,0,0
2019,9,3,2,30,0,0
2019,9,3,3,30,12,14
2019,9,3,4,30,347,188
2019,9,3,5,30,585,410
2019,9,3,6,30,132,378
2019,9,3,7,30,797,794
2019,9,3,8,30,840,909
2019,9,3,9,30,879,962
2019,9,3,10,30,875,939
2019,9,3,11,30,849,845
2019,9,3,12,30,790,691
2019,9,3,13,30,700,492
2019,9,3,14,30,528,267
2019,9,3,15,30,180,62
2019,9,3,16,30,0,0
2019,9,3,17,30,0,0
2019,9,3,18,30,0,0
2019,9,3,19,30,0,0
2019,9,3,20,30,0,0
2019,9,3,21,30,0,0
2019,9,3,22,30,0,0
2019,9,3,23,30,0,0
2019,9,4,0,30,0,0
2019,9,4,1,30,0,0
2019,9,4,2,30,0,0
2019,9,4,3,30,23,15
2019,9,4,4,30,390,188
2019,9,4,5,30,607,407
2019,9,4,6,30,728,616
2019,9,4,7,30,800,787
2019,9,4,8,30,838,900
2019,9,4,9,30,872,950
2019,9,4,10,30,873,927
2019,9,4,11,30,854,837
2019,9,4,12,30,807,685
2019,9,4,13,30,718,487
2019,9,4,14,30,552,265
2019,9,4,15,30,201,60
2019,9,4,16,30,0,0
2019,9,4,17,30,0,0
2019,9,4,18,30,0,0
2019,9,4,19,30,0,0
2019,9,4,20,30,0,0
2019,9,4,21,30,0,0
2019,9,4,22,30,0,0
2019,9,4,23,30,0,0
2019,9,5,0,30,0,0
2019,9,5,1,30,0,0
2019,9,5,2,30,0,0
2019,9,5,3,30,17,13
2019,9,5,4,30,360,183
2019,9,5,5,30,587,402
2019,9,5,6,30,728,612
2019,9,5,7,30,807,782
2019,9,5,8,30,264,654
2019,9,5,9,30,879,947
2019,9,5,10,30,872,923
2019,9,5,11,30,847,832
2019,9,5,12,30,788,677
2019,9,5,13,30,690,479
2019,9,5,14,30,517,258
2019,9,5,15,30,171,55
2019,9,5,16,30,0,0
2019,9,5,17,30,0,0
2019,9,5,18,30,0,0
2019,9,5,19,30,0,0
2019,9,5,20,30,0,0
2019,9,5,21,30,0,0
2019,9,5,22,30,0,0
2019,9,5,23,30,0,0
2019,9,6,0,30,0,0
2019,9,6,1,30,0,0
2019,9,6,2,30,0,0
2019,9,6,3,30,40,14
2019,9,6,4,30,452,189
2019,9,6,5,30,667,412
2019,9,6,6,30,780,621
2019,9,6,7,30,839,789
2019,9,6,8,30,869,901
2019,9,6,9,30,863,942
2019,9,6,10,30,859,918
2019,9,6,11,30,839,826
2019,9,6,12,30,770,670
2019,9,6,13,30,686,473
2019,9,6,14,30,529,253
2019,9,6,15,30,181,52
2019,9,6,16,30,0,0
2019,9,6,17,30,0,0
2019,9,6,18,30,0,0
2019,9,6,19,30,0,0
2019,9,6,20,30,0,0
2019,9,6,21,30,0,0
2019,9,6,22,30,0,0
2019,9,6,23,30,0,0
2019,9,7,0,30,0,0
2019,9,7,1,30,0,0
2019,9,7,2,30,0,0
2019,9,7,3,30,30,13
2019,9,7,4,30,447,187
2019,9,7,5,30,671,411
2019,9,7,6,30,786,620
2019,9,7,7,30,846,789
2019,9,7,8,30,876,901
2019,9,7,9,30,896,948
2019,9,7,10,30,888,923
2019,9,7,11,30,863,829
2019,9,7,12,30,788,672
2019,9,7,13,30,694,472
2019,9,7,14,30,522,250
2019,9,7,15,30,157,50
2019,9,7,16,30,0,0
2019,9,7,17,30,0,0
2019,9,7,18,30,0,0
2019,9,7,19,30,0,0
2019,9,7,20,30,0,0
2019,9,7,21,30,0,0
2019,9,7,22,30,0,0
2019,9,7,23,30,0,0
2019,9,8,0,30,0,0
2019,9,8,1,30,0,0
2019,9,8,2,30,0,0
2019,9,8,3,30,12,10
2019,9,8,4,30,316,174
2019,9,8,5,30,521,387
2019,9,8,6,30,646,591
2019,9,8,7,30,720,756
2019,9,8,8,30,761,866
2019,9,8,9,30,744,903
2019,9,8,10,30,741,879
2019,9,8,11,30,717,788
2019,9,8,12,30,669,640
2019,9,8,13,30,576,446
2019,9,8,14,30,401,233
2019,9,8,15,30,80,42
2019,9,8,16,30,0,0
2019,9,8,17,30,0,0
2019,9,8,18,30,0,0
2019,9,8,19,30,0,0
2019,9,8,20,30,0,0
2019,9,8,21,30,0,0
2019,9,8,22,30,0,0
2019,9,8,23,30,0,0
2019,9,9,0,30,0,0
2019,9,9,1,30,0,0
2019,9,9,2,30,0,0
2019,9,9,3,30,13,11
2019,9,9,4,30,371,177
2019,9,9,5,30,83,222
2019,9,9,6,30,735,606
2019,9,9,7,30,805,774
2019,9,9,8,30,844,888
2019,9,9,9,30,878,937
2019,9,9,10,30,871,912
2019,9,9,11,30,844,818
2019,9,9,12,30,757,656
2019,9,9,13,30,647,456
2019,9,9,14,30,450,235
2019,9,9,15,30,93,41
2019,9,9,16,30,0,0
2019,9,9,17,30,0,0
2019,9,9,18,30,0,0
2019,9,9,19,30,0,0
2019,9,9,20,30,0,0
2019,9,9,21,30,0,0
2019,9,9,22,30,0,0
2019,9,9,23,30,0,0
2019,9,10,0,30,0,0
2019,9,10,1,30,0,0
2019,9,10,2,30,0,0
2019,9,10,3,30,10,9
2019,9,10,4,30,352,175
2019,9,10,5,30,603,398
2019,9,10,6,30,738,608
2019,9,10,7,30,810,778
2019,9,10,8,30,848,890
2019,9,10,9,30,852,932
2019,9,10,10,30,846,906
2019,9,10,11,30,817,811
2019,9,10,12,30,777,658
2019,9,10,13,30,673,456
2019,9,10,14,30,484,234
2019,9,10,15,30,111,39
2019,9,10,16,30,0,0
2019,9,10,17,30,0,0
2019,9,10,18,30,0,0
2019,9,10,19,30,0,0
2019,9,10,20,30,0,0
2019,9,10,21,30,0,0
2019,9,10,22,30,0,0
2019,9,10,23,30,0,0
2019,9,11,0,30,0,0
2019,9,11,1,30,0,0
2019,9,11,2,30,0,0
2019,9,11,3,30,12,9
2019,9,11,4,30,368,175
2019,9,11,5,30,609,396
2019,9,11,6,30,747,608
2019,9,11,7,30,820,778
2019,9,11,8,30,859,890
2019,9,11,9,30,873,935
2019,9,11,10,30,873,911
2019,9,11,11,30,851,816
2019,9,11,12,30,801,661
2019,9,11,13,30,706,460
2019,9,11,14,30,523,236
2019,9,11,15,30,130,38
2019,9,11,16,30,0,0
2019,9,11,17,30,0,0
2019,9,11,18,30,0,0
2019,9,11,19,30,0,0
2019,9,11,20,30,0,0
2019,9,11,21,30,0,0
2019,9,11,22,30,0,0
2019,9,11,23,30,0,0
2019,9,12,0,30,0,0
2019,9,12,1,30,0,0
2019,9,12,2,30,0,0
2019,9,12,3,30,21,10
2019,9,12,4,30,433,179
2019,9,12,5,30,664,403
2019,9,12,6,30,783,611
2019,9,12,7,30,849,780
2019,9,12,8,30,884,890
2019,9,12,9,30,887,932
2019,9,12,10,30,880,905
2019,9,12,11,30,855,809
2019,9,12,12,30,820,658
2019,9,12,13,30,724,456
2019,9,12,14,30,542,232
2019,9,12,15,30,138,36
2019,9,12,16,30,0,0
2019,9,12,17,30,0,0
2019,9,12,18,30,0,0
2019,9,12,19,30,0,0
2019,9,12,20,30,0,0
2019,9,12,21,30,0,0
2019,9,12,22,30,0,0
2019,9,12,23,30,0,0
2019,9,13,0,30,0,0
2019,9,13,1,30,0,0
2019,9,13,2,30,0,0
2019,9,13,3,30,0,0
2019,9,13,4,30,324,168
2019,9,13,5,30,581,389
2019,9,13,6,30,731,600
2019,9,13,7,30,812,771
2019,9,13,8,30,850,882
2019,9,13,9,30,859,925
2019,9,13,10,30,852,897
2019,9,13,11,30,822,799
2019,9,13,12,30,759,643
2019,9,13,13,30,650,440
2019,9,13,14,30,449,219
2019,9,13,15,30,70,30
2019,9,13,16,30,0,0
2019,9,13,17,30,0,0
2019,9,13,18,30,0,0
2019,9,13,19,30,0,0
2019,9,13,20,30,0,0
2019,9,13,21,30,0,0
2019,9,13,22,30,0,0
2019,9,13,23,30,0,0
2019,9,14,0,30,0,0
2019,9,14,1,30,0,0
2019,9,14,2,30,0,0
2019,9,14,3,30,0,0
2019,9,14,4,30,243,158
2019,9,14,5,30,42,189
2019,9,14,6,30,4,179
2019,9,14,7,30,699,737
2019,9,14,8,30,730,842
2019,9,14,9,30,773,890
2019,9,14,10,30,260,644
2019,9,14,11,30,239,561
2019,9,14,12,30,207,434
2019,9,14,13,30,151,277
2019,9,14,14,30,67,123
2019,9,14,15,30,0,15
2019,9,14,16,30,0,0
2019,9,14,17,30,0,0
2019,9,14,18,30,0,0
2019,9,14,19,30,0,0
2019,9,14,20,30,0,0
2019,9,14,21,30,0,0
2019,9,14,22,30,0,0
2019,9,14,23,30,0,0
2019,9,15,0,30,0,0
2019,9,15,1,30,0,0
2019,9,15,2,30,0,0
2019,9,15,3,30,0,0
2019,9,15,4,30,305,161
2019,9,15,5,30,533,374
2019,9,15,6,30,655,577
2019,9,15,7,30,719,739
2019,9,15,8,30,753,847
2019,9,15,9,30,811,898
2019,9,15,10,30,788,866
2019,9,15,11,30,737,766
2019,9,15,12,30,679,613
2019,9,15,13,30,549,414
2019,9,15,14,30,339,199
2019,9,15,15,30,27,21
2019,9,15,16,30,0,0
2019,9,15,17,30,0,0
2019,9,15,18,30,0,0
2019,9,15,19,30,0,0
2019,9,15,20,30,0,0
2019,9,15,21,30,0,0
2019,9,15,22,30,0,0
2019,9,15,23,30,0,0
2019,9,16,0,30,0,0
2019,9,16,1,30,0,0
2019,9,16,2,30,0,0
2019,9,16,3,30,0,0
2019,9,16,4,30,360,165
2019,9,16,5,30,592,382
2019,9,16,6,30,724,590
2019,9,16,7,30,799,757
2019,9,16,8,30,840,868
2019,9,16,9,30,852,910
2019,9,16,10,30,845,883
2019,9,16,11,30,815,785
2019,9,16,12,30,116,369
2019,9,16,13,30,609,421
2019,9,16,14,30,398,201
2019,9,16,15,30,33,20
2019,9,16,16,30,0,0
2019,9,16,17,30,0,0
2019,9,16,18,30,0,0
2019,9,16,19,30,0,0
2019,9,16,20,30,0,0
2019,9,16,21,30,0,0
2019,9,16,22,30,0,0
2019,9,16,23,30,0,0
2019,9,17,0,30,0,0
2019,9,17,1,30,0,0
2019,9,17,2,30,0,0
2019,9,17,3,30,0,0
2019,9,17,4,30,315,161
2019,9,17,5,30,563,378
2019,9,17,6,30,695,586
2019,9,17,7,30,767,752
2019,9,17,8,30,806,862
2019,9,17,9,30,831,906
2019,9,17,10,30,830,879
2019,9,17,11,30,805,782
2019,9,17,12,30,753,626
2019,9,17,13,30,657,426
2019,9,17,14,30,460,204
2019,9,17,15,30,56,20
2019,9,17,16,30,0,0
2019,9,17,17,30,0,0
2019,9,17,18,30,0,0
2019,9,17,19,30,0,0
2019,9,17,20,30,0,0
2019,9,17,21,30,0,0
2019,9,17,22,30,0,0
2019,9,17,23,30,0,0
2019,9,18,0,30,0,0
2019,9,18,1,30,0,0
2019,9,18,2,30,0,0
2019,9,18,3,30,0,0
2019,9,18,4,30,320,156
2019,9,18,5,30,550,372
2019,9,18,6,30,670,574
2019,9,18,7,30,738,738
2019,9,18,8,30,773,846
2019,9,18,9,30,841,900
2019,9,18,10,30,829,869
2019,9,18,11,30,791,770
2019,9,18,12,30,694,606
2019,9,18,13,30,570,404
2019,9,18,14,30,345,187
2019,9,18,15,30,13,14
2019,9,18,16,30,0,0
2019,9,18,17,30,0,0
2019,9,18,18,30,0,0
2019,9,18,19,30,0,0
2019,9,18,20,30,0,0
2019,9,18,21,30,0,0
2019,9,18,22,30,0,0
2019,9,18,23,30,0,0
2019,9,19,0,30,0,0
2019,9,19,1,30,0,0
2019,9,19,2,30,0,0
2019,9,19,3,30,0,0
2019,9,19,4,30,211,145
2019,9,19,5,30,444,355
2019,9,19,6,30,580,554
2019,9,19,7,30,657,716
2019,9,19,8,30,693,820
2019,9,19,9,30,648,848
2019,9,19,10,30,633,817
2019,9,19,11,30,596,721
2019,9,19,12,30,499,564
2019,9,19,13,30,380,372
2019,9,19,14,30,189,167
2019,9,19,15,30,2,7
2019,9,19,16,30,0,0
2019,9,19,17,30,0,0
2019,9,19,18,30,0,0
2019,9,19,19,30,0,0
2019,9,19,20,30,0,0
2019,9,19,21,30,0,0
2019,9,19,22,30,0,0
2019,9,19,23,30,0,0
2019,9,20,0,30,0,0
2019,9,20,1,30,0,0
2019,9,20,2,30,0,0
2019,9,20,3,30,0,0
2019,9,20,4,30,161,138
2019,9,20,5,30,386,343
2019,9,20,6,30,535,543
2019,9,20,7,30,624,705
2019,9,20,8,30,671,811
2019,9,20,9,30,699,852
2019,9,20,10,30,691,823
2019,9,20,11,30,657,727
2019,9,20,12,30,588,573
2019,9,20,13,30,458,377
2019,9,20,14,30,239,168
2019,9,20,15,30,2,7
2019,9,20,16,30,0,0
2019,9,20,17,30,0,0
2019,9,20,18,30,0,0
2019,9,20,19,30,0,0
2019,9,20,20,30,0,0
2019,9,20,21,30,0,0
2019,9,20,22,30,0,0
2019,9,20,23,30,0,0
2019,9,21,0,30,0,0
2019,9,21,1,30,0,0
2019,9,21,2,30,0,0
2019,9,21,3,30,0,0
2019,9,21,4,30,339,155
2019,9,21,5,30,602,374
2019,9,21,6,30,739,583
2019,9,21,7,30,812,749
2019,9,21,8,30,851,860
2019,9,21,9,30,860,900
2019,9,21,10,30,847,867
2019,9,21,11,30,810,766
2019,9,21,12,30,746,607
2019,9,21,13,30,624,403
2019,9,21,14,30,393,182
2019,9,21,15,30,11,10
2019,9,21,16,30,0,0
2019,9,21,17,30,0,0
2019,9,21,18,30,0,0
2019,9,21,19,30,0,0
2019,9,21,20,30,0,0
2019,9,21,21,30,0,0
2019,9,21,22,30,0,0
2019,9,21,23,30,0,0
2019,9,22,0,30,0,0
2019,9,22,1,30,0,0
2019,9,22,2,30,0,0
2019,9,22,3,30,0,0
2019,9,22,4,30,262,147
2019,9,22,5,30,527,364
2019,9,22,6,30,689,571
2019,9,22,7,30,777,739
2019,9,22,8,30,823,850
2019,9,22,9,30,756,870
2019,9,22,10,30,745,839
2019,9,22,11,30,709,739
2019,9,22,12,30,676,588
2019,9,22,13,30,553,386
2019,9,22,14,30,331,171
2019,9,22,15,30,5,8
2019,9,22,16,30,0,0
2019,9,22,17,30,0,0
2019,9,22,18,30,0,0
2019,9,22,19,30,0,0
2019,9,22,20,30,0,0
2019,9,22,21,30,0,0
2019,9,22,22,30,0,0
2019,9,22,23,30,0,0
2019,9,23,0,30,0,0
2019,9,23,1,30,0,0
2019,9,23,2,30,0,0
2019,9,23,3,30,0,0
2019,9,23,4,30,438,160
2019,9,23,5,30,678,383
2019,9,23,6,30,798,593
2019,9,23,7,30,861,760
2019,9,23,8,30,892,869
2019,9,23,9,30,925,914
2019,9,23,10,30,912,881
2019,9,23,11,30,878,778
2019,9,23,12,30,812,614
2019,9,23,13,30,695,407
2019,9,23,14,30,477,183
2019,9,23,15,30,0,0
2019,9,23,16,30,0,0
2019,9,23,17,30,0,0
2019,9,23,18,30,0,0
2019,9,23,19,30,0,0
2019,9,23,20,30,0,0
2019,9,23,21,30,0,0
2019,9,23,22,30,0,0
2019,9,23,23,30,0,0
2019,9,24,0,30,0,0
2019,9,24,1,30,0,0
2019,9,24,2,30,0,0
2019,9,24,3,30,0,0
2019,9,24,4,30,466,162
2019,9,24,5,30,707,388
2019,9,24,6,30,820,598
2019,9,24,7,30,879,766
2019,9,24,8,30,907,874
2019,9,24,9,30,914,912
2019,9,24,10,30,902,876
2019,9,24,11,30,871,774
2019,9,24,12,30,780,604
2019,9,24,13,30,664,398
2019,9,24,14,30,433,174
2019,9,24,15,30,0,0
2019,9,24,16,30,0,0
2019,9,24,17,30,0,0
2019,9,24,18,30,0,0
2019,9,24,19,30,0,0
2019,9,24,20,30,0,0
2019,9,24,21,30,0,0
2019,9,24,22,30,0,0
2019,9,24,23,30,0,0
2019,9,25,0,30,0,0
2019,9,25,1,30,0,0
2019,9,25,2,30,0,0
2019,9,25,3,30,0,0
2019,9,25,4,30,395,155
2019,9,25,5,30,658,379
2019,9,25,6,30,789,591
2019,9,25,7,30,860,760
2019,9,25,8,30,898,868
2019,9,25,9,30,926,914
2019,9,25,10,30,923,881
2019,9,25,11,30,900,780
2019,9,25,12,30,824,612
2019,9,25,13,30,716,404
2019,9,25,14,30,490,177
2019,9,25,15,30,0,0
2019,9,25,16,30,0,0
2019,9,25,17,30,0,0
2019,9,25,18,30,0,0
2019,9,25,19,30,0,0
2019,9,25,20,30,0,0
2019,9,25,21,30,0,0
2019,9,25,22,30,0,0
2019,9,25,23,30,0,0
2019,9,26,0,30,0,0
2019,9,26,1,30,0,0
2019,9,26,2,30,0,0
2019,9,26,3,30,0,0
2019,9,26,4,30,301,143
2019,9,26,5,30,569,360
2019,9,26,6,30,708,565
2019,9,26,7,30,783,730
2019,9,26,8,30,821,837
2019,9,26,9,30,783,864
2019,9,26,10,30,777,832
2019,9,26,11,30,745,731
2019,9,26,12,30,658,568
2019,9,26,13,30,536,367
2019,9,26,14,30,302,153
2019,9,26,15,30,0,0
2019,9,26,16,30,0,0
2019,9,26,17,30,0,0
2019,9,26,18,30,0,0
2019,9,26,19,30,0,0
2019,9,26,20,30,0,0
2019,9,26,21,30,0,0
2019,9,26,22,30,0,0
2019,9,26,23,30,0,0
2019,9,27,0,30,0,0
2019,9,27,1,30,0,0
2019,9,27,2,30,0,0
2019,9,27,3,30,0,0
2019,9,27,4,30,358,145
2019,9,27,5,30,610,363
2019,9,27,6,30,738,570
2019,9,27,7,30,808,735
2019,9,27,8,30,844,842
2019,9,27,9,30,875,884
2019,9,27,10,30,867,852
2019,9,27,11,30,835,749
2019,9,27,12,30,767,584
2019,9,27,13,30,643,378
2019,9,27,14,30,390,157
2019,9,27,15,30,0,0
2019,9,27,16,30,0,0
2019,9,27,17,30,0,0
2019,9,27,18,30,0,0
2019,9,27,19,30,0,0
2019,9,27,20,30,0,0
2019,9,27,21,30,0,0
2019,9,27,22,30,0,0
2019,9,27,23,30,0,0
2019,9,28,0,30,0,0
2019,9,28,1,30,0,0
2019,9,28,2,30,0,0
2019,9,28,3,30,0,0
2019,9,28,4,30,283,139
2019,9,28,5,30,540,351
2019,9,28,6,30,686,556
2019,9,28,7,30,769,721
2019,9,28,8,30,812,828
2019,9,28,9,30,870,875
2019,9,28,10,30,863,842
2019,9,28,11,30,834,740
2019,9,28,12,30,801,585
2019,9,28,13,30,689,380
2019,9,28,14,30,456,159
2019,9,28,15,30,0,0
2019,9,28,16,30,0,0
2019,9,28,17,30,0,0
2019,9,28,18,30,0,0
2019,9,28,19,30,0,0
2019,9,28,20,30,0,0
2019,9,28,21,30,0,0
2019,9,28,22,30,0,0
2019,9,28,23,30,0,0
2019,9,29,0,30,0,0
2019,9,29,1,30,0,0
2019,9,29,2,30,0,0
2019,9,29,3,30,0,0
2019,9,29,4,30,318,140
2019,9,29,5,30,575,356
2019,9,29,6,30,721,562
2019,9,29,7,30,804,727
2019,9,29,8,30,849,834
2019,9,29,9,30,861,871
2019,9,29,10,30,852,837
2019,9,29,11,30,818,732
2019,9,29,12,30,749,570
2019,9,29,13,30,624,366
2019,9,29,14,30,373,148
2019,9,29,15,30,0,0
2019,9,29,16,30,0,0
2019,9,29,17,30,0,0
2019,9,29,18,30,0,0
2019,9,29,19,30,0,0
2019,9,29,20,30,0,0
2019,9,29,21,30,0,0
2019,9,29,22,30,0,0
2019,9,29,23,30,0,0
2019,9,30,0,30,0,0
2019,9,30,1,30,0,0
2019,9,30,2,30,0,0
2019,9,30,3,30,0,0
2019,9,30,4,30,237,132
2019,9,30,5,30,494,343
2019,9,30,6,30,647,546
2019,9,30,7,30,742,711
2019,9,30,8,30,792,816
2019,9,30,9,30,857,864
2019,9,30,10,30,853,831
2019,9,30,11,30,829,731
2019,9,30,12,30,777,571
2019,9,30,13,30,657,366
2019,9,30,14,30,407,147
2019,9,30,15,30,0,0
2019,9,30,16,30,0,0
2019,9,30,17,30,0,0
2019,9,30,18,30,0,0
2019,9,30,19,30,0,0
2019,9,30,20,30,0,0
2019,9,30,21,30,0,0
2019,9,30,22,30,0,0
2019,9,30,23,30,0,0
2019,10,1,0,30,0,0
2019,10,1,1,30,0,0
2019,10,1,2,30,0,0
2019,10,1,3,30,0,0
2019,10,1,4,30,234,128
2019,10,1,5,30,11,144
2019,10,1,6,30,634,536
2019,10,1,7,30,727,700
2019,10,1,8,30,778,805
2019,10,1,9,30,826,848
2019,10,1,10,30,821,815
2019,10,1,11,30,789,713
2019,10,1,12,30,707,550
2019,10,1,13,30,582,349
2019,10,1,14,30,329,136
2019,10,1,15,30,0,0
2019,10,1,16,30,0,0
2019,10,1,17,30,0,0
2019,10,1,18,30,0,0
2019,10,1,19,30,0,0
2019,10,1,20,30,0,0
2019,10,1,21,30,0,0
2019,10,1,22,30,0,0
2019,10,1,23,30,0,0
2019,10,2,0,30,0,0
2019,10,2,1,30,0,0
2019,10,2,2,30,0,0
2019,10,2,3,30,0,0
2019,10,2,4,30,354,137
2019,10,2,5,30,611,352
2019,10,2,6,30,742,556
2019,10,2,7,30,812,719
2019,10,2,8,30,848,822
2019,10,2,9,30,867,860
2019,10,2,10,30,847,824
2019,10,2,11,30,804,718
2019,10,2,12,30,717,552
2019,10,2,13,30,568,345
2019,10,2,14,30,285,130
2019,10,2,15,30,0,0
2019,10,2,16,30,0,0
2019,10,2,17,30,0,0
2019,10,2,18,30,0,0
2019,10,2,19,30,0,0
2019,10,2,20,30,0,0
2019,10,2,21,30,0,0
2019,10,2,22,30,0,0
2019,10,2,23,30,0,0
2019,10,3,0,30,0,0
2019,10,3,1,30,0,0
2019,10,3,2,30,0,0
2019,10,3,3,30,0,0
2019,10,3,4,30,411,139
2019,10,3,5,30,673,359
2019,10,3,6,30,801,566
2019,10,3,7,30,870,731
2019,10,3,8,30,904,836
2019,10,3,9,30,855,858
2019,10,3,10,30,848,823
2019,10,3,11,30,819,719
2019,10,3,12,30,804,565
2019,10,3,13,30,690,359
2019,10,3,14,30,443,139
2019,10,3,15,30,0,0
2019,10,3,16,30,0,0
2019,10,3,17,30,0,0
2019,10,3,18,30,0,0
2019,10,3,19,30,0,0
2019,10,3,20,30,0,0
2019,10,3,21,30,0,0
2019,10,3,22,30,0,0
2019,10,3,23,30,0,0
2019,10,4,0,30,0,0
2019,10,4,1,30,0,0
2019,10,4,2,30,0,0
2019,10,4,3,30,0,0
2019,10,4,4,30,477,143
2019,10,4,5,30,717,364
2019,10,4,6,30,830,571
2019,10,4,7,30,887,735
2019,10,4,8,30,910,836
2019,10,4,9,30,911,870
2019,10,4,10,30,895,830
2019,10,4,11,30,854,721
2019,10,4,12,30,788,555
2019,10,4,13,30,658,348
2019,10,4,14,30,389,130
2019,10,4,15,30,0,0
2019,10,4,16,30,0,0
2019,10,4,17,30,0,0
2019,10,4,18,30,0,0
2019,10,4,19,30,0,0
2019,10,4,20,30,0,0
2019,10,4,21,30,0,0
2019,10,4,22,30,0,0
2019,10,4,23,30,0,0
2019,10,5,0,30,0,0
2019,10,5,1,30,0,0
2019,10,5,2,30,0,0
2019,10,5,3,30,0,0
2019,10,5,4,30,313,123
2019,10,5,5,30,563,329
2019,10,5,6,30,685,525
2019,10,5,7,30,433,578
2019,10,5,8,30,771,780
2019,10,5,9,30,321,638
2019,10,5,10,30,293,595
2019,10,5,11,30,669,664
2019,10,5,12,30,277,394
2019,10,5,13,30,0,27
2019,10,5,14,30,0,27
2019,10,5,15,30,0,0
2019,10,5,16,30,0,0
2019,10,5,17,30,0,0
2019,10,5,18,30,0,0
2019,10,5,19,30,0,0
2019,10,5,20,30,0,0
2019,10,5,21,30,0,0
2019,10,5,22,30,0,0
2019,10,5,23,30,0,0
2019,10,6,0,30,0,0
2019,10,6,1,30,0,0
2019,10,6,2,30,0,0
2019,10,6,3,30,0,0
2019,10,6,4,30,299,123
2019,10,6,5,30,574,334
2019,10,6,6,30,713,536
2019,10,6,7,30,790,699
2019,10,6,8,30,828,802
2019,10,6,9,30,818,832
2019,10,6,10,30,807,793
2019,10,6,11,30,769,689
2019,10,6,12,30,687,524
2019,10,6,13,30,536,320
2019,10,6,14,30,249,111
2019,10,6,15,30,0,0
2019,10,6,16,30,0,0
2019,10,6,17,30,0,0
2019,10,6,18,30,0,0
2019,10,6,19,30,0,0
2019,10,6,20,30,0,0
2019,10,6,21,30,0,0
2019,10,6,22,30,0,0
2019,10,6,23,30,0,0
2019,10,7,0,30,0,0
2019,10,7,1,30,0,0
2019,10,7,2,30,0,0
2019,10,7,3,30,0,0
2019,10,7,4,30,311,122
2019,10,7,5,30,580,332
2019,10,7,6,30,716,532
2019,10,7,7,30,792,693
2019,10,7,8,30,828,795
2019,10,7,9,30,848,830
2019,10,7,10,30,839,795
2019,10,7,11,30,803,689
2019,10,7,12,30,745,529
2019,10,7,13,30,615,326
2019,10,7,14,30,336,114
2019,10,7,15,30,0,0
2019,10,7,16,30,0,0
2019,10,7,17,30,0,0
2019,10,7,18,30,0,0
2019,10,7,19,30,0,0
2019,10,7,20,30,0,0
2019,10,7,21,30,0,0
2019,10,7,22,30,0,0
2019,10,7,23,30,0,0
2019,10,8,0,30,0,0
2019,10,8,1,30,0,0
2019,10,8,2,30,0,0
2019,10,8,3,30,0,0
2019,10,8,4,30,284,118
2019,10,8,5,30,558,328
2019,10,8,6,30,693,528
2019,10,8,7,30,761,685
2019,10,8,8,30,793,785
2019,10,8,9,30,839,826
2019,10,8,10,30,828,790
2019,10,8,11,30,789,685
2019,10,8,12,30,719,521
2019,10,8,13,30,569,317
2019,10,8,14,30,266,107
2019,10,8,15,30,0,0
2019,10,8,16,30,0,0
2019,10,8,17,30,0,0
2019,10,8,18,30,0,0
2019,10,8,19,30,0,0
2019,10,8,20,30,0,0
2019,10,8,21,30,0,0
2019,10,8,22,30,0,0
2019,10,8,23,30,0,0
2019,10,9,0,30,0,0
2019,10,9,1,30,0,0
2019,10,9,2,30,0,0
2019,10,9,3,30,0,0
2019,10,9,4,30,276,115
2019,10,9,5,30,557,324
2019,10,9,6,30,698,524
2019,10,9,7,30,772,683
2019,10,9,8,30,807,782
2019,10,9,9,30,854,823
2019,10,9,10,30,843,783
2019,10,9,11,30,804,677
2019,10,9,12,30,725,512
2019,10,9,13,30,581,310
2019,10,9,14,30,286,103
2019,10,9,15,30,0,0
2019,10,9,16,30,0,0
2019,10,9,17,30,0,0
2019,10,9,18,30,0,0
2019,10,9,19,30,0,0
2019,10,9,20,30,0,0
2019,10,9,21,30,0,0
2019,10,9,22,30,0,0
2019,10,9,23,30,0,0
2019,10,10,0,30,0,0
2019,10,10,1,30,0,0
2019,10,10,2,30,0,0
2019,10,10,3,30,0,0
2019,10,10,4,30,269,111
2019,10,10,5,30,539,314
2019,10,10,6,30,673,510
2019,10,10,7,30,742,665
2019,10,10,8,30,773,762
2019,10,10,9,30,736,783
2019,10,10,10,30,719,745
2019,10,10,11,30,675,641
2019,10,10,12,30,572,479
2019,10,10,13,30,136,195
2019,10,10,14,30,47,61
2019,10,10,15,30,0,0
2019,10,10,16,30,0,0
2019,10,10,17,30,0,0
2019,10,10,18,30,0,0
2019,10,10,19,30,0,0
2019,10,10,20,30,0,0
2019,10,10,21,30,0,0
2019,10,10,22,30,0,0
2019,10,10,23,30,0,0
2019,10,11,0,30,0,0
2019,10,11,1,30,0,0
2019,10,11,2,30,0,0
2019,10,11,3,30,0,0
2019,10,11,4,30,190,104
2019,10,11,5,30,469,306
2019,10,11,6,30,625,504
2019,10,11,7,30,711,662
2019,10,11,8,30,757,764
2019,10,11,9,30,841,811
2019,10,11,10,30,840,775
2019,10,11,11,30,807,670
2019,10,11,12,30,726,507
2019,10,11,13,30,289,234
2019,10,11,14,30,265,97
2019,10,11,15,30,0,0
2019,10,11,16,30,0,0
2019,10,11,17,30,0,0
2019,10,11,18,30,0,0
2019,10,11,19,30,0,0
2019,10,11,20,30,0,0
2019,10,11,21,30,0,0
2019,10,11,22,30,0,0
2019,10,11,23,30,0,0
2019,10,12,0,30,0,0
2019,10,12,1,30,0,0
2019,10,12,2,30,0,0
2019,10,12,3,30,0,0
2019,10,12,4,30,210,106
2019,10,12,5,30,497,310
2019,10,12,6,30,669,511
2019,10,12,7,30,759,668
2019,10,12,8,30,803,768
2019,10,12,9,30,804,798
2019,10,12,10,30,794,759
2019,10,12,11,30,761,655
2019,10,12,12,30,676,492
2019,10,12,13,30,534,294
2019,10,12,14,30,243,91
2019,10,12,15,30,0,0
2019,10,12,16,30,0,0
2019,10,12,17,30,0,0
2019,10,12,18,30,0,0
2019,10,12,19,30,0,0
2019,10,12,20,30,0,0
2019,10,12,21,30,0,0
2019,10,12,22,30,0,0
2019,10,12,23,30,0,0
2019,10,13,0,30,0,0
2019,10,13,1,30,0,0
2019,10,13,2,30,0,0
2019,10,13,3,30,0,0
2019,10,13,4,30,242,103
2019,10,13,5,30,511,304
2019,10,13,6,30,648,498
2019,10,13,7,30,721,654
2019,10,13,8,30,755,751
2019,10,13,9,30,772,784
2019,10,13,10,30,758,745
2019,10,13,11,30,716,641
2019,10,13,12,30,627,480
2019,10,13,13,30,461,280
2019,10,13,14,30,160,81
2019,10,13,15,30,0,0
2019,10,13,16,30,0,0
2019,10,13,17,30,0,0
2019,10,13,18,30,0,0
2019,10,13,19,30,0,0
2019,10,13,20,30,0,0
2019,10,13,21,30,0,0
2019,10,13,22,30,0,0
2019,10,13,23,30,0,0
2019,10,14,0,30,0,0
2019,10,14,1,30,0,0
2019,10,14,2,30,0,0
2019,10,14,3,30,0,0
2019,10,14,4,30,155,94
2019,10,14,5,30,421,290
2019,10,14,6,30,581,483
2019,10,14,7,30,676,640
2019,10,14,8,30,727,741
2019,10,14,9,30,741,772
2019,10,14,10,30,728,733
2019,10,14,11,30,688,631
2019,10,14,12,30,602,470
2019,10,14,13,30,439,273
2019,10,14,14,30,0,20
2019,10,14,15,30,0,0
2019,10,14,16,30,0,0
2019,10,14,17,30,0,0
2019,10,14,18,30,0,0
2019,10,14,19,30,0,0
2019,10,14,20,30,0,0
2019,10,14,21,30,0,0
2019,10,14,22,30,0,0
2019,10,14,23,30,0,0
2019,10,15,0,30,0,0
2019,10,15,1,30,0,0
2019,10,15,2,30,0,0
2019,10,15,3,30,0,0
2019,10,15,4,30,101,88
2019,10,15,5,30,295,274
2019,10,15,6,30,404,456
2019,10,15,7,30,466,601
2019,10,15,8,30,371,602
2019,10,15,9,30,429,647
2019,10,15,10,30,0,57
2019,10,15,11,30,0,86
2019,10,15,12,30,0,136
2019,10,15,13,30,0,12
2019,10,15,14,30,37,58
2019,10,15,15,30,0,0
2019,10,15,16,30,0,0
2019,10,15,17,30,0,0
2019,10,15,18,30,0,0
2019,10,15,19,30,0,0
2019,10,15,20,30,0,0
2019,10,15,21,30,0,0
2019,10,15,22,30,0,0
2019,10,15,23,30,0,0
2019,10,16,0,30,0,0
2019,10,16,1,30,0,0
2019,10,16,2,30,0,0
2019,10,16,3,30,0,0
2019,10,16,4,30,0,8
2019,10,16,5,30,211,216
2019,10,16,6,30,456,456
2019,10,16,7,30,268,477
2019,10,16,8,30,599,702
2019,10,16,9,30,392,633
2019,10,16,10,30,583,692
2019,10,16,11,30,215,439
2019,10,16,12,30,434,435
2019,10,16,13,30,265,245
2019,10,16,14,30,46,59
2019,10,16,15,30,0,0
2019,10,16,16,30,0,0
2019,10,16,17,30,0,0
2019,10,16,18,30,0,0
2019,10,16,19,30,0,0
2019,10,16,20,30,0,0
2019,10,16,21,30,0,0
2019,10,16,22,30,0,0
2019,10,16,23,30,0,0
2019,10,17,0,30,0,0
2019,10,17,1,30,0,0
2019,10,17,2,30,0,0
2019,10,17,3,30,0,0
2019,10,17,4,30,86,82
2019,10,17,5,30,314,272
2019,10,17,6,30,473,459
2019,10,17,7,30,569,610
2019,10,17,8,30,624,707
2019,10,17,9,30,659,742
2019,10,17,10,30,659,707
2019,10,17,11,30,633,609
2019,10,17,12,30,608,460
2019,10,17,13,30,479,268
2019,10,17,14,30,186,73
2019,10,17,15,30,0,0
2019,10,17,16,30,0,0
2019,10,17,17,30,0,0
2019,10,17,18,30,0,0
2019,10,17,19,30,0,0
2019,10,17,20,30,0,0
2019,10,17,21,30,0,0
2019,10,17,22,30,0,0
2019,10,17,23,30,0,0
2019,10,18,0,30,0,0
2019,10,18,1,30,0,0
2019,10,18,2,30,0,0
2019,10,18,3,30,0,0
2019,10,18,4,30,236,96
2019,10,18,5,30,0,92
2019,10,18,6,30,670,490
2019,10,18,7,30,758,646
2019,10,18,8,30,418,609
2019,10,18,9,30,765,767
2019,10,18,10,30,759,729
2019,10,18,11,30,719,623
2019,10,18,12,30,661,466
2019,10,18,13,30,504,267
2019,10,18,14,30,182,70
2019,10,18,15,30,0,0
2019,10,18,16,30,0,0
2019,10,18,17,30,0,0
2019,10,18,18,30,0,0
2019,10,18,19,30,0,0
2019,10,18,20,30,0,0
2019,10,18,21,30,0,0
2019,10,18,22,30,0,0
2019,10,18,23,30,0,0
2019,10,19,0,30,0,0
2019,10,19,1,30,0,0
2019,10,19,2,30,0,0
2019,10,19,3,30,0,0
2019,10,19,4,30,215,91
2019,10,19,5,30,502,289
2019,10,19,6,30,650,481
2019,10,19,7,30,727,634
2019,10,19,8,30,761,729
2019,10,19,9,30,773,758
2019,10,19,10,30,748,716
2019,10,19,11,30,694,608
2019,10,19,12,30,602,448
2019,10,19,13,30,435,253
2019,10,19,14,30,125,63
2019,10,19,15,30,0,0
2019,10,19,16,30,0,0
2019,10,19,17,30,0,0
2019,10,19,18,30,0,0
2019,10,19,19,30,0,0
2019,10,19,20,30,0,0
2019,10,19,21,30,0,0
2019,10,19,22,30,0,0
2019,10,19,23,30,0,0
2019,10,20,0,30,0,0
2019,10,20,1,30,0,0
2019,10,20,2,30,0,0
2019,10,20,3,30,0,0
2019,10,20,4,30,237,91
2019,10,20,5,30,527,289
2019,10,20,6,30,678,482
2019,10,20,7,30,762,637
2019,10,20,8,30,801,732
2019,10,20,9,30,791,758
2019,10,20,10,30,773,717
2019,10,20,11,30,726,610
2019,10,20,12,30,679,456
2019,10,20,13,30,512,258
2019,10,20,14,30,176,64
2019,10,20,15,30,0,0
2019,10,20,16,30,0,0
2019,10,20,17,30,0,0
2019,10,20,18,30,0,0
2019,10,20,19,30,0,0
2019,10,20,20,30,0,0
2019,10,20,21,30,0,0
2019,10,20,22,30,0,0
2019,10,20,23,30,0,0
2019,10,21,0,30,0,0
2019,10,21,1,30,0,0
2019,10,21,2,30,0,0
2019,10,21,3,30,0,0
2019,10,21,4,30,158,83
2019,10,21,5,30,427,274
2019,10,21,6,30,577,462
2019,10,21,7,30,659,610
2019,10,21,8,30,703,707
2019,10,21,9,30,776,748
2019,10,21,10,30,757,707
2019,10,21,11,30,709,602
2019,10,21,12,30,629,443
2019,10,21,13,30,458,247
2019,10,21,14,30,134,58
2019,10,21,15,30,0,0
2019,10,21,16,30,0,0
2019,10,21,17,30,0,0
2019,10,21,18,30,0,0
2019,10,21,19,30,0,0
2019,10,21,20,30,0,0
2019,10,21,21,30,0,0
2019,10,21,22,30,0,0
2019,10,21,23,30,0,0
2019,10,22,0,30,0,0
2019,10,22,1,30,0,0
2019,10,22,2,30,0,0
2019,10,22,3,30,0,0
2019,10,22,4,30,133,78
2019,10,22,5,30,179,195
2019,10,22,6,30,61,245
2019,10,22,7,30,379,506
2019,10,22,8,30,514,624
2019,10,22,9,30,496,642
2019,10,22,10,30,153,451
2019,10,22,11,30,295,456
2019,10,22,12,30,186,300
2019,10,22,13,30,60,138
2019,10,22,14,30,72,51
2019,10,22,15,30,0,0
2019,10,22,16,30,0,0
2019,10,22,17,30,0,0
2019,10,22,18,30,0,0
2019,10,22,19,30,0,0
2019,10,22,20,30,0,0
2019,10,22,21,30,0,0
2019,10,22,22,30,0,0
2019,10,22,23,30,0,0
2019,10,23,0,30,0,0
2019,10,23,1,30,0,0
2019,10,23,2,30,0,0
2019,10,23,3,30,0,0
2019,10,23,4,30,109,74
2019,10,23,5,30,384,263
2019,10,23,6,30,555,450
2019,10,23,7,30,321,480
2019,10,23,8,30,578,645
2019,10,23,9,30,726,730
2019,10,23,10,30,358,559
2019,10,23,11,30,658,585
2019,10,23,12,30,501,417
2019,10,23,13,30,3,105
2019,10,23,14,30,79,50
2019,10,23,15,30,0,0
2019,10,23,16,30,0,0
2019,10,23,17,30,0,0
2019,10,23,18,30,0,0
2019,10,23,19,30,0,0
2019,10,23,20,30,0,0
2019,10,23,21,30,0,0
2019,10,23,22,30,0,0
2019,10,23,23,30,0,0
2019,10,24,0,30,0,0
2019,10,24,1,30,0,0
2019,10,24,2,30,0,0
2019,10,24,3,30,0,0
2019,10,24,4,30,177,79
2019,10,24,5,30,480,273
2019,10,24,6,30,644,465
2019,10,24,7,30,736,618
2019,10,24,8,30,785,717
2019,10,24,9,30,797,746
2019,10,24,10,30,776,702
2019,10,24,11,30,721,593
2019,10,24,12,30,632,433
2019,10,24,13,30,457,238
2019,10,24,14,30,120,51
2019,10,24,15,30,0,0
2019,10,24,16,30,0,0
2019,10,24,17,30,0,0
2019,10,24,18,30,0,0
2019,10,24,19,30,0,0
2019,10,24,20,30,0,0
2019,10,24,21,30,0,0
2019,10,24,22,30,0,0
2019,10,24,23,30,0,0
2019,10,25,0,30,0,0
2019,10,25,1,30,0,0
2019,10,25,2,30,0,0
2019,10,25,3,30,0,0
2019,10,25,4,30,184,77
2019,10,25,5,30,482,269
2019,10,25,6,30,635,459
2019,10,25,7,30,716,610
2019,10,25,8,30,756,705
2019,10,25,9,30,775,733
2019,10,25,10,30,310,530
2019,10,25,11,30,272,436
2019,10,25,12,30,590,424
2019,10,25,13,30,401,230
2019,10,25,14,30,13,32
2019,10,25,15,30,0,0
2019,10,25,16,30,0,0
2019,10,25,17,30,0,0
2019,10,25,18,30,0,0
2019,10,25,19,30,0,0
2019,10,25,20,30,0,0
2019,10,25,21,30,0,0
2019,10,25,22,30,0,0
2019,10,25,23,30,0,0
2019,10,26,0,30,0,0
2019,10,26,1,30,0,0
2019,10,26,2,30,0,0
2019,10,26,3,30,0,0
2019,10,26,4,30,0,6
2019,10,26,5,30,0,12
2019,10,26,6,30,0,90
2019,10,26,7,30,9,206
2019,10,26,8,30,130,428
2019,10,26,9,30,12,243
2019,10,26,10,30,6,200
2019,10,26,11,30,0,37
2019,10,26,12,30,0,23
2019,10,26,13,30,0,12
2019,10,26,14,30,0,5
2019,10,26,15,30,0,0
2019,10,26,16,30,0,0
2019,10,26,17,30,0,0
2019,10,26,18,30,0,0
2019,10,26,19,30,0,0
2019,10,26,20,30,0,0
2019,10,26,21,30,0,0
2019,10,26,22,30,0,0
2019,10,26,23,30,0,0
2019,10,27,0,30,0,0
2019,10,27,1,30,0,0
2019,10,27,2,30,0,0
2019,10,27,3,30,0,0
2019,10,27,4,30,135,69
2019,10,27,5,30,422,255
2019,10,27,6,30,588,442
2019,10,27,7,30,675,591
2019,10,27,8,30,717,686
2019,10,27,9,30,737,715
2019,10,27,10,30,713,673
2019,10,27,11,30,657,568
2019,10,27,12,30,405,354
2019,10,27,13,30,356,218
2019,10,27,14,30,62,40
2019,10,27,15,30,0,0
2019,10,27,16,30,0,0
2019,10,27,17,30,0,0
2019,10,27,18,30,0,0
2019,10,27,19,30,0,0
2019,10,27,20,30,0,0
2019,10,27,21,30,0,0
2019,10,27,22,30,0,0
2019,10,27,23,30,0,0
2019,10,28,0,30,0,0
2019,10,28,1,30,0,0
2019,10,28,2,30,0,0
2019,10,28,3,30,0,0
2019,10,28,4,30,118,67
2019,10,28,5,30,0,21
2019,10,28,6,30,84,251
2019,10,28,7,30,690,595
2019,10,28,8,30,745,691
2019,10,28,9,30,210,496
2019,10,28,10,30,757,683
2019,10,28,11,30,150,364
2019,10,28,12,30,8,160
2019,10,28,13,30,437,224
2019,10,28,14,30,99,42
2019,10,28,15,30,0,0
2019,10,28,16,30,0,0
2019,10,28,17,30,0,0
2019,10,28,18,30,0,0
2019,10,28,19,30,0,0
2019,10,28,20,30,0,0
2019,10,28,21,30,0,0
2019,10,28,22,30,0,0
2019,10,28,23,30,0,0
2019,10,29,0,30,0,0
2019,10,29,1,30,0,0
2019,10,29,2,30,0,0
2019,10,29,3,30,0,0
2019,10,29,4,30,237,73
2019,10,29,5,30,570,269
2019,10,29,6,30,749,466
2019,10,29,7,30,833,620
2019,10,29,8,30,869,715
2019,10,29,9,30,801,728
2019,10,29,10,30,788,688
2019,10,29,11,30,744,580
2019,10,29,12,30,68,221
2019,10,29,13,30,0,18
2019,10,29,14,30,0,4
2019,10,29,15,30,0,0
2019,10,29,16,30,0,0
2019,10,29,17,30,0,0
2019,10,29,18,30,0,0
2019,10,29,19,30,0,0
2019,10,29,20,30,0,0
2019,10,29,21,30,0,0
2019,10,29,22,30,0,0
2019,10,29,23,30,0,0
2019,10,30,0,30,0,0
2019,10,30,1,30,0,0
2019,10,30,2,30,0,0
2019,10,30,3,30,0,0
2019,10,30,4,30,250,72
2019,10,30,5,30,570,266
2019,10,30,6,30,721,457
2019,10,30,7,30,798,609
2019,10,30,8,30,836,703
2019,10,30,9,30,366,568
2019,10,30,10,30,13,235
2019,10,30,11,30,760,579
2019,10,30,12,30,164,268
2019,10,30,13,30,466,220
2019,10,30,14,30,118,39
2019,10,30,15,30,0,0
2019,10,30,16,30,0,0
2019,10,30,17,30,0,0
2019,10,30,18,30,0,0
2019,10,30,19,30,0,0
2019,10,30,20,30,0,0
2019,10,30,21,30,0,0
2019,10,30,22,30,0,0
2019,10,30,23,30,0,0
2019,10,31,0,30,0,0
2019,10,31,1,30,0,0
2019,10,31,2,30,0,0
2019,10,31,3,30,0,0
2019,10,31,4,30,200,67
2019,10,31,5,30,527,258
2019,10,31,6,30,689,449
2019,10,31,7,30,778,603
2019,10,31,8,30,821,699
2019,10,31,9,30,814,724
2019,10,31,10,30,802,683
2019,10,31,11,30,760,577
2019,10,31,12,30,664,414
2019,10,31,13,30,483,220
2019,10,31,14,30,122,37
2019,10,31,15,30,0,0
2019,10,31,16,30,0,0
2019,10,31,17,30,0,0
2019,10,31,18,30,0,0
2019,10,31,19,30,0,0
2019,10,31,20,30,0,0
2019,10,31,21,30,0,0
2019,10,31,22,30,0,0
2019,10,31,23,30,0,0
2019,11,1,0,30,0,0
2019,11,1,1,30,0,0
2019,11,1,2,30,0,0
2019,11,1,3,30,0,0
2019,11,1,4,30,146,62
2019,11,1,5,30,451,247
2019,11,1,6,30,621,434
2019,11,1,7,30,722,587
2019,11,1,8,30,774,683
2019,11,1,9,30,805,714
2019,11,1,10,30,802,676
2019,11,1,11,30,134,343
2019,11,1,12,30,664,411
2019,11,1,13,30,500,219
2019,11,1,14,30,131,37
2019,11,1,15,30,0,0
2019,11,1,16,30,0,0
2019,11,1,17,30,0,0
2019,11,1,18,30,0,0
2019,11,1,19,30,0,0
2019,11,1,20,30,0,0
2019,11,1,21,30,0,0
2019,11,1,22,30,0,0
2019,11,1,23,30,0,0
2019,11,2,0,30,0,0
2019,11,2,1,30,0,0
2019,11,2,2,30,0,0
2019,11,2,3,30,0,0
2019,11,2,4,30,222,65
2019,11,2,5,30,553,254
2019,11,2,6,30,717,444
2019,11,2,7,30,802,596
2019,11,2,8,30,842,691
2019,11,2,9,30,824,713
2019,11,2,10,30,814,673
2019,11,2,11,30,776,568
2019,11,2,12,30,684,408
2019,11,2,13,30,0,16
2019,11,2,14,30,135,36
2019,11,2,15,30,0,0
2019,11,2,16,30,0,0
2019,11,2,17,30,0,0
2019,11,2,18,30,0,0
2019,11,2,19,30,0,0
2019,11,2,20,30,0,0
2019,11,2,21,30,0,0
2019,11,2,22,30,0,0
2019,11,2,23,30,0,0
2019,11,3,0,30,0,0
2019,11,3,1,30,0,0
2019,11,3,2,30,0,0
2019,11,3,3,30,0,0
2019,11,3,4,30,204,61
2019,11,3,5,30,541,251
2019,11,3,6,30,694,441
2019,11,3,7,30,772,591
2019,11,3,8,30,810,686
2019,11,3,9,30,834,715
2019,11,3,10,30,821,674
2019,11,3,11,30,780,568
2019,11,3,12,30,669,404
2019,11,3,13,30,487,210
2019,11,3,14,30,94,32
2019,11,3,15,30,0,0
2019,11,3,16,30,0,0
2019,11,3,17,30,0,0
2019,11,3,18,30,0,0
2019,11,3,19,30,0,0
2019,11,3,20,30,0,0
2019,11,3,21,30,0,0
2019,11,3,22,30,0,0
2019,11,3,23,30,0,0
2019,11,4,0,30,0,0
2019,11,4,1,30,0,0
2019,11,4,2,30,0,0
2019,11,4,3,30,0,0
2019,11,4,4,30,261,63
2019,11,4,5,30,611,257
2019,11,4,6,30,762,451
2019,11,4,7,30,839,604
2019,11,4,8,30,877,699
2019,11,4,9,30,864,724
2019,11,4,10,30,851,683
2019,11,4,11,30,808,576
2019,11,4,12,30,714,412
2019,11,4,13,30,533,215
2019,11,4,14,30,119,32
2019,11,4,15,30,0,0
2019,11,4,16,30,0,0
2019,11,4,17,30,0,0
2019,11,4,18,30,0,0
2019,11,4,19,30,0,0
2019,11,4,20,30,0,0
2019,11,4,21,30,0,0
2019,11,4,22,30,0,0
2019,11,4,23,30,0,0
2019,11,5,0,30,0,0
2019,11,5,1,30,0,0
2019,11,5,2,30,0,0
2019,11,5,3,30,0,0
2019,11,5,4,30,120,53
2019,11,5,5,30,431,233
2019,11,5,6,30,582,417
2019,11,5,7,30,659,564
2019,11,5,8,30,690,653
2019,11,5,9,30,703,681
2019,11,5,10,30,679,639
2019,11,5,11,30,618,533
2019,11,5,12,30,570,384
2019,11,5,13,30,364,193
2019,11,5,14,30,29,23
2019,11,5,15,30,0,0
2019,11,5,16,30,0,0
2019,11,5,17,30,0,0
2019,11,5,18,30,0,0
2019,11,5,19,30,0,0
2019,11,5,20,30,0,0
2019,11,5,21,30,0,0
2019,11,5,22,30,0,0
2019,11,5,23,30,0,0
2019,11,6,0,30,0,0
2019,11,6,1,30,0,0
2019,11,6,2,30,0,0
2019,11,6,3,30,0,0
2019,11,6,4,30,0,8
2019,11,6,5,30,255,209
2019,11,6,6,30,417,386
2019,11,6,7,30,505,529
2019,11,6,8,30,549,619
2019,11,6,9,30,466,629
2019,11,6,10,30,447,591
2019,11,6,11,30,387,490
2019,11,6,12,30,286,339
2019,11,6,13,30,130,161
2019,11,6,14,30,1,9
2019,11,6,15,30,0,0
2019,11,6,16,30,0,0
2019,11,6,17,30,0,0
2019,11,6,18,30,0,0
2019,11,6,19,30,0,0
2019,11,6,20,30,0,0
2019,11,6,21,30,0,0
2019,11,6,22,30,0,0
2019,11,6,23,30,0,0
2019,11,7,0,30,0,0
2019,11,7,1,30,0,0
2019,11,7,2,30,0,0
2019,11,7,3,30,0,0
2019,11,7,4,30,32,39
2019,11,7,5,30,282,213
2019,11,7,6,30,456,395
2019,11,7,7,30,555,544
2019,11,7,8,30,603,636
2019,11,7,9,30,594,660
2019,11,7,10,30,594,623
2019,11,7,11,30,553,521
2019,11,7,12,30,449,366
2019,11,7,13,30,261,180
2019,11,7,14,30,8,16
2019,11,7,15,30,0,0
2019,11,7,16,30,0,0
2019,11,7,17,30,0,0
2019,11,7,18,30,0,0
2019,11,7,19,30,0,0
2019,11,7,20,30,0,0
2019,11,7,21,30,0,0
2019,11,7,22,30,0,0
2019,11,7,23,30,0,0
2019,11,8,0,30,0,0
2019,11,8,1,30,0,0
2019,11,8,2,30,0,0
2019,11,8,3,30,0,0
2019,11,8,4,30,63,43
2019,11,8,5,30,376,220
2019,11,8,6,30,556,404
2019,11,8,7,30,654,554
2019,11,8,8,30,702,647
2019,11,8,9,30,689,670
2019,11,8,10,30,668,629
2019,11,8,11,30,610,523
2019,11,8,12,30,500,366
2019,11,8,13,30,245,149
2019,11,8,14,30,13,17
2019,11,8,15,30,0,0
2019,11,8,16,30,0,0
2019,11,8,17,30,0,0
2019,11,8,18,30,0,0
2019,11,8,19,30,0,0
2019,11,8,20,30,0,0
2019,11,8,21,30,0,0
2019,11,8,22,30,0,0
2019,11,8,23,30,0,0
2019,11,9,0,30,0,0
2019,11,9,1,30,0,0
2019,11,9,2,30,0,0
2019,11,9,3,30,0,0
2019,11,9,4,30,39,37
2019,11,9,5,30,0,31
2019,11,9,6,30,23,178
2019,11,9,7,30,599,534
2019,11,9,8,30,648,626
2019,11,9,9,30,637,649
2019,11,9,10,30,623,611
2019,11,9,11,30,568,509
2019,11,9,12,30,484,358
2019,11,9,13,30,282,175
2019,11,9,14,30,9,15
2019,11,9,15,30,0,0
2019,11,9,16,30,0,0
2019,11,9,17,30,0,0
2019,11,9,18,30,0,0
2019,11,9,19,30,0,0
2019,11,9,20,30,0,0
2019,11,9,21,30,0,0
2019,11,9,22,30,0,0
2019,11,9,23,30,0,0
2019,11,10,0,30,0,0
2019,11,10,1,30,0,0
2019,11,10,2,30,0,0
2019,11,10,3,30,0,0
2019,11,10,4,30,32,35
2019,11,10,5,30,292,204
2019,11,10,6,30,184,270
2019,11,10,7,30,564,527
2019,11,10,8,30,614,619
2019,11,10,9,30,672,654
2019,11,10,10,30,663,614
2019,11,10,11,30,616,514
2019,11,10,12,30,428,350
2019,11,10,13,30,81,112
2019,11,10,14,30,6,13
2019,11,10,15,30,0,0
2019,11,10,16,30,0,0
2019,11,10,17,30,0,0
2019,11,10,18,30,0,0
2019,11,10,19,30,0,0
2019,11,10,20,30,0,0
2019,11,10,21,30,0,0
2019,11,10,22,30,0,0
2019,11,10,23,30,0,0
2019,11,11,0,30,0,0
2019,11,11,1,30,0,0
2019,11,11,2,30,0,0
2019,11,11,3,30,0,0
2019,11,11,4,30,60,37
2019,11,11,5,30,399,212
2019,11,11,6,30,599,399
2019,11,11,7,30,703,548
2019,11,11,8,30,758,645
2019,11,11,9,30,764,673
2019,11,11,10,30,754,634
2019,11,11,11,30,711,532
2019,11,11,12,30,580,370
2019,11,11,13,30,382,182
2019,11,11,14,30,24,18
2019,11,11,15,30,0,0
2019,11,11,16,30,0,0
2019,11,11,17,30,0,0
2019,11,11,18,30,0,0
2019,11,11,19,30,0,0
2019,11,11,20,30,0,0
2019,11,11,21,30,0,0
2019,11,11,22,30,0,0
2019,11,11,23,30,0,0
2019,11,12,0,30,0,0
2019,11,12,1,30,0,0
2019,11,12,2,30,0,0
2019,11,12,3,30,0,0
2019,11,12,4,30,59,37
2019,11,12,5,30,356,208
2019,11,12,6,30,521,386
2019,11,12,7,30,612,532
2019,11,12,8,30,661,624
2019,11,12,9,30,777,670
2019,11,12,10,30,761,631
2019,11,12,11,30,709,525
2019,11,12,12,30,627,371
2019,11,12,13,30,427,182
2019,11,12,14,30,40,18
2019,11,12,15,30,0,0
2019,11,12,16,30,0,0
2019,11,12,17,30,0,0
2019,11,12,18,30,0,0
2019,11,12,19,30,0,0
2019,11,12,20,30,0,0
2019,11,12,21,30,0,0
2019,11,12,22,30,0,0
2019,11,12,23,30,0,0
2019,11,13,0,30,0,0
2019,11,13,1,30,0,0
2019,11,13,2,30,0,0
2019,11,13,3,30,0,0
2019,11,13,4,30,19,28
2019,11,13,5,30,257,192
2019,11,13,6,30,441,370
2019,11,13,7,30,555,516
2019,11,13,8,30,625,612
2019,11,13,9,30,620,637
2019,11,13,10,30,613,600
2019,11,13,11,30,567,500
2019,11,13,12,30,435,344
2019,11,13,13,30,241,164
2019,11,13,14,30,4,11
2019,11,13,15,30,0,0
2019,11,13,16,30,0,0
2019,11,13,17,30,0,0
2019,11,13,18,30,0,0
2019,11,13,19,30,0,0
2019,11,13,20,30,0,0
2019,11,13,21,30,0,0
2019,11,13,22,30,0,0
2019,11,13,23,30,0,0
2019,11,14,0,30,0,0
2019,11,14,1,30,0,0
2019,11,14,2,30,0,0
2019,11,14,3,30,0,0
2019,11,14,4,30,19,27
2019,11,14,5,30,257,190
2019,11,14,6,30,302,298
2019,11,14,7,30,550,507
2019,11,14,8,30,614,600
2019,11,14,9,30,655,632
2019,11,14,10,30,644,595
2019,11,14,11,30,591,494
2019,11,14,12,30,481,343
2019,11,14,13,30,276,164
2019,11,14,14,30,5,11
2019,11,14,15,30,0,0
2019,11,14,16,30,0,0
2019,11,14,17,30,0,0
2019,11,14,18,30,0,0
2019,11,14,19,30,0,0
2019,11,14,20,30,0,0
2019,11,14,21,30,0,0
2019,11,14,22,30,0,0
2019,11,14,23,30,0,0
2019,11,15,0,30,0,0
2019,11,15,1,30,0,0
2019,11,15,2,30,0,0
2019,11,15,3,30,0,0
2019,11,15,4,30,5,18
2019,11,15,5,30,183,173
2019,11,15,6,30,173,254
2019,11,15,7,30,64,272
2019,11,15,8,30,101,353
2019,11,15,9,30,286,480
2019,11,15,10,30,158,387
2019,11,15,11,30,179,335
2019,11,15,12,30,30,166
2019,11,15,13,30,174,152
2019,11,15,14,30,1,8
2019,11,15,15,30,0,0
2019,11,15,16,30,0,0
2019,11,15,17,30,0,0
2019,11,15,18,30,0,0
2019,11,15,19,30,0,0
2019,11,15,20,30,0,0
2019,11,15,21,30,0,0
2019,11,15,22,30,0,0
2019,11,15,23,30,0,0
2019,11,16,0,30,0,0
2019,11,16,1,30,0,0
2019,11,16,2,30,0,0
2019,11,16,3,30,0,0
2019,11,16,4,30,70,32
2019,11,16,5,30,440,201
2019,11,16,6,30,629,382
2019,11,16,7,30,726,530
2019,11,16,8,30,773,623
2019,11,16,9,30,243,457
2019,11,16,10,30,0,57
2019,11,16,11,30,176,331
2019,11,16,12,30,0,114
2019,11,16,13,30,0,13
2019,11,16,14,30,0,2
2019,11,16,15,30,0,0
2019,11,16,16,30,0,0
2019,11,16,17,30,0,0
2019,11,16,18,30,0,0
2019,11,16,19,30,0,0
2019,11,16,20,30,0,0
2019,11,16,21,30,0,0
2019,11,16,22,30,0,0
2019,11,16,23,30,0,0
2019,11,17,0,30,0,0
2019,11,17,1,30,0,0
2019,11,17,2,30,0,0
2019,11,17,3,30,0,0
2019,11,17,4,30,11,20
2019,11,17,5,30,220,180
2019,11,17,6,30,388,354
2019,11,17,7,30,478,492
2019,11,17,8,30,524,582
2019,11,17,9,30,653,629
2019,11,17,10,30,600,584
2019,11,17,11,30,526,482
2019,11,17,12,30,439,334
2019,11,17,13,30,51,96
2019,11,17,14,30,2,8
2019,11,17,15,30,0,0
2019,11,17,16,30,0,0
2019,11,17,17,30,0,0
2019,11,17,18,30,0,0
2019,11,17,19,30,0,0
2019,11,17,20,30,0,0
2019,11,17,21,30,0,0
2019,11,17,22,30,0,0
2019,11,17,23,30,0,0
2019,11,18,0,30,0,0
2019,11,18,1,30,0,0
2019,11,18,2,30,0,0
2019,11,18,3,30,0,0
2019,11,18,4,30,45,27
2019,11,18,5,30,418,199
2019,11,18,6,30,615,386
2019,11,18,7,30,712,537
2019,11,18,8,30,766,637
2019,11,18,9,30,818,673
2019,11,18,10,30,808,635
2019,11,18,11,30,247,358
2019,11,18,12,30,643,368
2019,11,18,13,30,0,62
2019,11,18,14,30,17,13
2019,11,18,15,30,0,0
2019,11,18,16,30,0,0
2019,11,18,17,30,0,0
2019,11,18,18,30,0,0
2019,11,18,19,30,0,0
2019,11,18,20,30,0,0
2019,11,18,21,30,0,0
2019,11,18,22,30,0,0
2019,11,18,23,30,0,0
2019,11,19,0,30,0,0
2019,11,19,1,30,0,0
2019,11,19,2,30,0,0
2019,11,19,3,30,0,0
2019,11,19,4,30,101,31
2019,11,19,5,30,549,213
2019,11,19,6,30,737,407
2019,11,19,7,30,826,562
2019,11,19,8,30,870,660
2019,11,19,9,30,897,699
2019,11,19,10,30,881,658
2019,11,19,11,30,833,551
2019,11,19,12,30,736,387
2019,11,19,13,30,527,189
2019,11,19,14,30,39,16
2019,11,19,15,30,0,0
2019,11,19,16,30,0,0
2019,11,19,17,30,0,0
2019,11,19,18,30,0,0
2019,11,19,19,30,0,0
2019,11,19,20,30,0,0
2019,11,19,21,30,0,0
2019,11,19,22,30,0,0
2019,11,19,23,30,0,0
2019,11,20,0,30,0,0
2019,11,20,1,30,0,0
2019,11,20,2,30,0,0
2019,11,20,3,30,0,0
2019,11,20,4,30,158,31
2019,11,20,5,30,622,219
2019,11,20,6,30,798,415
2019,11,20,7,30,878,571
2019,11,20,8,30,914,670
2019,11,20,9,30,899,695
2019,11,20,10,30,884,655
2019,11,20,11,30,828,543
2019,11,20,12,30,734,381
2019,11,20,13,30,530,185
2019,11,20,14,30,44,15
2019,11,20,15,30,0,0
2019,11,20,16,30,0,0
2019,11,20,17,30,0,0
2019,11,20,18,30,0,0
2019,11,20,19,30,0,0
2019,11,20,20,30,0,0
2019,11,20,21,30,0,0
2019,11,20,22,30,0,0
2019,11,20,23,30,0,0
2019,11,21,0,30,0,0
2019,11,21,1,30,0,0
2019,11,21,2,30,0,0
2019,11,21,3,30,0,0
2019,11,21,4,30,111,28
2019,11,21,5,30,110,119
2019,11,21,6,30,108,215
2019,11,21,7,30,318,388
2019,11,21,8,30,248,427
2019,11,21,9,30,392,507
2019,11,21,10,30,870,641
2019,11,21,11,30,826,536
2019,11,21,12,30,712,373
2019,11,21,13,30,495,179
2019,11,21,14,30,28,14
2019,11,21,15,30,0,0
2019,11,21,16,30,0,0
2019,11,21,17,30,0,0
2019,11,21,18,30,0,0
2019,11,21,19,30,0,0
2019,11,21,20,30,0,0
2019,11,21,21,30,0,0
2019,11,21,22,30,0,0
2019,11,21,23,30,0,0
2019,11,22,0,30,0,0
2019,11,22,1,30,0,0
2019,11,22,2,30,0,0
2019,11,22,3,30,0,0
2019,11,22,4,30,0,14
2019,11,22,5,30,0,9
2019,11,22,6,30,0,82
2019,11,22,7,30,0,34
2019,11,22,8,30,761,614
2019,11,22,9,30,840,660
2019,11,22,10,30,829,622
2019,11,22,11,30,783,519
2019,11,22,12,30,688,363
2019,11,22,13,30,473,172
2019,11,22,14,30,27,13
2019,11,22,15,30,0,0
2019,11,22,16,30,0,0
2019,11,22,17,30,0,0
2019,11,22,18,30,0,0
2019,11,22,19,30,0,0
2019,11,22,20,30,0,0
2019,11,22,21,30,0,0
2019,11,22,22,30,0,0
2019,11,22,23,30,0,0
2019,11,23,0,30,0,0
2019,11,23,1,30,0,0
2019,11,23,2,30,0,0
2019,11,23,3,30,0,0
2019,11,23,4,30,64,21
2019,11,23,5,30,458,184
2019,11,23,6,30,646,364
2019,11,23,7,30,742,512
2019,11,23,8,30,792,607
2019,11,23,9,30,772,629
2019,11,23,10,30,761,594
2019,11,23,11,30,712,494
2019,11,23,12,30,603,343
2019,11,23,13,30,392,161
2019,11,23,14,30,22,11
2019,11,23,15,30,0,0
2019,11,23,16,30,0,0
2019,11,23,17,30,0,0
2019,11,23,18,30,0,0
2019,11,23,19,30,0,0
2019,11,23,20,30,0,0
2019,11,23,21,30,0,0
2019,11,23,22,30,0,0
2019,11,23,23,30,0,0
2019,11,24,0,30,0,0
2019,11,24,1,30,0,0
2019,11,24,2,30,0,0
2019,11,24,3,30,0,0
2019,11,24,4,30,69,20
2019,11,24,5,30,462,180
2019,11,24,6,30,655,361
2019,11,24,7,30,755,509
2019,11,24,8,30,804,603
2019,11,24,9,30,776,626
2019,11,24,10,30,758,589
2019,11,24,11,30,62,248
2019,11,24,12,30,296,258
2019,11,24,13,30,377,157
2019,11,24,14,30,25,10
2019,11,24,15,30,0,0
2019,11,24,16,30,0,0
2019,11,24,17,30,0,0
2019,11,24,18,30,0,0
2019,11,24,19,30,0,0
2019,11,24,20,30,0,0
2019,11,24,21,30,0,0
2019,11,24,22,30,0,0
2019,11,24,23,30,0,0
2019,11,25,0,30,0,0
2019,11,25,1,30,0,0
2019,11,25,2,30,0,0
2019,11,25,3,30,0,0
2019,11,25,4,30,0,10
2019,11,25,5,30,7,82
2019,11,25,6,30,60,183
2019,11,25,7,30,227,345
2019,11,25,8,30,740,594
2019,11,25,9,30,827,639
2019,11,25,10,30,819,604
2019,11,25,11,30,773,504
2019,11,25,12,30,641,346
2019,11,25,13,30,408,161
2019,11,25,14,30,6,9
2019,11,25,15,30,0,0
2019,11,25,16,30,0,0
2019,11,25,17,30,0,0
2019,11,25,18,30,0,0
2019,11,25,19,30,0,0
2019,11,25,20,30,0,0
2019,11,25,21,30,0,0
2019,11,25,22,30,0,0
2019,11,25,23,30,0,0
2019,11,26,0,30,0,0
2019,11,26,1,30,0,0
2019,11,26,2,30,0,0
2019,11,26,3,30,0,0
2019,11,26,4,30,0,3
2019,11,26,5,30,121,139
2019,11,26,6,30,302,308
2019,11,26,7,30,414,450
2019,11,26,8,30,464,538
2019,11,26,9,30,691,607
2019,11,26,10,30,640,564
2019,11,26,11,30,535,459
2019,11,26,12,30,408,311
2019,11,26,13,30,157,134
2019,11,26,14,30,0,2
2019,11,26,15,30,0,0
2019,11,26,16,30,0,0
2019,11,26,17,30,0,0
2019,11,26,18,30,0,0
2019,11,26,19,30,0,0
2019,11,26,20,30,0,0
2019,11,26,21,30,0,0
2019,11,26,22,30,0,0
2019,11,26,23,30,0,0
2019,11,27,0,30,0,0
2019,11,27,1,30,0,0
2019,11,27,2,30,0,0
2019,11,27,3,30,0,0
2019,11,27,4,30,0,4
2019,11,27,5,30,127,136
2019,11,27,6,30,322,306
2019,11,27,7,30,458,453
2019,11,27,8,30,542,551
2019,11,27,9,30,666,602
2019,11,27,10,30,671,573
2019,11,27,11,30,623,476
2019,11,27,12,30,557,333
2019,11,27,13,30,329,153
2019,11,27,14,30,2,7
2019,11,27,15,30,0,0
2019,11,27,16,30,0,0
2019,11,27,17,30,0,0
2019,11,27,18,30,0,0
2019,11,27,19,30,0,0
2019,11,27,20,30,0,0
2019,11,27,21,30,0,0
2019,11,27,22,30,0,0
2019,11,27,23,30,0,0
2019,11,28,0,30,0,0
2019,11,28,1,30,0,0
2019,11,28,2,30,0,0
2019,11,28,3,30,0,0
2019,11,28,4,30,10,12
2019,11,28,5,30,376,163
2019,11,28,6,30,592,342
2019,11,28,7,30,701,490
2019,11,28,8,30,758,587
2019,11,28,9,30,843,632
2019,11,28,10,30,835,598
2019,11,28,11,30,795,502
2019,11,28,12,30,725,353
2019,11,28,13,30,524,168
2019,11,28,14,30,47,12
2019,11,28,15,30,0,0
2019,11,28,16,30,0,0
2019,11,28,17,30,0,0
2019,11,28,18,30,0,0
2019,11,28,19,30,0,0
2019,11,28,20,30,0,0
2019,11,28,21,30,0,0
2019,11,28,22,30,0,0
2019,11,28,23,30,0,0
2019,11,29,0,30,0,0
2019,11,29,1,30,0,0
2019,11,29,2,30,0,0
2019,11,29,3,30,0,0
2019,11,29,4,30,73,15
2019,11,29,5,30,545,175
2019,11,29,6,30,745,361
2019,11,29,7,30,838,512
2019,11,29,8,30,885,611
2019,11,29,9,30,890,642
2019,11,29,10,30,876,607
2019,11,29,11,30,830,507
2019,11,29,12,30,702,350
2019,11,29,13,30,500,166
2019,11,29,14,30,40,12
2019,11,29,15,30,0,0
2019,11,29,16,30,0,0
2019,11,29,17,30,0,0
2019,11,29,18,30,0,0
2019,11,29,19,30,0,0
2019,11,29,20,30,0,0
2019,11,29,21,30,0,0
2019,11,29,22,30,0,0
2019,11,29,23,30,0,0
2019,11,30,0,30,0,0
2019,11,30,1,30,0,0
2019,11,30,2,30,0,0
2019,11,30,3,30,0,0
2019,11,30,4,30,40,13
2019,11,30,5,30,491,170
2019,11,30,6,30,696,353
2019,11,30,7,30,793,504
2019,11,30,8,30,842,603
2019,11,30,9,30,868,638
2019,11,30,10,30,855,603
2019,11,30,11,30,810,504
2019,11,30,12,30,712,352
2019,11,30,13,30,500,166
2019,11,30,14,30,31,11
2019,11,30,15,30,0,0
2019,11,30,16,30,0,0
2019,11,30,17,30,0,0
2019,11,30,18,30,0,0
2019,11,30,19,30,0,0
2019,11,30,20,30,0,0
2019,11,30,21,30,0,0
2019,11,30,22,30,0,0
2019,11,30,23,30,0,0
2019,12,1,0,30,0,0
2019,12,1,1,30,0,0
2019,12,1,2,30,0,0
2019,12,1,3,30,0,0
2019,12,1,4,30,28,12
2019,12,1,5,30,469,164
2019,12,1,6,30,678,345
2019,12,1,7,30,780,494
2019,12,1,8,30,832,591
2019,12,1,9,30,819,617
2019,12,1,10,30,167,364
2019,12,1,11,30,113,277
2019,12,1,12,30,652,337
2019,12,1,13,30,458,159
2019,12,1,14,30,37,11
2019,12,1,15,30,0,0
2019,12,1,16,30,0,0
2019,12,1,17,30,0,0
2019,12,1,18,30,0,0
2019,12,1,19,30,0,0
2019,12,1,20,30,0,0
2019,12,1,21,30,0,0
2019,12,1,22,30,0,0
2019,12,1,23,30,0,0
2019,12,2,0,30,0,0
2019,12,2,1,30,0,0
2019,12,2,2,30,0,0
2019,12,2,3,30,0,0
2019,12,2,4,30,47,12
2019,12,2,5,30,532,168
2019,12,2,6,30,734,352
2019,12,2,7,30,826,504
2019,12,2,8,30,866,600
2019,12,2,9,30,873,631
2019,12,2,10,30,863,598
2019,12,2,11,30,265,343
2019,12,2,12,30,0,27
2019,12,2,13,30,0,12
2019,12,2,14,30,65,12
2019,12,2,15,30,0,0
2019,12,2,16,30,0,0
2019,12,2,17,30,0,0
2019,12,2,18,30,0,0
2019,12,2,19,30,0,0
2019,12,2,20,30,0,0
2019,12,2,21,30,0,0
2019,12,2,22,30,0,0
2019,12,2,23,30,0,0
2019,12,3,0,30,0,0
2019,12,3,1,30,0,0
2019,12,3,2,30,0,0
2019,12,3,3,30,0,0
2019,12,3,4,30,0,0
2019,12,3,5,30,568,169
2019,12,3,6,30,64,173
2019,12,3,7,30,838,502
2019,12,3,8,30,884,600
2019,12,3,9,30,895,633
2019,12,3,10,30,880,598
2019,12,3,11,30,840,502
2019,12,3,12,30,718,348
2019,12,3,13,30,527,167
2019,12,3,14,30,64,12
2019,12,3,15,30,0,0
2019,12,3,16,30,0,0
2019,12,3,17,30,0,0
2019,12,3,18,30,0,0
2019,12,3,19,30,0,0
2019,12,3,20,30,0,0
2019,12,3,21,30,0,0
2019,12,3,22,30,0,0
2019,12,3,23,30,0,0
2019,12,4,0,30,0,0
2019,12,4,1,30,0,0
2019,12,4,2,30,0,0
2019,12,4,3,30,0,0
2019,12,4,4,30,0,0
2019,12,4,5,30,576,166
2019,12,4,6,30,763,349
2019,12,4,7,30,851,499
2019,12,4,8,30,288,415
2019,12,4,9,30,116,347
2019,12,4,10,30,191,373
2019,12,4,11,30,822,497
2019,12,4,12,30,729,348
2019,12,4,13,30,540,167
2019,12,4,14,30,67,12
2019,12,4,15,30,0,0
2019,12,4,16,30,0,0
2019,12,4,17,30,0,0
2019,12,4,18,30,0,0
2019,12,4,19,30,0,0
2019,12,4,20,30,0,0
2019,12,4,21,30,0,0
2019,12,4,22,30,0,0
2019,12,4,23,30,0,0
2019,12,5,0,30,0,0
2019,12,5,1,30,0,0
2019,12,5,2,30,0,0
2019,12,5,3,30,0,0
2019,12,5,4,30,0,0
2019,12,5,5,30,552,161
2019,12,5,6,30,741,342
2019,12,5,7,30,221,321
2019,12,5,8,30,871,586
2019,12,5,9,30,865,615
2019,12,5,10,30,848,581
2019,12,5,11,30,797,485
2019,12,5,12,30,686,336
2019,12,5,13,30,471,158
2019,12,5,14,30,25,11
2019,12,5,15,30,0,0
2019,12,5,16,30,0,0
2019,12,5,17,30,0,0
2019,12,5,18,30,0,0
2019,12,5,19,30,0,0
2019,12,5,20,30,0,0
2019,12,5,21,30,0,0
2019,12,5,22,30,0,0
2019,12,5,23,30,0,0
2019,12,6,0,30,0,0
2019,12,6,1,30,0,0
2019,12,6,2,30,0,0
2019,12,6,3,30,0,0
2019,12,6,4,30,0,0
2019,12,6,5,30,492,155
2019,12,6,6,30,0,26
2019,12,6,7,30,196,310
2019,12,6,8,30,853,585
2019,12,6,9,30,18,229
2019,12,6,10,30,831,584
2019,12,6,11,30,342,365
2019,12,6,12,30,668,338
2019,12,6,13,30,468,160
2019,12,6,14,30,0,1
2019,12,6,15,30,0,0
2019,12,6,16,30,0,0
2019,12,6,17,30,0,0
2019,12,6,18,30,0,0
2019,12,6,19,30,0,0
2019,12,6,20,30,0,0
2019,12,6,21,30,0,0
2019,12,6,22,30,0,0
2019,12,6,23,30,0,0
2019,12,7,0,30,0,0
2019,12,7,1,30,0,0
2019,12,7,2,30,0,0
2019,12,7,3,30,0,0
2019,12,7,4,30,0,0
2019,12,7,5,30,0,11
2019,12,7,6,30,0,117
2019,12,7,7,30,720,470
2019,12,7,8,30,129,332
2019,12,7,9,30,0,54
2019,12,7,10,30,790,574
2019,12,7,11,30,749,482
2019,12,7,12,30,639,335
2019,12,7,13,30,431,158
2019,12,7,14,30,33,11
2019,12,7,15,30,0,0
2019,12,7,16,30,0,0
2019,12,7,17,30,0,0
2019,12,7,18,30,0,0
2019,12,7,19,30,0,0
2019,12,7,20,30,0,0
2019,12,7,21,30,0,0
2019,12,7,22,30,0,0
2019,12,7,23,30,0,0
2019,12,8,0,30,0,0
2019,12,8,1,30,0,0
2019,12,8,2,30,0,0
2019,12,8,3,30,0,0
2019,12,8,4,30,0,0
2019,12,8,5,30,0,11
2019,12,8,6,30,0,25
2019,12,8,7,30,0,40
2019,12,8,8,30,0,132
2019,12,8,9,30,81,314
2019,12,8,10,30,0,150
2019,12,8,11,30,744,477
2019,12,8,12,30,0,47
2019,12,8,13,30,0,11
2019,12,8,14,30,17,10
2019,12,8,15,30,0,0
2019,12,8,16,30,0,0
2019,12,8,17,30,0,0
2019,12,8,18,30,0,0
2019,12,8,19,30,0,0
2019,12,8,20,30,0,0
2019,12,8,21,30,0,0
2019,12,8,22,30,0,0
2019,12,8,23,30,0,0
2019,12,9,0,30,0,0
2019,12,9,1,30,0,0
2019,12,9,2,30,0,0
2019,12,9,3,30,0,0
2019,12,9,4,30,0,0
2019,12,9,5,30,0,20
2019,12,9,6,30,0,77
2019,12,9,7,30,0,75
2019,12,9,8,30,0,140
2019,12,9,9,30,215,400
2019,12,9,10,30,116,325
2019,12,9,11,30,714,470
2019,12,9,12,30,156,210
2019,12,9,13,30,0,25
2019,12,9,14,30,18,10
2019,12,9,15,30,0,0
2019,12,9,16,30,0,0
2019,12,9,17,30,0,0
2019,12,9,18,30,0,0
2019,12,9,19,30,0,0
2019,12,9,20,30,0,0
2019,12,9,21,30,0,0
2019,12,9,22,30,0,0
2019,12,9,23,30,0,0
2019,12,10,0,30,0,0
2019,12,10,1,30,0,0
2019,12,10,2,30,0,0
2019,12,10,3,30,0,0
2019,12,10,4,30,0,0
2019,12,10,5,30,391,134
2019,12,10,6,30,597,305
2019,12,10,7,30,7,167
2019,12,10,8,30,748,547
2019,12,10,9,30,442,486
2019,12,10,10,30,0,121
2019,12,10,11,30,10,176
2019,12,10,12,30,600,322
2019,12,10,13,30,0,62
2019,12,10,14,30,20,11
2019,12,10,15,30,0,0
2019,12,10,16,30,0,0
2019,12,10,17,30,0,0
2019,12,10,18,30,0,0
2019,12,10,19,30,0,0
2019,12,10,20,30,0,0
2019,12,10,21,30,0,0
2019,12,10,22,30,0,0
2019,12,10,23,30,0,0
2019,12,11,0,30,0,0
2019,12,11,1,30,0,0
2019,12,11,2,30,0,0
2019,12,11,3,30,0,0
2019,12,11,4,30,0,0
2019,12,11,5,30,318,131
2019,12,11,6,30,0,74
2019,12,11,7,30,113,264
2019,12,11,8,30,277,400
2019,12,11,9,30,129,349
2019,12,11,10,30,254,396
2019,12,11,11,30,125,279
2019,12,11,12,30,0,100
2019,12,11,13,30,0,9
2019,12,11,14,30,1,5
2019,12,11,15,30,0,0
2019,12,11,16,30,0,0
2019,12,11,17,30,0,0
2019,12,11,18,30,0,0
2019,12,11,19,30,0,0
2019,12,11,20,30,0,0
2019,12,11,21,30,0,0
2019,12,11,22,30,0,0
2019,12,11,23,30,0,0
2019,12,12,0,30,0,0
2019,12,12,1,30,0,0
2019,12,12,2,30,0,0
2019,12,12,3,30,0,0
2019,12,12,4,30,0,0
2019,12,12,5,30,143,113
2019,12,12,6,30,362,280
2019,12,12,7,30,0,22
2019,12,12,8,30,0,41
2019,12,12,9,30,152,363
2019,12,12,10,30,116,324
2019,12,12,11,30,0,41
2019,12,12,12,30,0,44
2019,12,12,13,30,0,12
2019,12,12,14,30,0,6
2019,12,12,15,30,0,0
2019,12,12,16,30,0,0
2019,12,12,17,30,0,0
2019,12,12,18,30,0,0
2019,12,12,19,30,0,0
2019,12,12,20,30,0,0
2019,12,12,21,30,0,0
2019,12,12,22,30,0,0
2019,12,12,23,30,0,0
2019,12,13,0,30,0,0
2019,12,13,1,30,0,0
2019,12,13,2,30,0,0
2019,12,13,3,30,0,0
2019,12,13,4,30,0,0
2019,12,13,5,30,78,100
2019,12,13,6,30,247,260
2019,12,13,7,30,364,400
2019,12,13,8,30,438,496
2019,12,13,9,30,280,500
2019,12,13,10,30,269,474
2019,12,13,11,30,236,394
2019,12,13,12,30,166,266
2019,12,13,13,30,59,114
2019,12,13,14,30,0,1
2019,12,13,15,30,0,0
2019,12,13,16,30,0,0
2019,12,13,17,30,0,0
2019,12,13,18,30,0,0
2019,12,13,19,30,0,0
2019,12,13,20,30,0,0
2019,12,13,21,30,0,0
2019,12,13,22,30,0,0
2019,12,13,23,30,0,0
2019,12,14,0,30,0,0
2019,12,14,1,30,0,0
2019,12,14,2,30,0,0
2019,12,14,3,30,0,0
2019,12,14,4,30,0,0
2019,12,14,5,30,231,118
2019,12,14,6,30,455,286
2019,12,14,7,30,563,431
2019,12,14,8,30,609,527
2019,12,14,9,30,781,592
2019,12,14,10,30,765,565
2019,12,14,11,30,701,472
2019,12,14,12,30,619,332
2019,12,14,13,30,0,57
2019,12,14,14,30,6,10
2019,12,14,15,30,0,0
2019,12,14,16,30,0,0
2019,12,14,17,30,0,0
2019,12,14,18,30,0,0
2019,12,14,19,30,0,0
2019,12,14,20,30,0,0
2019,12,14,21,30,0,0
2019,12,14,22,30,0,0
2019,12,14,23,30,0,0
2019,12,15,0,30,0,0
2019,12,15,1,30,0,0
2019,12,15,2,30,0,0
2019,12,15,3,30,0,0
2019,12,15,4,30,0,0
2019,12,15,5,30,238,116
2019,12,15,6,30,0,114
2019,12,15,7,30,17,181
2019,12,15,8,30,90,298
2019,12,15,9,30,143,356
2019,12,15,10,30,0,117
2019,12,15,11,30,0,28
2019,12,15,12,30,0,40
2019,12,15,13,30,0,12
2019,12,15,14,30,0,2
2019,12,15,15,30,0,0
2019,12,15,16,30,0,0
2019,12,15,17,30,0,0
2019,12,15,18,30,0,0
2019,12,15,19,30,0,0
2019,12,15,20,30,0,0
2019,12,15,21,30,0,0
2019,12,15,22,30,0,0
2019,12,15,23,30,0,0
2019,12,16,0,30,0,0
2019,12,16,1,30,0,0
2019,12,16,2,30,0,0
2019,12,16,3,30,0,0
2019,12,16,4,30,0,0
2019,12,16,5,30,303,120
2019,12,16,6,30,562,295
2019,12,16,7,30,692,446
2019,12,16,8,30,756,548
2019,12,16,9,30,809,596
2019,12,16,10,30,793,567
2019,12,16,11,30,744,477
2019,12,16,12,30,640,334
2019,12,16,13,30,428,159
2019,12,16,14,30,22,12
2019,12,16,15,30,0,0
2019,12,16,16,30,0,0
2019,12,16,17,30,0,0
2019,12,16,18,30,0,0
2019,12,16,19,30,0,0
2019,12,16,20,30,0,0
2019,12,16,21,30,0,0
2019,12,16,22,30,0,0
2019,12,16,23,30,0,0
2019,12,17,0,30,0,0
2019,12,17,1,30,0,0
2019,12,17,2,30,0,0
2019,12,17,3,30,0,0
2019,12,17,4,30,0,0
2019,12,17,5,30,369,123
2019,12,17,6,30,617,301
2019,12,17,7,30,743,454
2019,12,17,8,30,807,558
2019,12,17,9,30,789,591
2019,12,17,10,30,785,567
2019,12,17,11,30,745,480
2019,12,17,12,30,599,332
2019,12,17,13,30,401,160
2019,12,17,14,30,27,13
2019,12,17,15,30,0,0
2019,12,17,16,30,0,0
2019,12,17,17,30,0,0
2019,12,17,18,30,0,0
2019,12,17,19,30,0,0
2019,12,17,20,30,0,0
2019,12,17,21,30,0,0
2019,12,17,22,30,0,0
2019,12,17,23,30,0,0
2019,12,18,0,30,0,0
2019,12,18,1,30,0,0
2019,12,18,2,30,0,0
2019,12,18,3,30,0,0
2019,12,18,4,30,0,0
2019,12,18,5,30,455,129
2019,12,18,6,30,692,310
2019,12,18,7,30,811,466
2019,12,18,8,30,866,571
2019,12,18,9,30,866,609
2019,12,18,10,30,861,584
2019,12,18,11,30,824,495
2019,12,18,12,30,756,354
2019,12,18,13,30,579,176
2019,12,18,14,30,128,16
2019,12,18,15,30,0,0
2019,12,18,16,30,0,0
2019,12,18,17,30,0,0
2019,12,18,18,30,0,0
2019,12,18,19,30,0,0
2019,12,18,20,30,0,0
2019,12,18,21,30,0,0
2019,12,18,22,30,0,0
2019,12,18,23,30,0,0
2019,12,19,0,30,0,0
2019,12,19,1,30,0,0
2019,12,19,2,30,0,0
2019,12,19,3,30,0,0
2019,12,19,4,30,0,0
2019,12,19,5,30,623,143
2019,12,19,6,30,824,331
2019,12,19,7,30,910,489
2019,12,19,8,30,948,594
2019,12,19,9,30,954,638
2019,12,19,10,30,945,612
2019,12,19,11,30,909,522
2019,12,19,12,30,798,369
2019,12,19,13,30,610,184
2019,12,19,14,30,108,17
2019,12,19,15,30,0,0
2019,12,19,16,30,0,0
2019,12,19,17,30,0,0
2019,12,19,18,30,0,0
2019,12,19,19,30,0,0
2019,12,19,20,30,0,0
2019,12,19,21,30,0,0
2019,12,19,22,30,0,0
2019,12,19,23,30,0,0
2019,12,20,0,30,0,0
2019,12,20,1,30,0,0
2019,12,20,2,30,0,0
2019,12,20,3,30,0,0
2019,12,20,4,30,0,0
2019,12,20,5,30,534,136
2019,12,20,6,30,764,326
2019,12,20,7,30,865,486
2019,12,20,8,30,911,593
2019,12,20,9,30,917,635
2019,12,20,10,30,906,610
2019,12,20,11,30,863,518
2019,12,20,12,30,790,370
2019,12,20,13,30,600,185
2019,12,20,14,30,99,18
2019,12,20,15,30,0,0
2019,12,20,16,30,0,0
2019,12,20,17,30,0,0
2019,12,20,18,30,0,0
2019,12,20,19,30,0,0
2019,12,20,20,30,0,0
2019,12,20,21,30,0,0
2019,12,20,22,30,0,0
2019,12,20,23,30,0,0
2019,12,21,0,30,0,0
2019,12,21,1,30,0,0
2019,12,21,2,30,0,0
2019,12,21,3,30,0,0
2019,12,21,4,30,0,0
2019,12,21,5,30,511,132
2019,12,21,6,30,752,321
2019,12,21,7,30,860,481
2019,12,21,8,30,912,590
2019,12,21,9,30,927,633
2019,12,21,10,30,921,609
2019,12,21,11,30,884,519
2019,12,21,12,30,782,370
2019,12,21,13,30,591,186
2019,12,21,14,30,98,18
2019,12,21,15,30,0,0
2019,12,21,16,30,0,0
2019,12,21,17,30,0,0
2019,12,21,18,30,0,0
2019,12,21,19,30,0,0
2019,12,21,20,30,0,0
2019,12,21,21,30,0,0
2019,12,21,22,30,0,0
2019,12,21,23,30,0,0
2019,12,22,0,30,0,0
2019,12,22,1,30,0,0
2019,12,22,2,30,0,0
2019,12,22,3,30,0,0
2019,12,22,4,30,0,0
2019,12,22,5,30,507,128
2019,12,22,6,30,746,315
2019,12,22,7,30,854,474
2019,12,22,8,30,907,582
2019,12,22,9,30,881,618
2019,12,22,10,30,876,595
2019,12,22,11,30,838,507
2019,12,22,12,30,691,355
2019,12,22,13,30,485,175
2019,12,22,14,30,50,17
2019,12,22,15,30,0,0
2019,12,22,16,30,0,0
2019,12,22,17,30,0,0
2019,12,22,18,30,0,0
2019,12,22,19,30,0,0
2019,12,22,20,30,0,0
2019,12,22,21,30,0,0
2019,12,22,22,30,0,0
2019,12,22,23,30,0,0
2019,12,23,0,30,0,0
2019,12,23,1,30,0,0
2019,12,23,2,30,0,0
2019,12,23,3,30,0,0
2019,12,23,4,30,0,0
2019,12,23,5,30,434,123
2019,12,23,6,30,687,307
2019,12,23,7,30,801,465
2019,12,23,8,30,853,572
2019,12,23,9,30,870,616
2019,12,23,10,30,842,590
2019,12,23,11,30,772,497
2019,12,23,12,30,708,359
2019,12,23,13,30,503,178
2019,12,23,14,30,60,18
2019,12,23,15,30,0,0
2019,12,23,16,30,0,0
2019,12,23,17,30,0,0
2019,12,23,18,30,0,0
2019,12,23,19,30,0,0
2019,12,23,20,30,0,0
2019,12,23,21,30,0,0
2019,12,23,22,30,0,0
2019,12,23,23,30,0,0
2019,12,24,0,30,0,0
2019,12,24,1,30,0,0
2019,12,24,2,30,0,0
2019,12,24,3,30,0,0
2019,12,24,4,30,0,0
2019,12,24,5,30,197,103
2019,12,24,6,30,460,274
2019,12,24,7,30,598,426
2019,12,24,8,30,649,527
2019,12,24,9,30,766,587
2019,12,24,10,30,703,556
2019,12,24,11,30,600,462
2019,12,24,12,30,401,314
2019,12,24,13,30,161,143
2019,12,24,14,30,0,6
2019,12,24,15,30,0,0
2019,12,24,16,30,0,0
2019,12,24,17,30,0,0
2019,12,24,18,30,0,0
2019,12,24,19,30,0,0
2019,12,24,20,30,0,0
2019,12,24,21,30,0,0
2019,12,24,22,30,0,0
2019,12,24,23,30,0,0
2019,12,25,0,30,0,0
2019,12,25,1,30,0,0
2019,12,25,2,30,0,0
2019,12,25,3,30,0,0
2019,12,25,4,30,0,0
2019,12,25,5,30,92,92
2019,12,25,6,30,294,258
2019,12,25,7,30,408,398
2019,12,25,8,30,465,496
2019,12,25,9,30,384,525
2019,12,25,10,30,255,397
2019,12,25,11,30,0,43
2019,12,25,12,30,40,164
2019,12,25,13,30,0,62
2019,12,25,14,30,0,1
2019,12,25,15,30,0,0
2019,12,25,16,30,0,0
2019,12,25,17,30,0,0
2019,12,25,18,30,0,0
2019,12,25,19,30,0,0
2019,12,25,20,30,0,0
2019,12,25,21,30,0,0
2019,12,25,22,30,0,0
2019,12,25,23,30,0,0
2019,12,26,0,30,0,0
2019,12,26,1,30,0,0
2019,12,26,2,30,0,0
2019,12,26,3,30,0,0
2019,12,26,4,30,0,0
2019,12,26,5,30,0,9
2019,12,26,6,30,0,23
2019,12,26,7,30,0,60
2019,12,26,8,30,33,237
2019,12,26,9,30,5,188
2019,12,26,10,30,0,53
2019,12,26,11,30,0,43
2019,12,26,12,30,0,28
2019,12,26,13,30,0,13
2019,12,26,14,30,0,3
2019,12,26,15,30,0,0
2019,12,26,16,30,0,0
2019,12,26,17,30,0,0
2019,12,26,18,30,0,0
2019,12,26,19,30,0,0
2019,12,26,20,30,0,0
2019,12,26,21,30,0,0
2019,12,26,22,30,0,0
2019,12,26,23,30,0,0
2019,12,27,0,30,0,0
2019,12,27,1,30,0,0
2019,12,27,2,30,0,0
2019,12,27,3,30,0,0
2019,12,27,4,30,0,0
2019,12,27,5,30,0,43
2019,12,27,6,30,0,22
2019,12,27,7,30,127,259
2019,12,27,8,30,0,49
2019,12,27,9,30,0,53
2019,12,27,10,30,148,346
2019,12,27,11,30,0,42
2019,12,27,12,30,0,28
2019,12,27,13,30,0,59
2019,12,27,14,30,45,21
2019,12,27,15,30,0,0
2019,12,27,16,30,0,0
2019,12,27,17,30,0,0
2019,12,27,18,30,0,0
2019,12,27,19,30,0,0
2019,12,27,20,30,0,0
2019,12,27,21,30,0,0
2019,12,27,22,30,0,0
2019,12,27,23,30,0,0
2019,12,28,0,30,0,0
2019,12,28,1,30,0,0
2019,12,28,2,30,0,0
2019,12,28,3,30,0,0
2019,12,28,4,30,0,0
2019,12,28,5,30,391,113
2019,12,28,6,30,629,291
2019,12,28,7,30,749,447
2019,12,28,8,30,822,557
2019,12,28,9,30,857,606
2019,12,28,10,30,133,337
2019,12,28,11,30,826,505
2019,12,28,12,30,73,186
2019,12,28,13,30,0,13
2019,12,28,14,30,0,3
2019,12,28,15,30,0,0
2019,12,28,16,30,0,0
2019,12,28,17,30,0,0
2019,12,28,18,30,0,0
2019,12,28,19,30,0,0
2019,12,28,20,30,0,0
2019,12,28,21,30,0,0
2019,12,28,22,30,0,0
2019,12,28,23,30,0,0
2019,12,29,0,30,0,0
2019,12,29,1,30,0,0
2019,12,29,2,30,0,0
2019,12,29,3,30,0,0
2019,12,29,4,30,0,0
2019,12,29,5,30,408,113
2019,12,29,6,30,665,294
2019,12,29,7,30,786,454
2019,12,29,8,30,840,563
2019,12,29,9,30,863,609
2019,12,29,10,30,854,589
2019,12,29,11,30,814,505
2019,12,29,12,30,734,366
2019,12,29,13,30,560,190
2019,12,29,14,30,128,25
2019,12,29,15,30,0,0
2019,12,29,16,30,0,0
2019,12,29,17,30,0,0
2019,12,29,18,30,0,0
2019,12,29,19,30,0,0
2019,12,29,20,30,0,0
2019,12,29,21,30,0,0
2019,12,29,22,30,0,0
2019,12,29,23,30,0,0
2019,12,30,0,30,0,0
2019,12,30,1,30,0,0
2019,12,30,2,30,0,0
2019,12,30,3,30,0,0
2019,12,30,4,30,0,0
2019,12,30,5,30,248,101
2019,12,30,6,30,491,272
2019,12,30,7,30,592,421
2019,12,30,8,30,615,522
2019,12,30,9,30,737,585
2019,12,30,10,30,82,302
2019,12,30,11,30,15,190
2019,12,30,12,30,0,30
2019,12,30,13,30,283,166
2019,12,30,14,30,8,16
2019,12,30,15,30,0,0
2019,12,30,16,30,0,0
2019,12,30,17,30,0,0
2019,12,30,18,30,0,0
2019,12,30,19,30,0,0
2019,12,30,20,30,0,0
2019,12,30,21,30,0,0
2019,12,30,22,30,0,0
2019,12,30,23,30,0,0
2019,12,31,0,30,0,0
2019,12,31,1,30,0,0
2019,12,31,2,30,0,0
2019,12,31,3,30,0,0
2019,12,31,4,30,0,0
2019,12,31,5,30,302,106
2019,12,31,6,30,575,286
2019,12,31,7,30,705,445
2019,12,31,8,30,764,553
2019,12,31,9,30,877,619
2019,12,31,10,30,870,601
2019,12,31,11,30,828,515
2019,12,31,12,30,719,370
2019,12,31,13,30,536,194
2019,12,31,14,30,113,28
2019,12,31,15,30,0,0
2019,12,31,16,30,0,0
2019,12,31,17,30,0,0
2019,12,31,18,30,0,0
2019,12,31,19,30,0,0
2019,12,31,20,30,0,0
2019,12,31,21,30,0,0
2019,12,31,22,30,0,0
2019,12,31,23,30,0,0
