Source,Location ID,City,State,Country,Latitude,Longitude,Time Zone,Elevation,Local Time Zone,Clearsky DHI Units,Clearsky DNI Units,Clearsky GHI Units,Dew Point Units,DHI Units,DNI Units,GHI Units,Solar Zenith Angle Units,Temperature Units,Pressure Units,Relative Humidity Units,Precipitable Water Units,Wind Direction Units,Wind Speed Units,Cloud Type -15,Cloud Type 0,Cloud Type 1,Cloud Type 2,Cloud Type 3,Cloud Type 4,Cloud Type 5,Cloud Type 6,Cloud Type 7,Cloud Type 8,Cloud Type 9,Cloud Type 10,Cloud Type 11,Cloud Type 12,Fill Flag 0,Fill Flag 1,Fill Flag 2,Fill Flag 3,Fill Flag 4,Fill Flag 5,Surface Albedo Units,Version
NSRDB,1880147,-,-,-,31.25,34.82,0,295,2,w/m2,w/m2,w/m2,c,w/m2,w/m2,w/m2,Degree,c,mbar,%,cm,Degrees,m/s,N/A,Clear,Probably Clear,Fog,Water,Super-Cooled Water,Mixed,Opaque Ice,Cirrus,Overlapping,Overshooting,Unknown,Dust,Smoke,N/A,Missing Image,Low Irradiance,Exceeds Clearsky,Missing CLoud Properties,Rayleigh Violation,N/A,unknown
Year,Month,Day,Hour,Minute,DNI,GHI
2018,1,1,0,30,0,0
2018,1,1,1,30,0,0
2018,1,1,2,30,0,0
2018,1,1,3,30,0,0
2018,1,1,4,30,0,0
2018,1,1,5,30,0,8
2018,1,1,6,30,0,22
2018,1,1,7,30,0,22
2018,1,1,8,30,0,31
2018,1,1,9,30,0,40
2018,1,1,10,30,0,118
2018,1,1,11,30,0,138
2018,1,1,12,30,0,34
2018,1,1,13,30,0,24
2018,1,1,14,30,0,5
2018,1,1,15,30,0,0
2018,1,1,16,30,0,0
2018,1,1,17,30,0,0
2018,1,1,18,30,0,0
2018,1,1,19,30,0,0
2018,1,1,20,30,0,0
2018,1,1,21,30,0,0
2018,1,1,22,30,0,0
2018,1,1,23,30,0,0
2018,1,2,0,30,0,0
2018,1,2,1,30,0,0
2018,1,2,2,30,0,0
2018,1,2,3,30,0,0
2018,1,2,4,30,0,0
2018,1,2,5,30,339,107
2018,1,2,6,30,0,22
2018,1,2,7,30,40,203
2018,1,2,8,30,0,49
2018,1,2,9,30,98,327
2018,1,2,10,30,7,193
2018,1,2,11,30,85,266
2018,1,2,12,30,77,194
2018,1,2,13,30,567,201
2018,1,2,14,30,166,33
2018,1,2,15,30,0,0
2018,1,2,16,30,0,0
2018,1,2,17,30,0,0
2018,1,2,18,30,0,0
2018,1,2,19,30,0,0
2018,1,2,20,30,0,0
2018,1,2,21,30,0,0
2018,1,2,22,30,0,0
2018,1,2,23,30,0,0
2018,1,3,0,30,0,0
2018,1,3,1,30,0,0
2018,1,3,2,30,0,0
2018,1,3,3,30,0,0
2018,1,3,4,30,0,0
2018,1,3,5,30,5,52
2018,1,3,6,30,85,158
2018,1,3,7,30,243,305
2018,1,3,8,30,859,566
2018,1,3,9,30,401,473
2018,1,3,10,30,876,602
2018,1,3,11,30,351,384
2018,1,3,12,30,91,203
2018,1,3,13,30,168,132
2018,1,3,14,30,27,23
2018,1,3,15,30,0,0
2018,1,3,16,30,0,0
2018,1,3,17,30,0,0
2018,1,3,18,30,0,0
2018,1,3,19,30,0,0
2018,1,3,20,30,0,0
2018,1,3,21,30,0,0
2018,1,3,22,30,0,0
2018,1,3,23,30,0,0
2018,1,4,0,30,0,0
2018,1,4,1,30,0,0
2018,1,4,2,30,0,0
2018,1,4,3,30,0,0
2018,1,4,4,30,0,0
2018,1,4,5,30,0,8
2018,1,4,6,30,469,268
2018,1,4,7,30,582,418
2018,1,4,8,30,1,165
2018,1,4,9,30,226,406
2018,1,4,10,30,411,520
2018,1,4,11,30,376,446
2018,1,4,12,30,0,31
2018,1,4,13,30,0,15
2018,1,4,14,30,0,4
2018,1,4,15,30,0,0
2018,1,4,16,30,0,0
2018,1,4,17,30,0,0
2018,1,4,18,30,0,0
2018,1,4,19,30,0,0
2018,1,4,20,30,0,0
2018,1,4,21,30,0,0
2018,1,4,22,30,0,0
2018,1,4,23,30,0,0
2018,1,5,0,30,0,0
2018,1,5,1,30,0,0
2018,1,5,2,30,0,0
2018,1,5,3,30,0,0
2018,1,5,4,30,0,0
2018,1,5,5,30,0,29
2018,1,5,6,30,0,13
2018,1,5,7,30,0,45
2018,1,5,8,30,29,234
2018,1,5,9,30,341,520
2018,1,5,10,30,0,53
2018,1,5,11,30,0,45
2018,1,5,12,30,0,17
2018,1,5,13,30,0,9
2018,1,5,14,30,0,4
2018,1,5,15,30,0,0
2018,1,5,16,30,0,0
2018,1,5,17,30,0,0
2018,1,5,18,30,0,0
2018,1,5,19,30,0,0
2018,1,5,20,30,0,0
2018,1,5,21,30,0,0
2018,1,5,22,30,0,0
2018,1,5,23,30,0,0
2018,1,6,0,30,0,0
2018,1,6,1,30,0,0
2018,1,6,2,30,0,0
2018,1,6,3,30,0,0
2018,1,6,4,30,0,0
2018,1,6,5,30,0,8
2018,1,6,6,30,0,22
2018,1,6,7,30,0,37
2018,1,6,8,30,0,48
2018,1,6,9,30,20,234
2018,1,6,10,30,0,53
2018,1,6,11,30,0,113
2018,1,6,12,30,0,106
2018,1,6,13,30,0,15
2018,1,6,14,30,0,4
2018,1,6,15,30,0,0
2018,1,6,16,30,0,0
2018,1,6,17,30,0,0
2018,1,6,18,30,0,0
2018,1,6,19,30,0,0
2018,1,6,20,30,0,0
2018,1,6,21,30,0,0
2018,1,6,22,30,0,0
2018,1,6,23,30,0,0
2018,1,7,0,30,0,0
2018,1,7,1,30,0,0
2018,1,7,2,30,0,0
2018,1,7,3,30,0,0
2018,1,7,4,30,0,0
2018,1,7,5,30,340,106
2018,1,7,6,30,606,287
2018,1,7,7,30,170,279
2018,1,7,8,30,799,564
2018,1,7,9,30,852,621
2018,1,7,10,30,850,607
2018,1,7,11,30,817,527
2018,1,7,12,30,720,388
2018,1,7,13,30,559,213
2018,1,7,14,30,173,40
2018,1,7,15,30,0,0
2018,1,7,16,30,0,0
2018,1,7,17,30,0,0
2018,1,7,18,30,0,0
2018,1,7,19,30,0,0
2018,1,7,20,30,0,0
2018,1,7,21,30,0,0
2018,1,7,22,30,0,0
2018,1,7,23,30,0,0
2018,1,8,0,30,0,0
2018,1,8,1,30,0,0
2018,1,8,2,30,0,0
2018,1,8,3,30,0,0
2018,1,8,4,30,0,0
2018,1,8,5,30,539,121
2018,1,8,6,30,786,315
2018,1,8,7,30,894,483
2018,1,8,8,30,946,600
2018,1,8,9,30,888,638
2018,1,8,10,30,892,626
2018,1,8,11,30,866,547
2018,1,8,12,30,729,398
2018,1,8,13,30,558,219
2018,1,8,14,30,162,42
2018,1,8,15,30,0,0
2018,1,8,16,30,0,0
2018,1,8,17,30,0,0
2018,1,8,18,30,0,0
2018,1,8,19,30,0,0
2018,1,8,20,30,0,0
2018,1,8,21,30,0,0
2018,1,8,22,30,0,0
2018,1,8,23,30,0,0
2018,1,9,0,30,0,0
2018,1,9,1,30,0,0
2018,1,9,2,30,0,0
2018,1,9,3,30,0,0
2018,1,9,4,30,0,0
2018,1,9,5,30,450,114
2018,1,9,6,30,706,303
2018,1,9,7,30,825,470
2018,1,9,8,30,887,587
2018,1,9,9,30,312,448
2018,1,9,10,30,875,620
2018,1,9,11,30,842,540
2018,1,9,12,30,760,402
2018,1,9,13,30,603,224
2018,1,9,14,30,231,45
2018,1,9,15,30,0,0
2018,1,9,16,30,0,0
2018,1,9,17,30,0,0
2018,1,9,18,30,0,0
2018,1,9,19,30,0,0
2018,1,9,20,30,0,0
2018,1,9,21,30,0,0
2018,1,9,22,30,0,0
2018,1,9,23,30,0,0
2018,1,10,0,30,0,0
2018,1,10,1,30,0,0
2018,1,10,2,30,0,0
2018,1,10,3,30,0,0
2018,1,10,4,30,0,0
2018,1,10,5,30,390,111
2018,1,10,6,30,654,297
2018,1,10,7,30,784,463
2018,1,10,8,30,843,577
2018,1,10,9,30,862,630
2018,1,10,10,30,863,618
2018,1,10,11,30,309,384
2018,1,10,12,30,137,234
2018,1,10,13,30,0,67
2018,1,10,14,30,0,17
2018,1,10,15,30,0,0
2018,1,10,16,30,0,0
2018,1,10,17,30,0,0
2018,1,10,18,30,0,0
2018,1,10,19,30,0,0
2018,1,10,20,30,0,0
2018,1,10,21,30,0,0
2018,1,10,22,30,0,0
2018,1,10,23,30,0,0
2018,1,11,0,30,0,0
2018,1,11,1,30,0,0
2018,1,11,2,30,0,0
2018,1,11,3,30,0,0
2018,1,11,4,30,0,0
2018,1,11,5,30,361,111
2018,1,11,6,30,629,299
2018,1,11,7,30,754,466
2018,1,11,8,30,816,584
2018,1,11,9,30,907,652
2018,1,11,10,30,893,635
2018,1,11,11,30,847,553
2018,1,11,12,30,745,410
2018,1,11,13,30,539,225
2018,1,11,14,30,119,44
2018,1,11,15,30,0,0
2018,1,11,16,30,0,0
2018,1,11,17,30,0,0
2018,1,11,18,30,0,0
2018,1,11,19,30,0,0
2018,1,11,20,30,0,0
2018,1,11,21,30,0,0
2018,1,11,22,30,0,0
2018,1,11,23,30,0,0
2018,1,12,0,30,0,0
2018,1,12,1,30,0,0
2018,1,12,2,30,0,0
2018,1,12,3,30,0,0
2018,1,12,4,30,0,0
2018,1,12,5,30,76,84
2018,1,12,6,30,47,143
2018,1,12,7,30,471,417
2018,1,12,8,30,566,532
2018,1,12,9,30,552,574
2018,1,12,10,30,566,566
2018,1,12,11,30,543,494
2018,1,12,12,30,396,355
2018,1,12,13,30,241,191
2018,1,12,14,30,19,32
2018,1,12,15,30,0,0
2018,1,12,16,30,0,0
2018,1,12,17,30,0,0
2018,1,12,18,30,0,0
2018,1,12,19,30,0,0
2018,1,12,20,30,0,0
2018,1,12,21,30,0,0
2018,1,12,22,30,0,0
2018,1,12,23,30,0,0
2018,1,13,0,30,0,0
2018,1,13,1,30,0,0
2018,1,13,2,30,0,0
2018,1,13,3,30,0,0
2018,1,13,4,30,0,0
2018,1,13,5,30,113,90
2018,1,13,6,30,369,265
2018,1,13,7,30,530,426
2018,1,13,8,30,619,544
2018,1,13,9,30,722,612
2018,1,13,10,30,705,598
2018,1,13,11,30,648,518
2018,1,13,12,30,533,381
2018,1,13,13,30,331,205
2018,1,13,14,30,36,38
2018,1,13,15,30,0,0
2018,1,13,16,30,0,0
2018,1,13,17,30,0,0
2018,1,13,18,30,0,0
2018,1,13,19,30,0,0
2018,1,13,20,30,0,0
2018,1,13,21,30,0,0
2018,1,13,22,30,0,0
2018,1,13,23,30,0,0
2018,1,14,0,30,0,0
2018,1,14,1,30,0,0
2018,1,14,2,30,0,0
2018,1,14,3,30,0,0
2018,1,14,4,30,0,0
2018,1,14,5,30,324,107
2018,1,14,6,30,604,293
2018,1,14,7,30,726,458
2018,1,14,8,30,774,574
2018,1,14,9,30,817,634
2018,1,14,10,30,786,617
2018,1,14,11,30,710,532
2018,1,14,12,30,506,378
2018,1,14,13,30,298,204
2018,1,14,14,30,0,5
2018,1,14,15,30,0,0
2018,1,14,16,30,0,0
2018,1,14,17,30,0,0
2018,1,14,18,30,0,0
2018,1,14,19,30,0,0
2018,1,14,20,30,0,0
2018,1,14,21,30,0,0
2018,1,14,22,30,0,0
2018,1,14,23,30,0,0
2018,1,15,0,30,0,0
2018,1,15,1,30,0,0
2018,1,15,2,30,0,0
2018,1,15,3,30,0,0
2018,1,15,4,30,0,0
2018,1,15,5,30,431,114
2018,1,15,6,30,0,23
2018,1,15,7,30,11,172
2018,1,15,8,30,0,147
2018,1,15,9,30,0,103
2018,1,15,10,30,0,154
2018,1,15,11,30,0,108
2018,1,15,12,30,0,121
2018,1,15,13,30,0,23
2018,1,15,14,30,0,6
2018,1,15,15,30,0,0
2018,1,15,16,30,0,0
2018,1,15,17,30,0,0
2018,1,15,18,30,0,0
2018,1,15,19,30,0,0
2018,1,15,20,30,0,0
2018,1,15,21,30,0,0
2018,1,15,22,30,0,0
2018,1,15,23,30,0,0
2018,1,16,0,30,0,0
2018,1,16,1,30,0,0
2018,1,16,2,30,0,0
2018,1,16,3,30,0,0
2018,1,16,4,30,0,0
2018,1,16,5,30,526,122
2018,1,16,6,30,763,315
2018,1,16,7,30,869,484
2018,1,16,8,30,919,603
2018,1,16,9,30,913,655
2018,1,16,10,30,916,646
2018,1,16,11,30,891,569
2018,1,16,12,30,793,427
2018,1,16,13,30,647,249
2018,1,16,14,30,303,62
2018,1,16,15,30,0,0
2018,1,16,16,30,0,0
2018,1,16,17,30,0,0
2018,1,16,18,30,0,0
2018,1,16,19,30,0,0
2018,1,16,20,30,0,0
2018,1,16,21,30,0,0
2018,1,16,22,30,0,0
2018,1,16,23,30,0,0
2018,1,17,0,30,0,0
2018,1,17,1,30,0,0
2018,1,17,2,30,0,0
2018,1,17,3,30,0,0
2018,1,17,4,30,0,0
2018,1,17,5,30,525,121
2018,1,17,6,30,0,23
2018,1,17,7,30,17,183
2018,1,17,8,30,0,52
2018,1,17,9,30,0,70
2018,1,17,10,30,0,57
2018,1,17,11,30,126,319
2018,1,17,12,30,92,226
2018,1,17,13,30,595,243
2018,1,17,14,30,275,62
2018,1,17,15,30,0,0
2018,1,17,16,30,0,0
2018,1,17,17,30,0,0
2018,1,17,18,30,0,0
2018,1,17,19,30,0,0
2018,1,17,20,30,0,0
2018,1,17,21,30,0,0
2018,1,17,22,30,0,0
2018,1,17,23,30,0,0
2018,1,18,0,30,0,0
2018,1,18,1,30,0,0
2018,1,18,2,30,0,0
2018,1,18,3,30,0,0
2018,1,18,4,30,0,0
2018,1,18,5,30,408,115
2018,1,18,6,30,665,305
2018,1,18,7,30,235,317
2018,1,18,8,30,824,588
2018,1,18,9,30,838,643
2018,1,18,10,30,818,631
2018,1,18,11,30,754,549
2018,1,18,12,30,699,419
2018,1,18,13,30,506,239
2018,1,18,14,30,120,55
2018,1,18,15,30,0,0
2018,1,18,16,30,0,0
2018,1,18,17,30,0,0
2018,1,18,18,30,0,0
2018,1,18,19,30,0,0
2018,1,18,20,30,0,0
2018,1,18,21,30,0,0
2018,1,18,22,30,0,0
2018,1,18,23,30,0,0
2018,1,19,0,30,0,0
2018,1,19,1,30,0,0
2018,1,19,2,30,0,0
2018,1,19,3,30,0,0
2018,1,19,4,30,0,0
2018,1,19,5,30,0,9
2018,1,19,6,30,0,57
2018,1,19,7,30,0,48
2018,1,19,8,30,231,395
2018,1,19,9,30,0,155
2018,1,19,10,30,2,176
2018,1,19,11,30,6,184
2018,1,19,12,30,84,226
2018,1,19,13,30,0,20
2018,1,19,14,30,0,6
2018,1,19,15,30,0,0
2018,1,19,16,30,0,0
2018,1,19,17,30,0,0
2018,1,19,18,30,0,0
2018,1,19,19,30,0,0
2018,1,19,20,30,0,0
2018,1,19,21,30,0,0
2018,1,19,22,30,0,0
2018,1,19,23,30,0,0
2018,1,20,0,30,0,0
2018,1,20,1,30,0,0
2018,1,20,2,30,0,0
2018,1,20,3,30,0,0
2018,1,20,4,30,0,0
2018,1,20,5,30,453,121
2018,1,20,6,30,712,315
2018,1,20,7,30,828,487
2018,1,20,8,30,224,393
2018,1,20,9,30,87,341
2018,1,20,10,30,128,369
2018,1,20,11,30,182,356
2018,1,20,12,30,760,437
2018,1,20,13,30,619,257
2018,1,20,14,30,287,70
2018,1,20,15,30,0,0
2018,1,20,16,30,0,0
2018,1,20,17,30,0,0
2018,1,20,18,30,0,0
2018,1,20,19,30,0,0
2018,1,20,20,30,0,0
2018,1,20,21,30,0,0
2018,1,20,22,30,0,0
2018,1,20,23,30,0,0
2018,1,21,0,30,0,0
2018,1,21,1,30,0,0
2018,1,21,2,30,0,0
2018,1,21,3,30,0,0
2018,1,21,4,30,0,0
2018,1,21,5,30,41,64
2018,1,21,6,30,140,186
2018,1,21,7,30,313,347
2018,1,21,8,30,899,620
2018,1,21,9,30,916,679
2018,1,21,10,30,452,520
2018,1,21,11,30,299,409
2018,1,21,12,30,295,314
2018,1,21,13,30,0,100
2018,1,21,14,30,0,29
2018,1,21,15,30,0,0
2018,1,21,16,30,0,0
2018,1,21,17,30,0,0
2018,1,21,18,30,0,0
2018,1,21,19,30,0,0
2018,1,21,20,30,0,0
2018,1,21,21,30,0,0
2018,1,21,22,30,0,0
2018,1,21,23,30,0,0
2018,1,22,0,30,0,0
2018,1,22,1,30,0,0
2018,1,22,2,30,0,0
2018,1,22,3,30,0,0
2018,1,22,4,30,0,0
2018,1,22,5,30,47,66
2018,1,22,6,30,331,275
2018,1,22,7,30,415,431
2018,1,22,8,30,440,540
2018,1,22,9,30,404,583
2018,1,22,10,30,390,573
2018,1,22,11,30,343,499
2018,1,22,12,30,255,370
2018,1,22,13,30,123,203
2018,1,22,14,30,6,37
2018,1,22,15,30,0,0
2018,1,22,16,30,0,0
2018,1,22,17,30,0,0
2018,1,22,18,30,0,0
2018,1,22,19,30,0,0
2018,1,22,20,30,0,0
2018,1,22,21,30,0,0
2018,1,22,22,30,0,0
2018,1,22,23,30,0,0
2018,1,23,0,30,0,0
2018,1,23,1,30,0,0
2018,1,23,2,30,0,0
2018,1,23,3,30,0,0
2018,1,23,4,30,0,0
2018,1,23,5,30,44,84
2018,1,23,6,30,0,25
2018,1,23,7,30,0,43
2018,1,23,8,30,329,444
2018,1,23,9,30,787,653
2018,1,23,10,30,55,308
2018,1,23,11,30,208,377
2018,1,23,12,30,60,217
2018,1,23,13,30,37,127
2018,1,23,14,30,0,32
2018,1,23,15,30,0,0
2018,1,23,16,30,0,0
2018,1,23,17,30,0,0
2018,1,23,18,30,0,0
2018,1,23,19,30,0,0
2018,1,23,20,30,0,0
2018,1,23,21,30,0,0
2018,1,23,22,30,0,0
2018,1,23,23,30,0,0
2018,1,24,0,30,0,0
2018,1,24,1,30,0,0
2018,1,24,2,30,0,0
2018,1,24,3,30,0,0
2018,1,24,4,30,0,0
2018,1,24,5,30,0,9
2018,1,24,6,30,0,24
2018,1,24,7,30,736,476
2018,1,24,8,30,817,600
2018,1,24,9,30,718,638
2018,1,24,10,30,41,290
2018,1,24,11,30,0,86
2018,1,24,12,30,30,193
2018,1,24,13,30,38,129
2018,1,24,14,30,0,34
2018,1,24,15,30,0,0
2018,1,24,16,30,0,0
2018,1,24,17,30,0,0
2018,1,24,18,30,0,0
2018,1,24,19,30,0,0
2018,1,24,20,30,0,0
2018,1,24,21,30,0,0
2018,1,24,22,30,0,0
2018,1,24,23,30,0,0
2018,1,25,0,30,0,0
2018,1,25,1,30,0,0
2018,1,25,2,30,0,0
2018,1,25,3,30,0,0
2018,1,25,4,30,0,0
2018,1,25,5,30,0,41
2018,1,25,6,30,0,29
2018,1,25,7,30,22,196
2018,1,25,8,30,0,55
2018,1,25,9,30,18,245
2018,1,25,10,30,14,230
2018,1,25,11,30,0,58
2018,1,25,12,30,0,21
2018,1,25,13,30,0,23
2018,1,25,14,30,0,6
2018,1,25,15,30,0,0
2018,1,25,16,30,0,0
2018,1,25,17,30,0,0
2018,1,25,18,30,0,0
2018,1,25,19,30,0,0
2018,1,25,20,30,0,0
2018,1,25,21,30,0,0
2018,1,25,22,30,0,0
2018,1,25,23,30,0,0
2018,1,26,0,30,0,0
2018,1,26,1,30,0,0
2018,1,26,2,30,0,0
2018,1,26,3,30,0,0
2018,1,26,4,30,0,0
2018,1,26,5,30,0,38
2018,1,26,6,30,469,301
2018,1,26,7,30,612,471
2018,1,26,8,30,34,260
2018,1,26,9,30,0,63
2018,1,26,10,30,0,71
2018,1,26,11,30,0,103
2018,1,26,12,30,0,48
2018,1,26,13,30,0,81
2018,1,26,14,30,0,29
2018,1,26,15,30,0,0
2018,1,26,16,30,0,0
2018,1,26,17,30,0,0
2018,1,26,18,30,0,0
2018,1,26,19,30,0,0
2018,1,26,20,30,0,0
2018,1,26,21,30,0,0
2018,1,26,22,30,0,0
2018,1,26,23,30,0,0
2018,1,27,0,30,0,0
2018,1,27,1,30,0,0
2018,1,27,2,30,0,0
2018,1,27,3,30,0,0
2018,1,27,4,30,0,0
2018,1,27,5,30,362,124
2018,1,27,6,30,0,25
2018,1,27,7,30,0,42
2018,1,27,8,30,0,84
2018,1,27,9,30,0,62
2018,1,27,10,30,0,60
2018,1,27,11,30,0,52
2018,1,27,12,30,0,38
2018,1,27,13,30,0,22
2018,1,27,14,30,0,6
2018,1,27,15,30,0,0
2018,1,27,16,30,0,0
2018,1,27,17,30,0,0
2018,1,27,18,30,0,0
2018,1,27,19,30,0,0
2018,1,27,20,30,0,0
2018,1,27,21,30,0,0
2018,1,27,22,30,0,0
2018,1,27,23,30,0,0
2018,1,28,0,30,0,0
2018,1,28,1,30,0,0
2018,1,28,2,30,0,0
2018,1,28,3,30,0,0
2018,1,28,4,30,0,0
2018,1,28,5,30,381,128
2018,1,28,6,30,653,325
2018,1,28,7,30,47,229
2018,1,28,8,30,859,626
2018,1,28,9,30,72,341
2018,1,28,10,30,122,384
2018,1,28,11,30,338,444
2018,1,28,12,30,2,157
2018,1,28,13,30,0,52
2018,1,28,14,30,0,7
2018,1,28,15,30,0,0
2018,1,28,16,30,0,0
2018,1,28,17,30,0,0
2018,1,28,18,30,0,0
2018,1,28,19,30,0,0
2018,1,28,20,30,0,0
2018,1,28,21,30,0,0
2018,1,28,22,30,0,0
2018,1,28,23,30,0,0
2018,1,29,0,30,0,0
2018,1,29,1,30,0,0
2018,1,29,2,30,0,0
2018,1,29,3,30,0,0
2018,1,29,4,30,0,0
2018,1,29,5,30,0,10
2018,1,29,6,30,0,26
2018,1,29,7,30,0,68
2018,1,29,8,30,0,56
2018,1,29,9,30,0,63
2018,1,29,10,30,376,518
2018,1,29,11,30,2,175
2018,1,29,12,30,65,232
2018,1,29,13,30,119,169
2018,1,29,14,30,1,46
2018,1,29,15,30,0,0
2018,1,29,16,30,0,0
2018,1,29,17,30,0,0
2018,1,29,18,30,0,0
2018,1,29,19,30,0,0
2018,1,29,20,30,0,0
2018,1,29,21,30,0,0
2018,1,29,22,30,0,0
2018,1,29,23,30,0,0
2018,1,30,0,30,0,0
2018,1,30,1,30,0,0
2018,1,30,2,30,0,0
2018,1,30,3,30,0,0
2018,1,30,4,30,0,0
2018,1,30,5,30,455,136
2018,1,30,6,30,693,334
2018,1,30,7,30,809,508
2018,1,30,8,30,869,634
2018,1,30,9,30,864,691
2018,1,30,10,30,858,682
2018,1,30,11,30,829,607
2018,1,30,12,30,136,277
2018,1,30,13,30,0,41
2018,1,30,14,30,305,94
2018,1,30,15,30,0,0
2018,1,30,16,30,0,0
2018,1,30,17,30,0,0
2018,1,30,18,30,0,0
2018,1,30,19,30,0,0
2018,1,30,20,30,0,0
2018,1,30,21,30,0,0
2018,1,30,22,30,0,0
2018,1,30,23,30,0,0
2018,1,31,0,30,0,0
2018,1,31,1,30,0,0
2018,1,31,2,30,0,0
2018,1,31,3,30,0,0
2018,1,31,4,30,0,0
2018,1,31,5,30,447,137
2018,1,31,6,30,696,337
2018,1,31,7,30,815,514
2018,1,31,8,30,876,641
2018,1,31,9,30,855,695
2018,1,31,10,30,860,689
2018,1,31,11,30,838,616
2018,1,31,12,30,741,474
2018,1,31,13,30,614,293
2018,1,31,14,30,332,98
2018,1,31,15,30,0,0
2018,1,31,16,30,0,0
2018,1,31,17,30,0,0
2018,1,31,18,30,0,0
2018,1,31,19,30,0,0
2018,1,31,20,30,0,0
2018,1,31,21,30,0,0
2018,1,31,22,30,0,0
2018,1,31,23,30,0,0
2018,2,1,0,30,0,0
2018,2,1,1,30,0,0
2018,2,1,2,30,0,0
2018,2,1,3,30,0,0
2018,2,1,4,30,0,0
2018,2,1,5,30,438,139
2018,2,1,6,30,0,123
2018,2,1,7,30,24,209
2018,2,1,8,30,873,650
2018,2,1,9,30,861,707
2018,2,1,10,30,863,701
2018,2,1,11,30,838,626
2018,2,1,12,30,707,477
2018,2,1,13,30,571,295
2018,2,1,14,30,275,98
2018,2,1,15,30,0,0
2018,2,1,16,30,0,0
2018,2,1,17,30,0,0
2018,2,1,18,30,0,0
2018,2,1,19,30,0,0
2018,2,1,20,30,0,0
2018,2,1,21,30,0,0
2018,2,1,22,30,0,0
2018,2,1,23,30,0,0
2018,2,2,0,30,0,0
2018,2,2,1,30,0,0
2018,2,2,2,30,0,0
2018,2,2,3,30,0,0
2018,2,2,4,30,0,0
2018,2,2,5,30,317,135
2018,2,2,6,30,572,334
2018,2,2,7,30,707,513
2018,2,2,8,30,779,642
2018,2,2,9,30,802,702
2018,2,2,10,30,804,697
2018,2,2,11,30,771,621
2018,2,2,12,30,637,473
2018,2,2,13,30,503,293
2018,2,2,14,30,218,99
2018,2,2,15,30,0,0
2018,2,2,16,30,0,0
2018,2,2,17,30,0,0
2018,2,2,18,30,0,0
2018,2,2,19,30,0,0
2018,2,2,20,30,0,0
2018,2,2,21,30,0,0
2018,2,2,22,30,0,0
2018,2,2,23,30,0,0
2018,2,3,0,30,0,0
2018,2,3,1,30,0,0
2018,2,3,2,30,0,0
2018,2,3,3,30,0,0
2018,2,3,4,30,0,0
2018,2,3,5,30,171,100
2018,2,3,6,30,214,229
2018,2,3,7,30,159,315
2018,2,3,8,30,236,433
2018,2,3,9,30,414,555
2018,2,3,10,30,559,592
2018,2,3,11,30,730,577
2018,2,3,12,30,667,477
2018,2,3,13,30,515,295
2018,2,3,14,30,226,100
2018,2,3,15,30,0,0
2018,2,3,16,30,0,0
2018,2,3,17,30,0,0
2018,2,3,18,30,0,0
2018,2,3,19,30,0,0
2018,2,3,20,30,0,0
2018,2,3,21,30,0,0
2018,2,3,22,30,0,0
2018,2,3,23,30,0,0
2018,2,4,0,30,0,0
2018,2,4,1,30,0,0
2018,2,4,2,30,0,0
2018,2,4,3,30,0,0
2018,2,4,4,30,0,0
2018,2,4,5,30,68,83
2018,2,4,6,30,127,203
2018,2,4,7,30,379,402
2018,2,4,8,30,772,608
2018,2,4,9,30,847,688
2018,2,4,10,30,667,631
2018,2,4,11,30,579,540
2018,2,4,12,30,495,413
2018,2,4,13,30,400,252
2018,2,4,14,30,276,93
2018,2,4,15,30,0,0
2018,2,4,16,30,0,0
2018,2,4,17,30,0,0
2018,2,4,18,30,0,0
2018,2,4,19,30,0,0
2018,2,4,20,30,0,0
2018,2,4,21,30,0,0
2018,2,4,22,30,0,0
2018,2,4,23,30,0,0
2018,2,5,0,30,0,0
2018,2,5,1,30,0,0
2018,2,5,2,30,0,0
2018,2,5,3,30,0,0
2018,2,5,4,30,0,0
2018,2,5,5,30,178,104
2018,2,5,6,30,160,217
2018,2,5,7,30,242,357
2018,2,5,8,30,330,481
2018,2,5,9,30,244,487
2018,2,5,10,30,196,456
2018,2,5,11,30,216,418
2018,2,5,12,30,216,330
2018,2,5,13,30,155,196
2018,2,5,14,30,58,67
2018,2,5,15,30,0,0
2018,2,5,16,30,0,0
2018,2,5,17,30,0,0
2018,2,5,18,30,0,0
2018,2,5,19,30,0,0
2018,2,5,20,30,0,0
2018,2,5,21,30,0,0
2018,2,5,22,30,0,0
2018,2,5,23,30,0,0
2018,2,6,0,30,0,0
2018,2,6,1,30,0,0
2018,2,6,2,30,0,0
2018,2,6,3,30,0,0
2018,2,6,4,30,0,0
2018,2,6,5,30,0,60
2018,2,6,6,30,63,178
2018,2,6,7,30,152,319
2018,2,6,8,30,186,416
2018,2,6,9,30,113,404
2018,2,6,10,30,82,370
2018,2,6,11,30,59,307
2018,2,6,12,30,21,201
2018,2,6,13,30,0,116
2018,2,6,14,30,0,50
2018,2,6,15,30,0,0
2018,2,6,16,30,0,0
2018,2,6,17,30,0,0
2018,2,6,18,30,0,0
2018,2,6,19,30,0,0
2018,2,6,20,30,0,0
2018,2,6,21,30,0,0
2018,2,6,22,30,0,0
2018,2,6,23,30,0,0
2018,2,7,0,30,0,0
2018,2,7,1,30,0,0
2018,2,7,2,30,0,0
2018,2,7,3,30,0,0
2018,2,7,4,30,0,0
2018,2,7,5,30,181,131
2018,2,7,6,30,446,329
2018,2,7,7,30,604,509
2018,2,7,8,30,692,640
2018,2,7,9,30,517,663
2018,2,7,10,30,512,654
2018,2,7,11,30,466,584
2018,2,7,12,30,395,451
2018,2,7,13,30,246,274
2018,2,7,14,30,52,87
2018,2,7,15,30,0,0
2018,2,7,16,30,0,0
2018,2,7,17,30,0,0
2018,2,7,18,30,0,0
2018,2,7,19,30,0,0
2018,2,7,20,30,0,0
2018,2,7,21,30,0,0
2018,2,7,22,30,0,0
2018,2,7,23,30,0,0
2018,2,8,0,30,0,0
2018,2,8,1,30,0,0
2018,2,8,2,30,0,0
2018,2,8,3,30,0,0
2018,2,8,4,30,0,0
2018,2,8,5,30,0,31
2018,2,8,6,30,178,230
2018,2,8,7,30,211,353
2018,2,8,8,30,117,376
2018,2,8,9,30,131,424
2018,2,8,10,30,129,419
2018,2,8,11,30,113,363
2018,2,8,12,30,82,267
2018,2,8,13,30,38,153
2018,2,8,14,30,0,54
2018,2,8,15,30,0,0
2018,2,8,16,30,0,0
2018,2,8,17,30,0,0
2018,2,8,18,30,0,0
2018,2,8,19,30,0,0
2018,2,8,20,30,0,0
2018,2,8,21,30,0,0
2018,2,8,22,30,0,0
2018,2,8,23,30,0,0
2018,2,9,0,30,0,0
2018,2,9,1,30,0,0
2018,2,9,2,30,0,0
2018,2,9,3,30,0,0
2018,2,9,4,30,0,0
2018,2,9,5,30,0,69
2018,2,9,6,30,153,224
2018,2,9,7,30,540,492
2018,2,9,8,30,602,614
2018,2,9,9,30,702,691
2018,2,9,10,30,710,688
2018,2,9,11,30,415,515
2018,2,9,12,30,360,393
2018,2,9,13,30,158,207
2018,2,9,14,30,104,81
2018,2,9,15,30,0,0
2018,2,9,16,30,0,0
2018,2,9,17,30,0,0
2018,2,9,18,30,0,0
2018,2,9,19,30,0,0
2018,2,9,20,30,0,0
2018,2,9,21,30,0,0
2018,2,9,22,30,0,0
2018,2,9,23,30,0,0
2018,2,10,0,30,0,0
2018,2,10,1,30,0,0
2018,2,10,2,30,0,0
2018,2,10,3,30,0,0
2018,2,10,4,30,0,0
2018,2,10,5,30,173,113
2018,2,10,6,30,295,269
2018,2,10,7,30,467,448
2018,2,10,8,30,13,231
2018,2,10,9,30,345,554
2018,2,10,10,30,306,532
2018,2,10,11,30,156,400
2018,2,10,12,30,47,241
2018,2,10,13,30,97,187
2018,2,10,14,30,40,71
2018,2,10,15,30,0,0
2018,2,10,16,30,0,0
2018,2,10,17,30,0,0
2018,2,10,18,30,0,0
2018,2,10,19,30,0,0
2018,2,10,20,30,0,0
2018,2,10,21,30,0,0
2018,2,10,22,30,0,0
2018,2,10,23,30,0,0
2018,2,11,0,30,0,0
2018,2,11,1,30,0,0
2018,2,11,2,30,0,0
2018,2,11,3,30,0,0
2018,2,11,4,30,0,0
2018,2,11,5,30,0,9
2018,2,11,6,30,0,112
2018,2,11,7,30,0,76
2018,2,11,8,30,20,254
2018,2,11,9,30,35,315
2018,2,11,10,30,112,414
2018,2,11,11,30,52,309
2018,2,11,12,30,60,256
2018,2,11,13,30,11,136
2018,2,11,14,30,0,35
2018,2,11,15,30,0,0
2018,2,11,16,30,0,0
2018,2,11,17,30,0,0
2018,2,11,18,30,0,0
2018,2,11,19,30,0,0
2018,2,11,20,30,0,0
2018,2,11,21,30,0,0
2018,2,11,22,30,0,0
2018,2,11,23,30,0,0
2018,2,12,0,30,0,0
2018,2,12,1,30,0,0
2018,2,12,2,30,0,0
2018,2,12,3,30,0,0
2018,2,12,4,30,0,0
2018,2,12,5,30,0,63
2018,2,12,6,30,21,158
2018,2,12,7,30,0,119
2018,2,12,8,30,222,455
2018,2,12,9,30,99,407
2018,2,12,10,30,318,544
2018,2,12,11,30,301,481
2018,2,12,12,30,187,337
2018,2,12,13,30,23,148
2018,2,12,14,30,0,61
2018,2,12,15,30,0,0
2018,2,12,16,30,0,0
2018,2,12,17,30,0,0
2018,2,12,18,30,0,0
2018,2,12,19,30,0,0
2018,2,12,20,30,0,0
2018,2,12,21,30,0,0
2018,2,12,22,30,0,0
2018,2,12,23,30,0,0
2018,2,13,0,30,0,0
2018,2,13,1,30,0,0
2018,2,13,2,30,0,0
2018,2,13,3,30,0,0
2018,2,13,4,30,0,0
2018,2,13,5,30,0,12
2018,2,13,6,30,0,30
2018,2,13,7,30,0,49
2018,2,13,8,30,1,170
2018,2,13,9,30,0,68
2018,2,13,10,30,66,368
2018,2,13,11,30,211,440
2018,2,13,12,30,143,318
2018,2,13,13,30,717,353
2018,2,13,14,30,0,38
2018,2,13,15,30,0,0
2018,2,13,16,30,0,0
2018,2,13,17,30,0,0
2018,2,13,18,30,0,0
2018,2,13,19,30,0,0
2018,2,13,20,30,0,0
2018,2,13,21,30,0,0
2018,2,13,22,30,0,0
2018,2,13,23,30,0,0
2018,2,14,0,30,0,0
2018,2,14,1,30,0,0
2018,2,14,2,30,0,0
2018,2,14,3,30,0,0
2018,2,14,4,30,0,0
2018,2,14,5,30,28,87
2018,2,14,6,30,43,180
2018,2,14,7,30,901,586
2018,2,14,8,30,948,717
2018,2,14,9,30,914,770
2018,2,14,10,30,913,765
2018,2,14,11,30,456,547
2018,2,14,12,30,825,547
2018,2,14,13,30,95,194
2018,2,14,14,30,470,147
2018,2,14,15,30,0,0
2018,2,14,16,30,0,0
2018,2,14,17,30,0,0
2018,2,14,18,30,0,0
2018,2,14,19,30,0,0
2018,2,14,20,30,0,0
2018,2,14,21,30,0,0
2018,2,14,22,30,0,0
2018,2,14,23,30,0,0
2018,2,15,0,30,0,0
2018,2,15,1,30,0,0
2018,2,15,2,30,0,0
2018,2,15,3,30,0,0
2018,2,15,4,30,25,11
2018,2,15,5,30,0,24
2018,2,15,6,30,178,247
2018,2,15,7,30,91,304
2018,2,15,8,30,2,171
2018,2,15,9,30,81,395
2018,2,15,10,30,83,395
2018,2,15,11,30,55,322
2018,2,15,12,30,71,273
2018,2,15,13,30,0,89
2018,2,15,14,30,0,26
2018,2,15,15,30,0,0
2018,2,15,16,30,0,0
2018,2,15,17,30,0,0
2018,2,15,18,30,0,0
2018,2,15,19,30,0,0
2018,2,15,20,30,0,0
2018,2,15,21,30,0,0
2018,2,15,22,30,0,0
2018,2,15,23,30,0,0
2018,2,16,0,30,0,0
2018,2,16,1,30,0,0
2018,2,16,2,30,0,0
2018,2,16,3,30,0,0
2018,2,16,4,30,11,10
2018,2,16,5,30,0,9
2018,2,16,6,30,0,94
2018,2,16,7,30,763,561
2018,2,16,8,30,821,691
2018,2,16,9,30,753,738
2018,2,16,10,30,773,736
2018,2,16,11,30,759,664
2018,2,16,12,30,668,521
2018,2,16,13,30,550,338
2018,2,16,14,30,301,136
2018,2,16,15,30,0,0
2018,2,16,16,30,0,0
2018,2,16,17,30,0,0
2018,2,16,18,30,0,0
2018,2,16,19,30,0,0
2018,2,16,20,30,0,0
2018,2,16,21,30,0,0
2018,2,16,22,30,0,0
2018,2,16,23,30,0,0
2018,2,17,0,30,0,0
2018,2,17,1,30,0,0
2018,2,17,2,30,0,0
2018,2,17,3,30,0,0
2018,2,17,4,30,10,10
2018,2,17,5,30,331,170
2018,2,17,6,30,470,362
2018,2,17,7,30,510,528
2018,2,17,8,30,167,438
2018,2,17,9,30,550,707
2018,2,17,10,30,555,704
2018,2,17,11,30,26,275
2018,2,17,12,30,116,312
2018,2,17,13,30,0,97
2018,2,17,14,30,0,35
2018,2,17,15,30,0,0
2018,2,17,16,30,0,0
2018,2,17,17,30,0,0
2018,2,17,18,30,0,0
2018,2,17,19,30,0,0
2018,2,17,20,30,0,0
2018,2,17,21,30,0,0
2018,2,17,22,30,0,0
2018,2,17,23,30,0,0
2018,2,18,0,30,0,0
2018,2,18,1,30,0,0
2018,2,18,2,30,0,0
2018,2,18,3,30,0,0
2018,2,18,4,30,0,2
2018,2,18,5,30,0,14
2018,2,18,6,30,0,59
2018,2,18,7,30,0,52
2018,2,18,8,30,99,388
2018,2,18,9,30,115,440
2018,2,18,10,30,117,437
2018,2,18,11,30,702,668
2018,2,18,12,30,644,531
2018,2,18,13,30,0,106
2018,2,18,14,30,301,146
2018,2,18,15,30,0,0
2018,2,18,16,30,0,0
2018,2,18,17,30,0,0
2018,2,18,18,30,0,0
2018,2,18,19,30,0,0
2018,2,18,20,30,0,0
2018,2,18,21,30,0,0
2018,2,18,22,30,0,0
2018,2,18,23,30,0,0
2018,2,19,0,30,0,0
2018,2,19,1,30,0,0
2018,2,19,2,30,0,0
2018,2,19,3,30,0,0
2018,2,19,4,30,58,18
2018,2,19,5,30,0,76
2018,2,19,6,30,272,289
2018,2,19,7,30,345,441
2018,2,19,8,30,909,735
2018,2,19,9,30,266,548
2018,2,19,10,30,888,785
2018,2,19,11,30,866,709
2018,2,19,12,30,789,562
2018,2,19,13,30,483,314
2018,2,19,14,30,109,99
2018,2,19,15,30,0,0
2018,2,19,16,30,0,0
2018,2,19,17,30,0,0
2018,2,19,18,30,0,0
2018,2,19,19,30,0,0
2018,2,19,20,30,0,0
2018,2,19,21,30,0,0
2018,2,19,22,30,0,0
2018,2,19,23,30,0,0
2018,2,20,0,30,0,0
2018,2,20,1,30,0,0
2018,2,20,2,30,0,0
2018,2,20,3,30,0,0
2018,2,20,4,30,18,13
2018,2,20,5,30,97,118
2018,2,20,6,30,748,416
2018,2,20,7,30,340,443
2018,2,20,8,30,404,567
2018,2,20,9,30,385,609
2018,2,20,10,30,131,456
2018,2,20,11,30,364,536
2018,2,20,12,30,399,442
2018,2,20,13,30,12,148
2018,2,20,14,30,0,52
2018,2,20,15,30,0,0
2018,2,20,16,30,0,0
2018,2,20,17,30,0,0
2018,2,20,18,30,0,0
2018,2,20,19,30,0,0
2018,2,20,20,30,0,0
2018,2,20,21,30,0,0
2018,2,20,22,30,0,0
2018,2,20,23,30,0,0
2018,2,21,0,30,0,0
2018,2,21,1,30,0,0
2018,2,21,2,30,0,0
2018,2,21,3,30,0,0
2018,2,21,4,30,16,14
2018,2,21,5,30,375,186
2018,2,21,6,30,599,394
2018,2,21,7,30,712,574
2018,2,21,8,30,771,704
2018,2,21,9,30,819,774
2018,2,21,10,30,808,765
2018,2,21,11,30,337,528
2018,2,21,12,30,396,444
2018,2,21,13,30,0,36
2018,2,21,14,30,0,21
2018,2,21,15,30,0,0
2018,2,21,16,30,0,0
2018,2,21,17,30,0,0
2018,2,21,18,30,0,0
2018,2,21,19,30,0,0
2018,2,21,20,30,0,0
2018,2,21,21,30,0,0
2018,2,21,22,30,0,0
2018,2,21,23,30,0,0
2018,2,22,0,30,0,0
2018,2,22,1,30,0,0
2018,2,22,2,30,0,0
2018,2,22,3,30,0,0
2018,2,22,4,30,2,11
2018,2,22,5,30,182,141
2018,2,22,6,30,519,385
2018,2,22,7,30,658,567
2018,2,22,8,30,733,699
2018,2,22,9,30,798,772
2018,2,22,10,30,795,767
2018,2,22,11,30,768,692
2018,2,22,12,30,719,555
2018,2,22,13,30,596,366
2018,2,22,14,30,345,156
2018,2,22,15,30,0,0
2018,2,22,16,30,0,0
2018,2,22,17,30,0,0
2018,2,22,18,30,0,0
2018,2,22,19,30,0,0
2018,2,22,20,30,0,0
2018,2,22,21,30,0,0
2018,2,22,22,30,0,0
2018,2,22,23,30,0,0
2018,2,23,0,30,0,0
2018,2,23,1,30,0,0
2018,2,23,2,30,0,0
2018,2,23,3,30,0,0
2018,2,23,4,30,0,4
2018,2,23,5,30,0,9
2018,2,23,6,30,22,177
2018,2,23,7,30,477,534
2018,2,23,8,30,352,557
2018,2,23,9,30,585,725
2018,2,23,10,30,615,727
2018,2,23,11,30,595,656
2018,2,23,12,30,562,526
2018,2,23,13,30,3,140
2018,2,23,14,30,0,22
2018,2,23,15,30,0,0
2018,2,23,16,30,0,0
2018,2,23,17,30,0,0
2018,2,23,18,30,0,0
2018,2,23,19,30,0,0
2018,2,23,20,30,0,0
2018,2,23,21,30,0,0
2018,2,23,22,30,0,0
2018,2,23,23,30,0,0
2018,2,24,0,30,0,0
2018,2,24,1,30,0,0
2018,2,24,2,30,0,0
2018,2,24,3,30,0,0
2018,2,24,4,30,68,26
2018,2,24,5,30,526,216
2018,2,24,6,30,746,433
2018,2,24,7,30,863,622
2018,2,24,8,30,113,418
2018,2,24,9,30,226,543
2018,2,24,10,30,65,394
2018,2,24,11,30,908,734
2018,2,24,12,30,852,590
2018,2,24,13,30,751,399
2018,2,24,14,30,536,180
2018,2,24,15,30,0,0
2018,2,24,16,30,0,0
2018,2,24,17,30,0,0
2018,2,24,18,30,0,0
2018,2,24,19,30,0,0
2018,2,24,20,30,0,0
2018,2,24,21,30,0,0
2018,2,24,22,30,0,0
2018,2,24,23,30,0,0
2018,2,25,0,30,0,0
2018,2,25,1,30,0,0
2018,2,25,2,30,0,0
2018,2,25,3,30,0,0
2018,2,25,4,30,0,6
2018,2,25,5,30,68,120
2018,2,25,6,30,605,414
2018,2,25,7,30,237,419
2018,2,25,8,30,286,534
2018,2,25,9,30,724,769
2018,2,25,10,30,679,751
2018,2,25,11,30,604,661
2018,2,25,12,30,119,333
2018,2,25,13,30,21,164
2018,2,25,14,30,0,10
2018,2,25,15,30,0,0
2018,2,25,16,30,0,0
2018,2,25,17,30,0,0
2018,2,25,18,30,0,0
2018,2,25,19,30,0,0
2018,2,25,20,30,0,0
2018,2,25,21,30,0,0
2018,2,25,22,30,0,0
2018,2,25,23,30,0,0
2018,2,26,0,30,0,0
2018,2,26,1,30,0,0
2018,2,26,2,30,0,0
2018,2,26,3,30,0,0
2018,2,26,4,30,0,4
2018,2,26,5,30,0,10
2018,2,26,6,30,48,207
2018,2,26,7,30,730,597
2018,2,26,8,30,16,262
2018,2,26,9,30,779,784
2018,2,26,10,30,751,773
2018,2,26,11,30,687,690
2018,2,26,12,30,434,519
2018,2,26,13,30,243,326
2018,2,26,14,30,53,122
2018,2,26,15,30,0,0
2018,2,26,16,30,0,0
2018,2,26,17,30,0,0
2018,2,26,18,30,0,0
2018,2,26,19,30,0,0
2018,2,26,20,30,0,0
2018,2,26,21,30,0,0
2018,2,26,22,30,0,0
2018,2,26,23,30,0,0
2018,2,27,0,30,0,0
2018,2,27,1,30,0,0
2018,2,27,2,30,0,0
2018,2,27,3,30,0,0
2018,2,27,4,30,0,4
2018,2,27,5,30,0,17
2018,2,27,6,30,236,304
2018,2,27,7,30,405,552
2018,2,27,8,30,539,686
2018,2,27,9,30,703,778
2018,2,27,10,30,752,784
2018,2,27,11,30,76,376
2018,2,27,12,30,745,583
2018,2,27,13,30,14,158
2018,2,27,14,30,451,181
2018,2,27,15,30,12,10
2018,2,27,16,30,0,0
2018,2,27,17,30,0,0
2018,2,27,18,30,0,0
2018,2,27,19,30,0,0
2018,2,27,20,30,0,0
2018,2,27,21,30,0,0
2018,2,27,22,30,0,0
2018,2,27,23,30,0,0
2018,2,28,0,30,0,0
2018,2,28,1,30,0,0
2018,2,28,2,30,0,0
2018,2,28,3,30,0,0
2018,2,28,4,30,201,41
2018,2,28,5,30,639,247
2018,2,28,6,30,814,469
2018,2,28,7,30,896,657
2018,2,28,8,30,936,789
2018,2,28,9,30,930,849
2018,2,28,10,30,926,840
2018,2,28,11,30,899,756
2018,2,28,12,30,851,612
2018,2,28,13,30,755,416
2018,2,28,14,30,547,194
2018,2,28,15,30,42,13
2018,2,28,16,30,0,0
2018,2,28,17,30,0,0
2018,2,28,18,30,0,0
2018,2,28,19,30,0,0
2018,2,28,20,30,0,0
2018,2,28,21,30,0,0
2018,2,28,22,30,0,0
2018,2,28,23,30,0,0
2018,3,1,0,30,0,0
2018,3,1,1,30,0,0
2018,3,1,2,30,0,0
2018,3,1,3,30,0,0
2018,3,1,4,30,122,38
2018,3,1,5,30,526,234
2018,3,1,6,30,705,448
2018,3,1,7,30,794,630
2018,3,1,8,30,838,759
2018,3,1,9,30,712,787
2018,3,1,10,30,698,777
2018,3,1,11,30,651,694
2018,3,1,12,30,518,542
2018,3,1,13,30,383,355
2018,3,1,14,30,167,153
2018,3,1,15,30,0,2
2018,3,1,16,30,0,0
2018,3,1,17,30,0,0
2018,3,1,18,30,0,0
2018,3,1,19,30,0,0
2018,3,1,20,30,0,0
2018,3,1,21,30,0,0
2018,3,1,22,30,0,0
2018,3,1,23,30,0,0
2018,3,2,0,30,0,0
2018,3,2,1,30,0,0
2018,3,2,2,30,0,0
2018,3,2,3,30,0,0
2018,3,2,4,30,40,32
2018,3,2,5,30,392,221
2018,3,2,6,30,599,433
2018,3,2,7,30,712,618
2018,3,2,8,30,771,747
2018,3,2,9,30,792,810
2018,3,2,10,30,796,803
2018,3,2,11,30,165,463
2018,3,2,12,30,743,590
2018,3,2,13,30,490,349
2018,3,2,14,30,432,185
2018,3,2,15,30,19,12
2018,3,2,16,30,0,0
2018,3,2,17,30,0,0
2018,3,2,18,30,0,0
2018,3,2,19,30,0,0
2018,3,2,20,30,0,0
2018,3,2,21,30,0,0
2018,3,2,22,30,0,0
2018,3,2,23,30,0,0
2018,3,3,0,30,0,0
2018,3,3,1,30,0,0
2018,3,3,2,30,0,0
2018,3,3,3,30,0,0
2018,3,3,4,30,79,39
2018,3,3,5,30,447,233
2018,3,3,6,30,633,445
2018,3,3,7,30,732,629
2018,3,3,8,30,783,759
2018,3,3,9,30,856,834
2018,3,3,10,30,855,828
2018,3,3,11,30,828,747
2018,3,3,12,30,776,603
2018,3,3,13,30,659,408
2018,3,3,14,30,261,148
2018,3,3,15,30,9,11
2018,3,3,16,30,0,0
2018,3,3,17,30,0,0
2018,3,3,18,30,0,0
2018,3,3,19,30,0,0
2018,3,3,20,30,0,0
2018,3,3,21,30,0,0
2018,3,3,22,30,0,0
2018,3,3,23,30,0,0
2018,3,4,0,30,0,0
2018,3,4,1,30,0,0
2018,3,4,2,30,0,0
2018,3,4,3,30,0,0
2018,3,4,4,30,8,27
2018,3,4,5,30,228,210
2018,3,4,6,30,425,416
2018,3,4,7,30,544,595
2018,3,4,8,30,611,722
2018,3,4,9,30,665,791
2018,3,4,10,30,657,781
2018,3,4,11,30,622,701
2018,3,4,12,30,653,579
2018,3,4,13,30,530,388
2018,3,4,14,30,214,142
2018,3,4,15,30,1,8
2018,3,4,16,30,0,0
2018,3,4,17,30,0,0
2018,3,4,18,30,0,0
2018,3,4,19,30,0,0
2018,3,4,20,30,0,0
2018,3,4,21,30,0,0
2018,3,4,22,30,0,0
2018,3,4,23,30,0,0
2018,3,5,0,30,0,0
2018,3,5,1,30,0,0
2018,3,5,2,30,0,0
2018,3,5,3,30,0,0
2018,3,5,4,30,25,35
2018,3,5,5,30,317,225
2018,3,5,6,30,512,434
2018,3,5,7,30,610,615
2018,3,5,8,30,652,740
2018,3,5,9,30,599,785
2018,3,5,10,30,596,776
2018,3,5,11,30,560,696
2018,3,5,12,30,482,554
2018,3,5,13,30,327,363
2018,3,5,14,30,123,156
2018,3,5,15,30,0,3
2018,3,5,16,30,0,0
2018,3,5,17,30,0,0
2018,3,5,18,30,0,0
2018,3,5,19,30,0,0
2018,3,5,20,30,0,0
2018,3,5,21,30,0,0
2018,3,5,22,30,0,0
2018,3,5,23,30,0,0
2018,3,6,0,30,0,0
2018,3,6,1,30,0,0
2018,3,6,2,30,0,0
2018,3,6,3,30,0,0
2018,3,6,4,30,4,27
2018,3,6,5,30,178,215
2018,3,6,6,30,344,414
2018,3,6,7,30,424,584
2018,3,6,8,30,432,697
2018,3,6,9,30,435,752
2018,3,6,10,30,412,736
2018,3,6,11,30,393,661
2018,3,6,12,30,355,530
2018,3,6,13,30,263,352
2018,3,6,14,30,105,153
2018,3,6,15,30,0,3
2018,3,6,16,30,0,0
2018,3,6,17,30,0,0
2018,3,6,18,30,0,0
2018,3,6,19,30,0,0
2018,3,6,20,30,0,0
2018,3,6,21,30,0,0
2018,3,6,22,30,0,0
2018,3,6,23,30,0,0
2018,3,7,0,30,0,0
2018,3,7,1,30,0,0
2018,3,7,2,30,0,0
2018,3,7,3,30,0,0
2018,3,7,4,30,223,60
2018,3,7,5,30,627,275
2018,3,7,6,30,801,498
2018,3,7,7,30,886,687
2018,3,7,8,30,930,818
2018,3,7,9,30,938,877
2018,3,7,10,30,940,868
2018,3,7,11,30,921,787
2018,3,7,12,30,829,629
2018,3,7,13,30,730,432
2018,3,7,14,30,512,207
2018,3,7,15,30,38,19
2018,3,7,16,30,0,0
2018,3,7,17,30,0,0
2018,3,7,18,30,0,0
2018,3,7,19,30,0,0
2018,3,7,20,30,0,0
2018,3,7,21,30,0,0
2018,3,7,22,30,0,0
2018,3,7,23,30,0,0
2018,3,8,0,30,0,0
2018,3,8,1,30,0,0
2018,3,8,2,30,0,0
2018,3,8,3,30,0,0
2018,3,8,4,30,40,47
2018,3,8,5,30,338,245
2018,3,8,6,30,285,351
2018,3,8,7,30,598,632
2018,3,8,8,30,618,750
2018,3,8,9,30,266,609
2018,3,8,10,30,317,724
2018,3,8,11,30,260,637
2018,3,8,12,30,139,479
2018,3,8,13,30,125,325
2018,3,8,14,30,43,140
2018,3,8,15,30,0,2
2018,3,8,16,30,0,0
2018,3,8,17,30,0,0
2018,3,8,18,30,0,0
2018,3,8,19,30,0,0
2018,3,8,20,30,0,0
2018,3,8,21,30,0,0
2018,3,8,22,30,0,0
2018,3,8,23,30,0,0
2018,3,9,0,30,0,0
2018,3,9,1,30,0,0
2018,3,9,2,30,0,0
2018,3,9,3,30,0,0
2018,3,9,4,30,127,60
2018,3,9,5,30,485,265
2018,3,9,6,30,0,115
2018,3,9,7,30,226,456
2018,3,9,8,30,342,607
2018,3,9,9,30,363,665
2018,3,9,10,30,478,699
2018,3,9,11,30,886,785
2018,3,9,12,30,521,529
2018,3,9,13,30,188,281
2018,3,9,14,30,0,38
2018,3,9,15,30,0,7
2018,3,9,16,30,0,0
2018,3,9,17,30,0,0
2018,3,9,18,30,0,0
2018,3,9,19,30,0,0
2018,3,9,20,30,0,0
2018,3,9,21,30,0,0
2018,3,9,22,30,0,0
2018,3,9,23,30,0,0
2018,3,10,0,30,0,0
2018,3,10,1,30,0,0
2018,3,10,2,30,0,0
2018,3,10,3,30,0,0
2018,3,10,4,30,268,71
2018,3,10,5,30,621,284
2018,3,10,6,30,776,502
2018,3,10,7,30,856,685
2018,3,10,8,30,896,813
2018,3,10,9,30,924,877
2018,3,10,10,30,924,867
2018,3,10,11,30,906,786
2018,3,10,12,30,848,638
2018,3,10,13,30,746,440
2018,3,10,14,30,532,214
2018,3,10,15,30,0,7
2018,3,10,16,30,0,0
2018,3,10,17,30,0,0
2018,3,10,18,30,0,0
2018,3,10,19,30,0,0
2018,3,10,20,30,0,0
2018,3,10,21,30,0,0
2018,3,10,22,30,0,0
2018,3,10,23,30,0,0
2018,3,11,0,30,0,0
2018,3,11,1,30,0,0
2018,3,11,2,30,0,0
2018,3,11,3,30,0,0
2018,3,11,4,30,267,74
2018,3,11,5,30,619,289
2018,3,11,6,30,783,510
2018,3,11,7,30,210,454
2018,3,11,8,30,916,825
2018,3,11,9,30,336,658
2018,3,11,10,30,935,877
2018,3,11,11,30,913,795
2018,3,11,12,30,876,650
2018,3,11,13,30,790,452
2018,3,11,14,30,616,228
2018,3,11,15,30,178,29
2018,3,11,16,30,0,0
2018,3,11,17,30,0,0
2018,3,11,18,30,0,0
2018,3,11,19,30,0,0
2018,3,11,20,30,0,0
2018,3,11,21,30,0,0
2018,3,11,22,30,0,0
2018,3,11,23,30,0,0
2018,3,12,0,30,0,0
2018,3,12,1,30,0,0
2018,3,12,2,30,0,0
2018,3,12,3,30,0,0
2018,3,12,4,30,317,80
2018,3,12,5,30,658,300
2018,3,12,6,30,819,523
2018,3,12,7,30,899,709
2018,3,12,8,30,946,842
2018,3,12,9,30,967,905
2018,3,12,10,30,967,894
2018,3,12,11,30,950,811
2018,3,12,12,30,869,655
2018,3,12,13,30,771,455
2018,3,12,14,30,576,227
2018,3,12,15,30,116,28
2018,3,12,16,30,0,0
2018,3,12,17,30,0,0
2018,3,12,18,30,0,0
2018,3,12,19,30,0,0
2018,3,12,20,30,0,0
2018,3,12,21,30,0,0
2018,3,12,22,30,0,0
2018,3,12,23,30,0,0
2018,3,13,0,30,0,0
2018,3,13,1,30,0,0
2018,3,13,2,30,0,0
2018,3,13,3,30,0,0
2018,3,13,4,30,246,81
2018,3,13,5,30,0,110
2018,3,13,6,30,773,524
2018,3,13,7,30,863,709
2018,3,13,8,30,913,840
2018,3,13,9,30,939,904
2018,3,13,10,30,944,896
2018,3,13,11,30,926,812
2018,3,13,12,30,876,662
2018,3,13,13,30,799,464
2018,3,13,14,30,621,235
2018,3,13,15,30,170,31
2018,3,13,16,30,0,0
2018,3,13,17,30,0,0
2018,3,13,18,30,0,0
2018,3,13,19,30,0,0
2018,3,13,20,30,0,0
2018,3,13,21,30,0,0
2018,3,13,22,30,0,0
2018,3,13,23,30,0,0
2018,3,14,0,30,0,0
2018,3,14,1,30,0,0
2018,3,14,2,30,0,0
2018,3,14,3,30,0,0
2018,3,14,4,30,128,71
2018,3,14,5,30,446,278
2018,3,14,6,30,617,491
2018,3,14,7,30,714,675
2018,3,14,8,30,764,802
2018,3,14,9,30,877,885
2018,3,14,10,30,881,874
2018,3,14,11,30,862,792
2018,3,14,12,30,774,637
2018,3,14,13,30,667,439
2018,3,14,14,30,468,218
2018,3,14,15,30,56,26
2018,3,14,16,30,0,0
2018,3,14,17,30,0,0
2018,3,14,18,30,0,0
2018,3,14,19,30,0,0
2018,3,14,20,30,0,0
2018,3,14,21,30,0,0
2018,3,14,22,30,0,0
2018,3,14,23,30,0,0
2018,3,15,0,30,0,0
2018,3,15,1,30,0,0
2018,3,15,2,30,0,0
2018,3,15,3,30,0,0
2018,3,15,4,30,148,78
2018,3,15,5,30,0,83
2018,3,15,6,30,602,493
2018,3,15,7,30,398,555
2018,3,15,8,30,735,795
2018,3,15,9,30,258,627
2018,3,15,10,30,78,458
2018,3,15,11,30,55,380
2018,3,15,12,30,41,290
2018,3,15,13,30,0,124
2018,3,15,14,30,88,131
2018,3,15,15,30,1,11
2018,3,15,16,30,0,0
2018,3,15,17,30,0,0
2018,3,15,18,30,0,0
2018,3,15,19,30,0,0
2018,3,15,20,30,0,0
2018,3,15,21,30,0,0
2018,3,15,22,30,0,0
2018,3,15,23,30,0,0
2018,3,16,0,30,0,0
2018,3,16,1,30,0,0
2018,3,16,2,30,0,0
2018,3,16,3,30,0,0
2018,3,16,4,30,303,92
2018,3,16,5,30,642,313
2018,3,16,6,30,194,343
2018,3,16,7,30,898,727
2018,3,16,8,30,942,858
2018,3,16,9,30,940,912
2018,3,16,10,30,941,902
2018,3,16,11,30,921,817
2018,3,16,12,30,887,670
2018,3,16,13,30,813,473
2018,3,16,14,30,653,245
2018,3,16,15,30,232,37
2018,3,16,16,30,0,0
2018,3,16,17,30,0,0
2018,3,16,18,30,0,0
2018,3,16,19,30,0,0
2018,3,16,20,30,0,0
2018,3,16,21,30,0,0
2018,3,16,22,30,0,0
2018,3,16,23,30,0,0
2018,3,17,0,30,0,0
2018,3,17,1,30,0,0
2018,3,17,2,30,0,0
2018,3,17,3,30,0,0
2018,3,17,4,30,462,106
2018,3,17,5,30,749,333
2018,3,17,6,30,879,557
2018,3,17,7,30,940,739
2018,3,17,8,30,974,867
2018,3,17,9,30,960,920
2018,3,17,10,30,960,908
2018,3,17,11,30,940,824
2018,3,17,12,30,899,675
2018,3,17,13,30,456,380
2018,3,17,14,30,662,247
2018,3,17,15,30,88,28
2018,3,17,16,30,0,0
2018,3,17,17,30,0,0
2018,3,17,18,30,0,0
2018,3,17,19,30,0,0
2018,3,17,20,30,0,0
2018,3,17,21,30,0,0
2018,3,17,22,30,0,0
2018,3,17,23,30,0,0
2018,3,18,0,30,0,0
2018,3,18,1,30,0,0
2018,3,18,2,30,0,0
2018,3,18,3,30,0,0
2018,3,18,4,30,454,110
2018,3,18,5,30,743,339
2018,3,18,6,30,875,567
2018,3,18,7,30,940,754
2018,3,18,8,30,970,882
2018,3,18,9,30,941,932
2018,3,18,10,30,943,920
2018,3,18,11,30,525,681
2018,3,18,12,30,266,465
2018,3,18,13,30,302,339
2018,3,18,14,30,30,113
2018,3,18,15,30,0,20
2018,3,18,16,30,0,0
2018,3,18,17,30,0,0
2018,3,18,18,30,0,0
2018,3,18,19,30,0,0
2018,3,18,20,30,0,0
2018,3,18,21,30,0,0
2018,3,18,22,30,0,0
2018,3,18,23,30,0,0
2018,3,19,0,30,0,0
2018,3,19,1,30,0,0
2018,3,19,2,30,0,0
2018,3,19,3,30,0,0
2018,3,19,4,30,232,98
2018,3,19,5,30,548,319
2018,3,19,6,30,702,540
2018,3,19,7,30,788,726
2018,3,19,8,30,831,851
2018,3,19,9,30,868,915
2018,3,19,10,30,860,900
2018,3,19,11,30,826,812
2018,3,19,12,30,678,643
2018,3,19,13,30,530,437
2018,3,19,14,30,283,212
2018,3,19,15,30,6,21
2018,3,19,16,30,0,0
2018,3,19,17,30,0,0
2018,3,19,18,30,0,0
2018,3,19,19,30,0,0
2018,3,19,20,30,0,0
2018,3,19,21,30,0,0
2018,3,19,22,30,0,0
2018,3,19,23,30,0,0
2018,3,20,0,30,0,0
2018,3,20,1,30,0,0
2018,3,20,2,30,0,0
2018,3,20,3,30,0,0
2018,3,20,4,30,15,63
2018,3,20,5,30,188,272
2018,3,20,6,30,367,484
2018,3,20,7,30,488,664
2018,3,20,8,30,561,790
2018,3,20,9,30,721,875
2018,3,20,10,30,723,865
2018,3,20,11,30,701,782
2018,3,20,12,30,703,646
2018,3,20,13,30,597,450
2018,3,20,14,30,398,228
2018,3,20,15,30,43,32
2018,3,20,16,30,0,0
2018,3,20,17,30,0,0
2018,3,20,18,30,0,0
2018,3,20,19,30,0,0
2018,3,20,20,30,0,0
2018,3,20,21,30,0,0
2018,3,20,22,30,0,0
2018,3,20,23,30,0,0
2018,3,21,0,30,0,0
2018,3,21,1,30,0,0
2018,3,21,2,30,0,0
2018,3,21,3,30,0,0
2018,3,21,4,30,330,113
2018,3,21,5,30,627,340
2018,3,21,6,30,766,563
2018,3,21,7,30,841,749
2018,3,21,8,30,882,877
2018,3,21,9,30,817,913
2018,3,21,10,30,815,899
2018,3,21,11,30,789,812
2018,3,21,12,30,703,655
2018,3,21,13,30,590,454
2018,3,21,14,30,386,230
2018,3,21,15,30,39,33
2018,3,21,16,30,0,0
2018,3,21,17,30,0,0
2018,3,21,18,30,0,0
2018,3,21,19,30,0,0
2018,3,21,20,30,0,0
2018,3,21,21,30,0,0
2018,3,21,22,30,0,0
2018,3,21,23,30,0,0
2018,3,22,0,30,0,0
2018,3,22,1,30,0,0
2018,3,22,2,30,0,0
2018,3,22,3,30,0,0
2018,3,22,4,30,357,119
2018,3,22,5,30,654,349
2018,3,22,6,30,788,574
2018,3,22,7,30,853,755
2018,3,22,8,30,889,883
2018,3,22,9,30,851,928
2018,3,22,10,30,848,914
2018,3,22,11,30,821,826
2018,3,22,12,30,773,675
2018,3,22,13,30,478,398
2018,3,22,14,30,489,245
2018,3,22,15,30,86,39
2018,3,22,16,30,0,0
2018,3,22,17,30,0,0
2018,3,22,18,30,0,0
2018,3,22,19,30,0,0
2018,3,22,20,30,0,0
2018,3,22,21,30,0,0
2018,3,22,22,30,0,0
2018,3,22,23,30,0,0
2018,3,23,0,30,0,0
2018,3,23,1,30,0,0
2018,3,23,2,30,0,0
2018,3,23,3,30,0,0
2018,3,23,4,30,15,61
2018,3,23,5,30,367,273
2018,3,23,6,30,722,563
2018,3,23,7,30,428,597
2018,3,23,8,30,843,872
2018,3,23,9,30,470,758
2018,3,23,10,30,800,894
2018,3,23,11,30,376,644
2018,3,23,12,30,213,450
2018,3,23,13,30,176,303
2018,3,23,14,30,0,97
2018,3,23,15,30,0,20
2018,3,23,16,30,0,0
2018,3,23,17,30,0,0
2018,3,23,18,30,0,0
2018,3,23,19,30,0,0
2018,3,23,20,30,0,0
2018,3,23,21,30,0,0
2018,3,23,22,30,0,0
2018,3,23,23,30,0,0
2018,3,24,0,30,0,0
2018,3,24,1,30,0,0
2018,3,24,2,30,0,0
2018,3,24,3,30,0,0
2018,3,24,4,30,46,86
2018,3,24,5,30,0,27
2018,3,24,6,30,0,138
2018,3,24,7,30,47,343
2018,3,24,8,30,109,494
2018,3,24,9,30,45,421
2018,3,24,10,30,263,647
2018,3,24,11,30,235,567
2018,3,24,12,30,48,313
2018,3,24,13,30,2,158
2018,3,24,14,30,0,25
2018,3,24,15,30,0,5
2018,3,24,16,30,0,0
2018,3,24,17,30,0,0
2018,3,24,18,30,0,0
2018,3,24,19,30,0,0
2018,3,24,20,30,0,0
2018,3,24,21,30,0,0
2018,3,24,22,30,0,0
2018,3,24,23,30,0,0
2018,3,25,0,30,0,0
2018,3,25,1,30,0,0
2018,3,25,2,30,0,0
2018,3,25,3,30,0,0
2018,3,25,4,30,421,135
2018,3,25,5,30,693,367
2018,3,25,6,30,821,591
2018,3,25,7,30,888,775
2018,3,25,8,30,926,902
2018,3,25,9,30,925,956
2018,3,25,10,30,924,940
2018,3,25,11,30,898,851
2018,3,25,12,30,842,696
2018,3,25,13,30,743,491
2018,3,25,14,30,554,258
2018,3,25,15,30,144,47
2018,3,25,16,30,0,0
2018,3,25,17,30,0,0
2018,3,25,18,30,0,0
2018,3,25,19,30,0,0
2018,3,25,20,30,0,0
2018,3,25,21,30,0,0
2018,3,25,22,30,0,0
2018,3,25,23,30,0,0
2018,3,26,0,30,0,0
2018,3,26,1,30,0,0
2018,3,26,2,30,0,0
2018,3,26,3,30,0,0
2018,3,26,4,30,365,133
2018,3,26,5,30,608,358
2018,3,26,6,30,710,571
2018,3,26,7,30,763,747
2018,3,26,8,30,788,865
2018,3,26,9,30,730,904
2018,3,26,10,30,725,888
2018,3,26,11,30,699,801
2018,3,26,12,30,589,642
2018,3,26,13,30,487,448
2018,3,26,14,30,300,229
2018,3,26,15,30,13,30
2018,3,26,16,30,0,0
2018,3,26,17,30,0,0
2018,3,26,18,30,0,0
2018,3,26,19,30,0,0
2018,3,26,20,30,0,0
2018,3,26,21,30,0,0
2018,3,26,22,30,0,0
2018,3,26,23,30,0,0
2018,3,27,0,30,0,0
2018,3,27,1,30,0,0
2018,3,27,2,30,0,0
2018,3,27,3,30,0,0
2018,3,27,4,30,46,76
2018,3,27,5,30,233,253
2018,3,27,6,30,709,575
2018,3,27,7,30,794,756
2018,3,27,8,30,506,742
2018,3,27,9,30,489,785
2018,3,27,10,30,518,787
2018,3,27,11,30,735,808
2018,3,27,12,30,612,645
2018,3,27,13,30,481,445
2018,3,27,14,30,267,227
2018,3,27,15,30,13,32
2018,3,27,16,30,0,0
2018,3,27,17,30,0,0
2018,3,27,18,30,0,0
2018,3,27,19,30,0,0
2018,3,27,20,30,0,0
2018,3,27,21,30,0,0
2018,3,27,22,30,0,0
2018,3,27,23,30,0,0
2018,3,28,0,30,0,0
2018,3,28,1,30,0,0
2018,3,28,2,30,0,0
2018,3,28,3,30,0,0
2018,3,28,4,30,0,12
2018,3,28,5,30,0,115
2018,3,28,6,30,15,215
2018,3,28,7,30,190,497
2018,3,28,8,30,35,378
2018,3,28,9,30,405,743
2018,3,28,10,30,469,761
2018,3,28,11,30,439,674
2018,3,28,12,30,54,328
2018,3,28,13,30,0,124
2018,3,28,14,30,0,65
2018,3,28,15,30,0,16
2018,3,28,16,30,0,0
2018,3,28,17,30,0,0
2018,3,28,18,30,0,0
2018,3,28,19,30,0,0
2018,3,28,20,30,0,0
2018,3,28,21,30,0,0
2018,3,28,22,30,0,0
2018,3,28,23,30,0,0
2018,3,29,0,30,0,0
2018,3,29,1,30,0,0
2018,3,29,2,30,0,0
2018,3,29,3,30,0,0
2018,3,29,4,30,0,11
2018,3,29,5,30,0,107
2018,3,29,6,30,445,534
2018,3,29,7,30,616,727
2018,3,29,8,30,716,860
2018,3,29,9,30,661,898
2018,3,29,10,30,634,876
2018,3,29,11,30,579,782
2018,3,29,12,30,289,500
2018,3,29,13,30,216,330
2018,3,29,14,30,158,213
2018,3,29,15,30,3,25
2018,3,29,16,30,0,0
2018,3,29,17,30,0,0
2018,3,29,18,30,0,0
2018,3,29,19,30,0,0
2018,3,29,20,30,0,0
2018,3,29,21,30,0,0
2018,3,29,22,30,0,0
2018,3,29,23,30,0,0
2018,3,30,0,30,0,0
2018,3,30,1,30,0,0
2018,3,30,2,30,0,0
2018,3,30,3,30,0,0
2018,3,30,4,30,339,144
2018,3,30,5,30,0,32
2018,3,30,6,30,129,349
2018,3,30,7,30,795,763
2018,3,30,8,30,260,632
2018,3,30,9,30,214,639
2018,3,30,10,30,85,498
2018,3,30,11,30,237,581
2018,3,30,12,30,746,682
2018,3,30,13,30,63,246
2018,3,30,14,30,0,84
2018,3,30,15,30,105,52
2018,3,30,16,30,0,0
2018,3,30,17,30,0,0
2018,3,30,18,30,0,0
2018,3,30,19,30,0,0
2018,3,30,20,30,0,0
2018,3,30,21,30,0,0
2018,3,30,22,30,0,0
2018,3,30,23,30,0,0
2018,3,31,0,30,0,0
2018,3,31,1,30,0,0
2018,3,31,2,30,0,0
2018,3,31,3,30,0,0
2018,3,31,4,30,358,152
2018,3,31,5,30,637,382
2018,3,31,6,30,783,604
2018,3,31,7,30,863,786
2018,3,31,8,30,905,911
2018,3,31,9,30,873,954
2018,3,31,10,30,877,938
2018,3,31,11,30,860,850
2018,3,31,12,30,793,694
2018,3,31,13,30,704,493
2018,3,31,14,30,526,264
2018,3,31,15,30,143,55
2018,3,31,16,30,0,0
2018,3,31,17,30,0,0
2018,3,31,18,30,0,0
2018,3,31,19,30,0,0
2018,3,31,20,30,0,0
2018,3,31,21,30,0,0
2018,3,31,22,30,0,0
2018,3,31,23,30,0,0
2018,4,1,0,30,0,0
2018,4,1,1,30,0,0
2018,4,1,2,30,0,0
2018,4,1,3,30,0,0
2018,4,1,4,30,0,69
2018,4,1,5,30,0,115
2018,4,1,6,30,841,624
2018,4,1,7,30,257,549
2018,4,1,8,30,929,923
2018,4,1,9,30,496,808
2018,4,1,10,30,890,944
2018,4,1,11,30,871,854
2018,4,1,12,30,836,703
2018,4,1,13,30,758,502
2018,4,1,14,30,602,274
2018,4,1,15,30,234,60
2018,4,1,16,30,0,0
2018,4,1,17,30,0,0
2018,4,1,18,30,0,0
2018,4,1,19,30,0,0
2018,4,1,20,30,0,0
2018,4,1,21,30,0,0
2018,4,1,22,30,0,0
2018,4,1,23,30,0,0
2018,4,2,0,30,0,0
2018,4,2,1,30,0,0
2018,4,2,2,30,0,0
2018,4,2,3,30,0,0
2018,4,2,4,30,490,168
2018,4,2,5,30,723,401
2018,4,2,6,30,841,624
2018,4,2,7,30,904,805
2018,4,2,8,30,937,928
2018,4,2,9,30,847,957
2018,4,2,10,30,850,938
2018,4,2,11,30,501,713
2018,4,2,12,30,720,686
2018,4,2,13,30,625,485
2018,4,2,14,30,217,191
2018,4,2,15,30,82,43
2018,4,2,16,30,0,0
2018,4,2,17,30,0,0
2018,4,2,18,30,0,0
2018,4,2,19,30,0,0
2018,4,2,20,30,0,0
2018,4,2,21,30,0,0
2018,4,2,22,30,0,0
2018,4,2,23,30,0,0
2018,4,3,0,30,0,0
2018,4,3,1,30,0,0
2018,4,3,2,30,0,0
2018,4,3,3,30,0,0
2018,4,3,4,30,227,148
2018,4,3,5,30,465,365
2018,4,3,6,30,604,576
2018,4,3,7,30,692,752
2018,4,3,8,30,170,578
2018,4,3,9,30,705,911
2018,4,3,10,30,259,668
2018,4,3,11,30,444,688
2018,4,3,12,30,208,467
2018,4,3,13,30,0,76
2018,4,3,14,30,0,48
2018,4,3,15,30,0,6
2018,4,3,16,30,0,0
2018,4,3,17,30,0,0
2018,4,3,18,30,0,0
2018,4,3,19,30,0,0
2018,4,3,20,30,0,0
2018,4,3,21,30,0,0
2018,4,3,22,30,0,0
2018,4,3,23,30,0,0
2018,4,4,0,30,0,0
2018,4,4,1,30,0,0
2018,4,4,2,30,0,0
2018,4,4,3,30,0,0
2018,4,4,4,30,313,159
2018,4,4,5,30,562,383
2018,4,4,6,30,688,598
2018,4,4,7,30,753,772
2018,4,4,8,30,785,893
2018,4,4,9,30,727,928
2018,4,4,10,30,708,903
2018,4,4,11,30,669,813
2018,4,4,12,30,589,657
2018,4,4,13,30,479,461
2018,4,4,14,30,297,243
2018,4,4,15,30,37,47
2018,4,4,16,30,0,0
2018,4,4,17,30,0,0
2018,4,4,18,30,0,0
2018,4,4,19,30,0,0
2018,4,4,20,30,0,0
2018,4,4,21,30,0,0
2018,4,4,22,30,0,0
2018,4,4,23,30,0,0
2018,4,5,0,30,0,0
2018,4,5,1,30,0,0
2018,4,5,2,30,0,0
2018,4,5,3,30,0,0
2018,4,5,4,30,29,89
2018,4,5,5,30,173,260
2018,4,5,6,30,575,575
2018,4,5,7,30,399,631
2018,4,5,8,30,718,871
2018,4,5,9,30,479,810
2018,4,5,10,30,650,887
2018,4,5,11,30,497,718
2018,4,5,12,30,514,644
2018,4,5,13,30,410,451
2018,4,5,14,30,239,200
2018,4,5,15,30,24,45
2018,4,5,16,30,0,0
2018,4,5,17,30,0,0
2018,4,5,18,30,0,0
2018,4,5,19,30,0,0
2018,4,5,20,30,0,0
2018,4,5,21,30,0,0
2018,4,5,22,30,0,0
2018,4,5,23,30,0,0
2018,4,6,0,30,0,0
2018,4,6,1,30,0,0
2018,4,6,2,30,0,0
2018,4,6,3,30,0,0
2018,4,6,4,30,360,172
2018,4,6,5,30,605,400
2018,4,6,6,30,733,618
2018,4,6,7,30,806,797
2018,4,6,8,30,846,918
2018,4,6,9,30,817,957
2018,4,6,10,30,820,939
2018,4,6,11,30,800,850
2018,4,6,12,30,685,684
2018,4,6,13,30,585,483
2018,4,6,14,30,404,260
2018,4,6,15,30,85,56
2018,4,6,16,30,0,0
2018,4,6,17,30,0,0
2018,4,6,18,30,0,0
2018,4,6,19,30,0,0
2018,4,6,20,30,0,0
2018,4,6,21,30,0,0
2018,4,6,22,30,0,0
2018,4,6,23,30,0,0
2018,4,7,0,30,0,0
2018,4,7,1,30,0,0
2018,4,7,2,30,0,0
2018,4,7,3,30,2,6
2018,4,7,4,30,339,171
2018,4,7,5,30,5,149
2018,4,7,6,30,696,608
2018,4,7,7,30,755,780
2018,4,7,8,30,786,896
2018,4,7,9,30,696,921
2018,4,7,10,30,688,900
2018,4,7,11,30,649,809
2018,4,7,12,30,608,662
2018,4,7,13,30,488,464
2018,4,7,14,30,297,248
2018,4,7,15,30,39,51
2018,4,7,16,30,0,0
2018,4,7,17,30,0,0
2018,4,7,18,30,0,0
2018,4,7,19,30,0,0
2018,4,7,20,30,0,0
2018,4,7,21,30,0,0
2018,4,7,22,30,0,0
2018,4,7,23,30,0,0
2018,4,8,0,30,0,0
2018,4,8,1,30,0,0
2018,4,8,2,30,0,0
2018,4,8,3,30,1,5
2018,4,8,4,30,255,169
2018,4,8,5,30,503,390
2018,4,8,6,30,644,604
2018,4,8,7,30,725,779
2018,4,8,8,30,771,898
2018,4,8,9,30,782,948
2018,4,8,10,30,787,930
2018,4,8,11,30,770,844
2018,4,8,12,30,633,678
2018,4,8,13,30,539,482
2018,4,8,14,30,364,260
2018,4,8,15,30,71,58
2018,4,8,16,30,0,0
2018,4,8,17,30,0,0
2018,4,8,18,30,0,0
2018,4,8,19,30,0,0
2018,4,8,20,30,0,0
2018,4,8,21,30,0,0
2018,4,8,22,30,0,0
2018,4,8,23,30,0,0
2018,4,9,0,30,0,0
2018,4,9,1,30,0,0
2018,4,9,2,30,0,0
2018,4,9,3,30,10,11
2018,4,9,4,30,397,186
2018,4,9,5,30,648,415
2018,4,9,6,30,778,632
2018,4,9,7,30,851,809
2018,4,9,8,30,891,928
2018,4,9,9,30,867,970
2018,4,9,10,30,266,685
2018,4,9,11,30,818,855
2018,4,9,12,30,777,705
2018,4,9,13,30,674,503
2018,4,9,14,30,499,278
2018,4,9,15,30,162,67
2018,4,9,16,30,0,0
2018,4,9,17,30,0,0
2018,4,9,18,30,0,0
2018,4,9,19,30,0,0
2018,4,9,20,30,0,0
2018,4,9,21,30,0,0
2018,4,9,22,30,0,0
2018,4,9,23,30,0,0
2018,4,10,0,30,0,0
2018,4,10,1,30,0,0
2018,4,10,2,30,0,0
2018,4,10,3,30,38,15
2018,4,10,4,30,473,195
2018,4,10,5,30,711,426
2018,4,10,6,30,216,430
2018,4,10,7,30,253,572
2018,4,10,8,30,148,574
2018,4,10,9,30,0,85
2018,4,10,10,30,854,943
2018,4,10,11,30,824,850
2018,4,10,12,30,772,699
2018,4,10,13,30,685,501
2018,4,10,14,30,536,279
2018,4,10,15,30,219,71
2018,4,10,16,30,0,0
2018,4,10,17,30,0,0
2018,4,10,18,30,0,0
2018,4,10,19,30,0,0
2018,4,10,20,30,0,0
2018,4,10,21,30,0,0
2018,4,10,22,30,0,0
2018,4,10,23,30,0,0
2018,4,11,0,30,0,0
2018,4,11,1,30,0,0
2018,4,11,2,30,0,0
2018,4,11,3,30,44,17
2018,4,11,4,30,466,196
2018,4,11,5,30,683,424
2018,4,11,6,30,788,636
2018,4,11,7,30,276,588
2018,4,11,8,30,850,918
2018,4,11,9,30,385,768
2018,4,11,10,30,351,741
2018,4,11,11,30,57,423
2018,4,11,12,30,727,693
2018,4,11,13,30,660,500
2018,4,11,14,30,493,278
2018,4,11,15,30,149,69
2018,4,11,16,30,0,0
2018,4,11,17,30,0,0
2018,4,11,18,30,0,0
2018,4,11,19,30,0,0
2018,4,11,20,30,0,0
2018,4,11,21,30,0,0
2018,4,11,22,30,0,0
2018,4,11,23,30,0,0
2018,4,12,0,30,0,0
2018,4,12,1,30,0,0
2018,4,12,2,30,0,0
2018,4,12,3,30,0,9
2018,4,12,4,30,0,61
2018,4,12,5,30,133,260
2018,4,12,6,30,297,475
2018,4,12,7,30,596,755
2018,4,12,8,30,626,866
2018,4,12,9,30,646,915
2018,4,12,10,30,643,894
2018,4,12,11,30,625,810
2018,4,12,12,30,509,651
2018,4,12,13,30,413,462
2018,4,12,14,30,247,248
2018,4,12,15,30,27,52
2018,4,12,16,30,0,0
2018,4,12,17,30,0,0
2018,4,12,18,30,0,0
2018,4,12,19,30,0,0
2018,4,12,20,30,0,0
2018,4,12,21,30,0,0
2018,4,12,22,30,0,0
2018,4,12,23,30,0,0
2018,4,13,0,30,0,0
2018,4,13,1,30,0,0
2018,4,13,2,30,0,0
2018,4,13,3,30,0,7
2018,4,13,4,30,155,168
2018,4,13,5,30,334,377
2018,4,13,6,30,456,579
2018,4,13,7,30,540,748
2018,4,13,8,30,586,861
2018,4,13,9,30,578,905
2018,4,13,10,30,584,887
2018,4,13,11,30,568,801
2018,4,13,12,30,397,633
2018,4,13,13,30,258,436
2018,4,13,14,30,100,222
2018,4,13,15,30,2,30
2018,4,13,16,30,0,0
2018,4,13,17,30,0,0
2018,4,13,18,30,0,0
2018,4,13,19,30,0,0
2018,4,13,20,30,0,0
2018,4,13,21,30,0,0
2018,4,13,22,30,0,0
2018,4,13,23,30,0,0
2018,4,14,0,30,0,0
2018,4,14,1,30,0,0
2018,4,14,2,30,0,0
2018,4,14,3,30,0,4
2018,4,14,4,30,126,169
2018,4,14,5,30,350,389
2018,4,14,6,30,521,602
2018,4,14,7,30,638,780
2018,4,14,8,30,716,903
2018,4,14,9,30,809,968
2018,4,14,10,30,830,952
2018,4,14,11,30,824,865
2018,4,14,12,30,776,713
2018,4,14,13,30,694,514
2018,4,14,14,30,543,291
2018,4,14,15,30,221,78
2018,4,14,16,30,0,0
2018,4,14,17,30,0,0
2018,4,14,18,30,0,0
2018,4,14,19,30,0,0
2018,4,14,20,30,0,0
2018,4,14,21,30,0,0
2018,4,14,22,30,0,0
2018,4,14,23,30,0,0
2018,4,15,0,30,0,0
2018,4,15,1,30,0,0
2018,4,15,2,30,0,0
2018,4,15,3,30,33,22
2018,4,15,4,30,413,207
2018,4,15,5,30,629,435
2018,4,15,6,30,743,649
2018,4,15,7,30,806,821
2018,4,15,8,30,837,934
2018,4,15,9,30,877,989
2018,4,15,10,30,863,965
2018,4,15,11,30,822,869
2018,4,15,12,30,685,698
2018,4,15,13,30,563,496
2018,4,15,14,30,372,273
2018,4,15,15,30,79,68
2018,4,15,16,30,0,0
2018,4,15,17,30,0,0
2018,4,15,18,30,0,0
2018,4,15,19,30,0,0
2018,4,15,20,30,0,0
2018,4,15,21,30,0,0
2018,4,15,22,30,0,0
2018,4,15,23,30,0,0
2018,4,16,0,30,0,0
2018,4,16,1,30,0,0
2018,4,16,2,30,0,0
2018,4,16,3,30,42,25
2018,4,16,4,30,420,213
2018,4,16,5,30,633,441
2018,4,16,6,30,756,657
2018,4,16,7,30,825,832
2018,4,16,8,30,862,951
2018,4,16,9,30,850,993
2018,4,16,10,30,849,971
2018,4,16,11,30,820,878
2018,4,16,12,30,740,717
2018,4,16,13,30,647,516
2018,4,16,14,30,480,290
2018,4,16,15,30,162,78
2018,4,16,16,30,0,0
2018,4,16,17,30,0,0
2018,4,16,18,30,0,0
2018,4,16,19,30,0,0
2018,4,16,20,30,0,0
2018,4,16,21,30,0,0
2018,4,16,22,30,0,0
2018,4,16,23,30,0,0
2018,4,17,0,30,0,0
2018,4,17,1,30,0,0
2018,4,17,2,30,0,0
2018,4,17,3,30,26,25
2018,4,17,4,30,380,215
2018,4,17,5,30,589,445
2018,4,17,6,30,696,656
2018,4,17,7,30,754,825
2018,4,17,8,30,788,940
2018,4,17,9,30,629,941
2018,4,17,10,30,606,912
2018,4,17,11,30,560,816
2018,4,17,12,30,493,663
2018,4,17,13,30,389,470
2018,4,17,14,30,227,255
2018,4,17,15,30,28,58
2018,4,17,16,30,0,0
2018,4,17,17,30,0,0
2018,4,17,18,30,0,0
2018,4,17,19,30,0,0
2018,4,17,20,30,0,0
2018,4,17,21,30,0,0
2018,4,17,22,30,0,0
2018,4,17,23,30,0,0
2018,4,18,0,30,0,0
2018,4,18,1,30,0,0
2018,4,18,2,30,0,0
2018,4,18,3,30,4,18
2018,4,18,4,30,235,197
2018,4,18,5,30,447,418
2018,4,18,6,30,575,627
2018,4,18,7,30,648,794
2018,4,18,8,30,688,907
2018,4,18,9,30,659,943
2018,4,18,10,30,649,920
2018,4,18,11,30,617,828
2018,4,18,12,30,511,669
2018,4,18,13,30,403,474
2018,4,18,14,30,234,258
2018,4,18,15,30,28,59
2018,4,18,16,30,0,0
2018,4,18,17,30,0,0
2018,4,18,18,30,0,0
2018,4,18,19,30,0,0
2018,4,18,20,30,0,0
2018,4,18,21,30,0,0
2018,4,18,22,30,0,0
2018,4,18,23,30,0,0
2018,4,19,0,30,0,0
2018,4,19,1,30,0,0
2018,4,19,2,30,0,0
2018,4,19,3,30,3,17
2018,4,19,4,30,0,18
2018,4,19,5,30,450,422
2018,4,19,6,30,599,635
2018,4,19,7,30,692,809
2018,4,19,8,30,748,927
2018,4,19,9,30,793,982
2018,4,19,10,30,804,963
2018,4,19,11,30,792,874
2018,4,19,12,30,767,728
2018,4,19,13,30,691,529
2018,4,19,14,30,539,303
2018,4,19,15,30,217,87
2018,4,19,16,30,0,0
2018,4,19,17,30,0,0
2018,4,19,18,30,0,0
2018,4,19,19,30,0,0
2018,4,19,20,30,0,0
2018,4,19,21,30,0,0
2018,4,19,22,30,0,0
2018,4,19,23,30,0,0
2018,4,20,0,30,0,0
2018,4,20,1,30,0,0
2018,4,20,2,30,0,0
2018,4,20,3,30,1,12
2018,4,20,4,30,0,26
2018,4,20,5,30,355,407
2018,4,20,6,30,469,607
2018,4,20,7,30,535,768
2018,4,20,8,30,578,878
2018,4,20,9,30,518,904
2018,4,20,10,30,463,816
2018,4,20,11,30,489,792
2018,4,20,12,30,168,466
2018,4,20,13,30,170,424
2018,4,20,14,30,85,226
2018,4,20,15,30,5,42
2018,4,20,16,30,0,0
2018,4,20,17,30,0,0
2018,4,20,18,30,0,0
2018,4,20,19,30,0,0
2018,4,20,20,30,0,0
2018,4,20,21,30,0,0
2018,4,20,22,30,0,0
2018,4,20,23,30,0,0
2018,4,21,0,30,0,0
2018,4,21,1,30,0,0
2018,4,21,2,30,0,0
2018,4,21,3,30,0,5
2018,4,21,4,30,0,14
2018,4,21,5,30,0,146
2018,4,21,6,30,0,40
2018,4,21,7,30,35,362
2018,4,21,8,30,214,652
2018,4,21,9,30,177,653
2018,4,21,10,30,450,862
2018,4,21,11,30,461,784
2018,4,21,12,30,495,658
2018,4,21,13,30,389,468
2018,4,21,14,30,217,256
2018,4,21,15,30,26,61
2018,4,21,16,30,0,0
2018,4,21,17,30,0,0
2018,4,21,18,30,0,0
2018,4,21,19,30,0,0
2018,4,21,20,30,0,0
2018,4,21,21,30,0,0
2018,4,21,22,30,0,0
2018,4,21,23,30,0,0
2018,4,22,0,30,0,0
2018,4,22,1,30,0,0
2018,4,22,2,30,0,0
2018,4,22,3,30,81,39
2018,4,22,4,30,0,19
2018,4,22,5,30,0,23
2018,4,22,6,30,0,48
2018,4,22,7,30,830,837
2018,4,22,8,30,867,950
2018,4,22,9,30,891,1001
2018,4,22,10,30,885,977
2018,4,22,11,30,865,884
2018,4,22,12,30,801,729
2018,4,22,13,30,728,534
2018,4,22,14,30,589,310
2018,4,22,15,30,293,95
2018,4,22,16,30,0,0
2018,4,22,17,30,0,0
2018,4,22,18,30,0,0
2018,4,22,19,30,0,0
2018,4,22,20,30,0,0
2018,4,22,21,30,0,0
2018,4,22,22,30,0,0
2018,4,22,23,30,0,0
2018,4,23,0,30,0,0
2018,4,23,1,30,0,0
2018,4,23,2,30,0,0
2018,4,23,3,30,211,47
2018,4,23,4,30,596,253
2018,4,23,5,30,767,485
2018,4,23,6,30,856,698
2018,4,23,7,30,906,868
2018,4,23,8,30,932,981
2018,4,23,9,30,925,1023
2018,4,23,10,30,922,999
2018,4,23,11,30,902,906
2018,4,23,12,30,832,745
2018,4,23,13,30,752,544
2018,4,23,14,30,608,317
2018,4,23,15,30,309,98
2018,4,23,16,30,0,0
2018,4,23,17,30,0,0
2018,4,23,18,30,0,0
2018,4,23,19,30,0,0
2018,4,23,20,30,0,0
2018,4,23,21,30,0,0
2018,4,23,22,30,0,0
2018,4,23,23,30,0,0
2018,4,24,0,30,0,0
2018,4,24,1,30,0,0
2018,4,24,2,30,0,0
2018,4,24,3,30,94,43
2018,4,24,4,30,446,239
2018,4,24,5,30,636,466
2018,4,24,6,30,743,677
2018,4,24,7,30,807,850
2018,4,24,8,30,840,963
2018,4,24,9,30,890,1019
2018,4,24,10,30,878,990
2018,4,24,11,30,848,895
2018,4,24,12,30,733,722
2018,4,24,13,30,624,521
2018,4,24,14,30,431,294
2018,4,24,15,30,120,84
2018,4,24,16,30,0,0
2018,4,24,17,30,0,0
2018,4,24,18,30,0,0
2018,4,24,19,30,0,0
2018,4,24,20,30,0,0
2018,4,24,21,30,0,0
2018,4,24,22,30,0,0
2018,4,24,23,30,0,0
2018,4,25,0,30,0,0
2018,4,25,1,30,0,0
2018,4,25,2,30,0,0
2018,4,25,3,30,0,10
2018,4,25,4,30,0,47
2018,4,25,5,30,150,296
2018,4,25,6,30,140,417
2018,4,25,7,30,32,359
2018,4,25,8,30,0,84
2018,4,25,9,30,6,173
2018,4,25,10,30,0,103
2018,4,25,11,30,0,79
2018,4,25,12,30,305,550
2018,4,25,13,30,27,228
2018,4,25,14,30,33,149
2018,4,25,15,30,28,66
2018,4,25,16,30,0,0
2018,4,25,17,30,0,0
2018,4,25,18,30,0,0
2018,4,25,19,30,0,0
2018,4,25,20,30,0,0
2018,4,25,21,30,0,0
2018,4,25,22,30,0,0
2018,4,25,23,30,0,0
2018,4,26,0,30,0,0
2018,4,26,1,30,0,0
2018,4,26,2,30,0,0
2018,4,26,3,30,0,5
2018,4,26,4,30,0,11
2018,4,26,5,30,0,58
2018,4,26,6,30,3,172
2018,4,26,7,30,66,434
2018,4,26,8,30,22,354
2018,4,26,9,30,13,253
2018,4,26,10,30,510,891
2018,4,26,11,30,5,165
2018,4,26,12,30,7,201
2018,4,26,13,30,0,156
2018,4,26,14,30,0,87
2018,4,26,15,30,0,19
2018,4,26,16,30,0,0
2018,4,26,17,30,0,0
2018,4,26,18,30,0,0
2018,4,26,19,30,0,0
2018,4,26,20,30,0,0
2018,4,26,21,30,0,0
2018,4,26,22,30,0,0
2018,4,26,23,30,0,0
2018,4,27,0,30,0,0
2018,4,27,1,30,0,0
2018,4,27,2,30,0,0
2018,4,27,3,30,1,15
2018,4,27,4,30,0,97
2018,4,27,5,30,279,414
2018,4,27,6,30,431,619
2018,4,27,7,30,529,784
2018,4,27,8,30,585,895
2018,4,27,9,30,21,361
2018,4,27,10,30,325,755
2018,4,27,11,30,652,842
2018,4,27,12,30,591,692
2018,4,27,13,30,496,501
2018,4,27,14,30,351,290
2018,4,27,15,30,118,87
2018,4,27,16,30,0,0
2018,4,27,17,30,0,0
2018,4,27,18,30,0,0
2018,4,27,19,30,0,0
2018,4,27,20,30,0,0
2018,4,27,21,30,0,0
2018,4,27,22,30,0,0
2018,4,27,23,30,0,0
2018,4,28,0,30,0,0
2018,4,28,1,30,0,0
2018,4,28,2,30,0,0
2018,4,28,3,30,18,36
2018,4,28,4,30,0,74
2018,4,28,5,30,392,428
2018,4,28,6,30,101,388
2018,4,28,7,30,321,649
2018,4,28,8,30,324,741
2018,4,28,9,30,664,944
2018,4,28,10,30,682,926
2018,4,28,11,30,674,841
2018,4,28,12,30,609,693
2018,4,28,13,30,534,505
2018,4,28,14,30,399,294
2018,4,28,15,30,152,91
2018,4,28,16,30,0,0
2018,4,28,17,30,0,0
2018,4,28,18,30,0,0
2018,4,28,19,30,0,0
2018,4,28,20,30,0,0
2018,4,28,21,30,0,0
2018,4,28,22,30,0,0
2018,4,28,23,30,0,0
2018,4,29,0,30,0,0
2018,4,29,1,30,0,0
2018,4,29,2,30,0,0
2018,4,29,3,30,123,54
2018,4,29,4,30,435,249
2018,4,29,5,30,602,468
2018,4,29,6,30,692,669
2018,4,29,7,30,746,832
2018,4,29,8,30,776,940
2018,4,29,9,30,861,1003
2018,4,29,10,30,845,974
2018,4,29,11,30,806,879
2018,4,29,12,30,753,728
2018,4,29,13,30,660,531
2018,4,29,14,30,520,312
2018,4,29,15,30,257,103
2018,4,29,16,30,0,0
2018,4,29,17,30,0,0
2018,4,29,18,30,0,0
2018,4,29,19,30,0,0
2018,4,29,20,30,0,0
2018,4,29,21,30,0,0
2018,4,29,22,30,0,0
2018,4,29,23,30,0,0
2018,4,30,0,30,0,0
2018,4,30,1,30,0,0
2018,4,30,2,30,0,0
2018,4,30,3,30,112,55
2018,4,30,4,30,431,250
2018,4,30,5,30,608,468
2018,4,30,6,30,703,669
2018,4,30,7,30,753,829
2018,4,30,8,30,774,934
2018,4,30,9,30,789,978
2018,4,30,10,30,418,797
2018,4,30,11,30,337,689
2018,4,30,12,30,561,684
2018,4,30,13,30,385,439
2018,4,30,14,30,231,273
2018,4,30,15,30,32,74
2018,4,30,16,30,0,0
2018,4,30,17,30,0,0
2018,4,30,18,30,0,0
2018,4,30,19,30,0,0
2018,4,30,20,30,0,0
2018,4,30,21,30,0,0
2018,4,30,22,30,0,0
2018,4,30,23,30,0,0
2018,5,1,0,30,0,0
2018,5,1,1,30,0,0
2018,5,1,2,30,0,0
2018,5,1,3,30,0,5
2018,5,1,4,30,82,195
2018,5,1,5,30,0,109
2018,5,1,6,30,302,521
2018,5,1,7,30,373,680
2018,5,1,8,30,54,471
2018,5,1,9,30,495,904
2018,5,1,10,30,450,825
2018,5,1,11,30,480,797
2018,5,1,12,30,260,612
2018,5,1,13,30,179,357
2018,5,1,14,30,0,53
2018,5,1,15,30,0,42
2018,5,1,16,30,0,0
2018,5,1,17,30,0,0
2018,5,1,18,30,0,0
2018,5,1,19,30,0,0
2018,5,1,20,30,0,0
2018,5,1,21,30,0,0
2018,5,1,22,30,0,0
2018,5,1,23,30,0,0
2018,5,2,0,30,0,0
2018,5,2,1,30,0,0
2018,5,2,2,30,0,0
2018,5,2,3,30,2,28
2018,5,2,4,30,110,205
2018,5,2,5,30,254,412
2018,5,2,6,30,363,606
2018,5,2,7,30,434,763
2018,5,2,8,30,474,867
2018,5,2,9,30,472,904
2018,5,2,10,30,464,880
2018,5,2,11,30,200,603
2018,5,2,12,30,244,527
2018,5,2,13,30,351,482
2018,5,2,14,30,204,270
2018,5,2,15,30,35,76
2018,5,2,16,30,0,0
2018,5,2,17,30,0,0
2018,5,2,18,30,0,0
2018,5,2,19,30,0,0
2018,5,2,20,30,0,0
2018,5,2,21,30,0,0
2018,5,2,22,30,0,0
2018,5,2,23,30,0,0
2018,5,3,0,30,0,0
2018,5,3,1,30,0,0
2018,5,3,2,30,0,0
2018,5,3,3,30,0,27
2018,5,3,4,30,123,211
2018,5,3,5,30,261,418
2018,5,3,6,30,331,537
2018,5,3,7,30,435,767
2018,5,3,8,30,457,817
2018,5,3,9,30,172,661
2018,5,3,10,30,522,900
2018,5,3,11,30,448,739
2018,5,3,12,30,318,566
2018,5,3,13,30,343,480
2018,5,3,14,30,208,275
2018,5,3,15,30,38,78
2018,5,3,16,30,0,0
2018,5,3,17,30,0,0
2018,5,3,18,30,0,0
2018,5,3,19,30,0,0
2018,5,3,20,30,0,0
2018,5,3,21,30,0,0
2018,5,3,22,30,0,0
2018,5,3,23,30,0,0
2018,5,4,0,30,0,0
2018,5,4,1,30,0,0
2018,5,4,2,30,0,0
2018,5,4,3,30,0,5
2018,5,4,4,30,0,14
2018,5,4,5,30,0,75
2018,5,4,6,30,119,413
2018,5,4,7,30,477,728
2018,5,4,8,30,202,659
2018,5,4,9,30,14,267
2018,5,4,10,30,0,109
2018,5,4,11,30,63,454
2018,5,4,12,30,7,204
2018,5,4,13,30,64,281
2018,5,4,14,30,0,84
2018,5,4,15,30,0,7
2018,5,4,16,30,0,0
2018,5,4,17,30,0,0
2018,5,4,18,30,0,0
2018,5,4,19,30,0,0
2018,5,4,20,30,0,0
2018,5,4,21,30,0,0
2018,5,4,22,30,0,0
2018,5,4,23,30,0,0
2018,5,5,0,30,0,0
2018,5,5,1,30,0,0
2018,5,5,2,30,0,0
2018,5,5,3,30,0,15
2018,5,5,4,30,0,22
2018,5,5,5,30,0,63
2018,5,5,6,30,265,589
2018,5,5,7,30,390,758
2018,5,5,8,30,461,822
2018,5,5,9,30,386,892
2018,5,5,10,30,291,737
2018,5,5,11,30,105,516
2018,5,5,12,30,207,507
2018,5,5,13,30,211,459
2018,5,5,14,30,84,187
2018,5,5,15,30,0,26
2018,5,5,16,30,0,0
2018,5,5,17,30,0,0
2018,5,5,18,30,0,0
2018,5,5,19,30,0,0
2018,5,5,20,30,0,0
2018,5,5,21,30,0,0
2018,5,5,22,30,0,0
2018,5,5,23,30,0,0
2018,5,6,0,30,0,0
2018,5,6,1,30,0,0
2018,5,6,2,30,0,0
2018,5,6,3,30,0,31
2018,5,6,4,30,114,215
2018,5,6,5,30,273,425
2018,5,6,6,30,399,620
2018,5,6,7,30,0,121
2018,5,6,8,30,0,109
2018,5,6,9,30,0,107
2018,5,6,10,30,0,102
2018,5,6,11,30,0,81
2018,5,6,12,30,0,62
2018,5,6,13,30,0,34
2018,5,6,14,30,0,17
2018,5,6,15,30,0,8
2018,5,6,16,30,0,0
2018,5,6,17,30,0,0
2018,5,6,18,30,0,0
2018,5,6,19,30,0,0
2018,5,6,20,30,0,0
2018,5,6,21,30,0,0
2018,5,6,22,30,0,0
2018,5,6,23,30,0,0
2018,5,7,0,30,0,0
2018,5,7,1,30,0,0
2018,5,7,2,30,0,0
2018,5,7,3,30,0,23
2018,5,7,4,30,0,24
2018,5,7,5,30,0,44
2018,5,7,6,30,261,509
2018,5,7,7,30,6,178
2018,5,7,8,30,2,144
2018,5,7,9,30,13,255
2018,5,7,10,30,598,927
2018,5,7,11,30,630,853
2018,5,7,12,30,656,726
2018,5,7,13,30,613,539
2018,5,7,14,30,494,327
2018,5,7,15,30,236,117
2018,5,7,16,30,0,0
2018,5,7,17,30,0,0
2018,5,7,18,30,0,0
2018,5,7,19,30,0,0
2018,5,7,20,30,0,0
2018,5,7,21,30,0,0
2018,5,7,22,30,0,0
2018,5,7,23,30,0,0
2018,5,8,0,30,0,0
2018,5,8,1,30,0,0
2018,5,8,2,30,0,0
2018,5,8,3,30,157,74
2018,5,8,4,30,457,273
2018,5,8,5,30,621,492
2018,5,8,6,30,712,693
2018,5,8,7,30,762,853
2018,5,8,8,30,784,957
2018,5,8,9,30,407,821
2018,5,8,10,30,101,568
2018,5,8,11,30,492,775
2018,5,8,12,30,671,718
2018,5,8,13,30,271,408
2018,5,8,14,30,421,311
2018,5,8,15,30,33,69
2018,5,8,16,30,0,0
2018,5,8,17,30,0,0
2018,5,8,18,30,0,0
2018,5,8,19,30,0,0
2018,5,8,20,30,0,0
2018,5,8,21,30,0,0
2018,5,8,22,30,0,0
2018,5,8,23,30,0,0
2018,5,9,0,30,0,0
2018,5,9,1,30,0,0
2018,5,9,2,30,0,0
2018,5,9,3,30,205,78
2018,5,9,4,30,527,281
2018,5,9,5,30,700,503
2018,5,9,6,30,794,708
2018,5,9,7,30,847,870
2018,5,9,8,30,877,976
2018,5,9,9,30,839,1007
2018,5,9,10,30,834,982
2018,5,9,11,30,813,893
2018,5,9,12,30,756,743
2018,5,9,13,30,690,552
2018,5,9,14,30,564,336
2018,5,9,15,30,309,123
2018,5,9,16,30,0,0
2018,5,9,17,30,0,0
2018,5,9,18,30,0,0
2018,5,9,19,30,0,0
2018,5,9,20,30,0,0
2018,5,9,21,30,0,0
2018,5,9,22,30,0,0
2018,5,9,23,30,0,0
2018,5,10,0,30,0,0
2018,5,10,1,30,0,0
2018,5,10,2,30,0,0
2018,5,10,3,30,0,6
2018,5,10,4,30,0,13
2018,5,10,5,30,0,54
2018,5,10,6,30,196,476
2018,5,10,7,30,479,786
2018,5,10,8,30,443,815
2018,5,10,9,30,423,839
2018,5,10,10,30,473,892
2018,5,10,11,30,430,803
2018,5,10,12,30,163,482
2018,5,10,13,30,166,449
2018,5,10,14,30,60,239
2018,5,10,15,30,0,38
2018,5,10,16,30,0,0
2018,5,10,17,30,0,0
2018,5,10,18,30,0,0
2018,5,10,19,30,0,0
2018,5,10,20,30,0,0
2018,5,10,21,30,0,0
2018,5,10,22,30,0,0
2018,5,10,23,30,0,0
2018,5,11,0,30,0,0
2018,5,11,1,30,0,0
2018,5,11,2,30,0,0
2018,5,11,3,30,0,35
2018,5,11,4,30,308,262
2018,5,11,5,30,508,478
2018,5,11,6,30,640,685
2018,5,11,7,30,721,850
2018,5,11,8,30,768,960
2018,5,11,9,30,750,992
2018,5,11,10,30,763,971
2018,5,11,11,30,752,884
2018,5,11,12,30,665,727
2018,5,11,13,30,620,543
2018,5,11,14,30,509,333
2018,5,11,15,30,261,123
2018,5,11,16,30,0,0
2018,5,11,17,30,0,0
2018,5,11,18,30,0,0
2018,5,11,19,30,0,0
2018,5,11,20,30,0,0
2018,5,11,21,30,0,0
2018,5,11,22,30,0,0
2018,5,11,23,30,0,0
2018,5,12,0,30,0,0
2018,5,12,1,30,0,0
2018,5,12,2,30,0,0
2018,5,12,3,30,227,85
2018,5,12,4,30,0,23
2018,5,12,5,30,688,510
2018,5,12,6,30,779,710
2018,5,12,7,30,23,334
2018,5,12,8,30,129,595
2018,5,12,9,30,44,473
2018,5,12,10,30,879,996
2018,5,12,11,30,858,906
2018,5,12,12,30,817,759
2018,5,12,13,30,739,565
2018,5,12,14,30,612,348
2018,5,12,15,30,366,134
2018,5,12,16,30,0,0
2018,5,12,17,30,0,0
2018,5,12,18,30,0,0
2018,5,12,19,30,0,0
2018,5,12,20,30,0,0
2018,5,12,21,30,0,0
2018,5,12,22,30,0,0
2018,5,12,23,30,0,0
2018,5,13,0,30,0,0
2018,5,13,1,30,0,0
2018,5,13,2,30,0,0
2018,5,13,3,30,298,91
2018,5,13,4,30,229,213
2018,5,13,5,30,181,338
2018,5,13,6,30,147,444
2018,5,13,7,30,232,613
2018,5,13,8,30,210,673
2018,5,13,9,30,120,611
2018,5,13,10,30,91,555
2018,5,13,11,30,125,545
2018,5,13,12,30,688,728
2018,5,13,13,30,633,544
2018,5,13,14,30,521,333
2018,5,13,15,30,286,127
2018,5,13,16,30,0,0
2018,5,13,17,30,0,0
2018,5,13,18,30,0,0
2018,5,13,19,30,0,0
2018,5,13,20,30,0,0
2018,5,13,21,30,0,0
2018,5,13,22,30,0,0
2018,5,13,23,30,0,0
2018,5,14,0,30,0,0
2018,5,14,1,30,0,0
2018,5,14,2,30,0,0
2018,5,14,3,30,277,93
2018,5,14,4,30,587,303
2018,5,14,5,30,755,529
2018,5,14,6,30,846,734
2018,5,14,7,30,898,897
2018,5,14,8,30,925,1005
2018,5,14,9,30,917,1044
2018,5,14,10,30,918,1020
2018,5,14,11,30,899,927
2018,5,14,12,30,868,779
2018,5,14,13,30,800,584
2018,5,14,14,30,682,363
2018,5,14,15,30,440,143
2018,5,14,16,30,0,0
2018,5,14,17,30,0,0
2018,5,14,18,30,0,0
2018,5,14,19,30,0,0
2018,5,14,20,30,0,0
2018,5,14,21,30,0,0
2018,5,14,22,30,0,0
2018,5,14,23,30,0,0
2018,5,15,0,30,0,0
2018,5,15,1,30,0,0
2018,5,15,2,30,0,0
2018,5,15,3,30,341,98
2018,5,15,4,30,631,311
2018,5,15,5,30,784,538
2018,5,15,6,30,864,741
2018,5,15,7,30,909,903
2018,5,15,8,30,934,1010
2018,5,15,9,30,923,1044
2018,5,15,10,30,918,1018
2018,5,15,11,30,897,927
2018,5,15,12,30,842,772
2018,5,15,13,30,767,578
2018,5,15,14,30,639,358
2018,5,15,15,30,389,140
2018,5,15,16,30,0,0
2018,5,15,17,30,0,0
2018,5,15,18,30,0,0
2018,5,15,19,30,0,0
2018,5,15,20,30,0,0
2018,5,15,21,30,0,0
2018,5,15,22,30,0,0
2018,5,15,23,30,0,0
2018,5,16,0,30,0,0
2018,5,16,1,30,0,0
2018,5,16,2,30,0,0
2018,5,16,3,30,280,95
2018,5,16,4,30,577,304
2018,5,16,5,30,734,529
2018,5,16,6,30,819,731
2018,5,16,7,30,477,742
2018,5,16,8,30,445,821
2018,5,16,9,30,426,844
2018,5,16,10,30,544,899
2018,5,16,11,30,893,927
2018,5,16,12,30,645,705
2018,5,16,13,30,738,575
2018,5,16,14,30,617,357
2018,5,16,15,30,383,141
2018,5,16,16,30,0,0
2018,5,16,17,30,0,0
2018,5,16,18,30,0,0
2018,5,16,19,30,0,0
2018,5,16,20,30,0,0
2018,5,16,21,30,0,0
2018,5,16,22,30,0,0
2018,5,16,23,30,0,0
2018,5,17,0,30,0,0
2018,5,17,1,30,0,0
2018,5,17,2,30,0,0
2018,5,17,3,30,296,97
2018,5,17,4,30,0,93
2018,5,17,5,30,721,527
2018,5,17,6,30,793,725
2018,5,17,7,30,839,885
2018,5,17,8,30,871,992
2018,5,17,9,30,859,1028
2018,5,17,10,30,861,1004
2018,5,17,11,30,538,809
2018,5,17,12,30,741,752
2018,5,17,13,30,677,564
2018,5,17,14,30,558,350
2018,5,17,15,30,320,137
2018,5,17,16,30,0,0
2018,5,17,17,30,0,0
2018,5,17,18,30,0,0
2018,5,17,19,30,0,0
2018,5,17,20,30,0,0
2018,5,17,21,30,0,0
2018,5,17,22,30,0,0
2018,5,17,23,30,0,0
2018,5,18,0,30,0,0
2018,5,18,1,30,0,0
2018,5,18,2,30,0,0
2018,5,18,3,30,208,90
2018,5,18,4,30,492,292
2018,5,18,5,30,644,509
2018,5,18,6,30,729,707
2018,5,18,7,30,778,865
2018,5,18,8,30,803,966
2018,5,18,9,30,756,992
2018,5,18,10,30,745,967
2018,5,18,11,30,718,877
2018,5,18,12,30,614,720
2018,5,18,13,30,521,533
2018,5,18,14,30,369,322
2018,5,18,15,30,136,119
2018,5,18,16,30,0,0
2018,5,18,17,30,0,0
2018,5,18,18,30,0,0
2018,5,18,19,30,0,0
2018,5,18,20,30,0,0
2018,5,18,21,30,0,0
2018,5,18,22,30,0,0
2018,5,18,23,30,0,0
2018,5,19,0,30,0,0
2018,5,19,1,30,0,0
2018,5,19,2,30,0,0
2018,5,19,3,30,63,76
2018,5,19,4,30,57,159
2018,5,19,5,30,460,479
2018,5,19,6,30,565,675
2018,5,19,7,30,625,831
2018,5,19,8,30,656,933
2018,5,19,9,30,665,971
2018,5,19,10,30,659,945
2018,5,19,11,30,630,856
2018,5,19,12,30,569,710
2018,5,19,13,30,473,523
2018,5,19,14,30,322,314
2018,5,19,15,30,107,115
2018,5,19,16,30,0,0
2018,5,19,17,30,0,0
2018,5,19,18,30,0,0
2018,5,19,19,30,0,0
2018,5,19,20,30,0,0
2018,5,19,21,30,0,0
2018,5,19,22,30,0,0
2018,5,19,23,30,0,0
2018,5,20,0,30,0,0
2018,5,20,1,30,0,0
2018,5,20,2,30,0,0
2018,5,20,3,30,51,73
2018,5,20,4,30,23,138
2018,5,20,5,30,424,470
2018,5,20,6,30,437,595
2018,5,20,7,30,591,815
2018,5,20,8,30,628,917
2018,5,20,9,30,605,950
2018,5,20,10,30,607,930
2018,5,20,11,30,585,844
2018,5,20,12,30,541,705
2018,5,20,13,30,456,523
2018,5,20,14,30,324,320
2018,5,20,15,30,123,121
2018,5,20,16,30,0,0
2018,5,20,17,30,0,0
2018,5,20,18,30,0,0
2018,5,20,19,30,0,0
2018,5,20,20,30,0,0
2018,5,20,21,30,0,0
2018,5,20,22,30,0,0
2018,5,20,23,30,0,0
2018,5,21,0,30,0,0
2018,5,21,1,30,0,0
2018,5,21,2,30,0,0
2018,5,21,3,30,191,93
2018,5,21,4,30,478,295
2018,5,21,5,30,631,512
2018,5,21,6,30,728,711
2018,5,21,7,30,791,874
2018,5,21,8,30,822,981
2018,5,21,9,30,809,1021
2018,5,21,10,30,480,871
2018,5,21,11,30,768,900
2018,5,21,12,30,700,749
2018,5,21,13,30,607,556
2018,5,21,14,30,432,338
2018,5,21,15,30,161,128
2018,5,21,16,30,0,0
2018,5,21,17,30,0,0
2018,5,21,18,30,0,0
2018,5,21,19,30,0,0
2018,5,21,20,30,0,0
2018,5,21,21,30,0,0
2018,5,21,22,30,0,0
2018,5,21,23,30,0,0
2018,5,22,0,30,0,0
2018,5,22,1,30,0,0
2018,5,22,2,30,0,0
2018,5,22,3,30,0,7
2018,5,22,4,30,0,16
2018,5,22,5,30,0,32
2018,5,22,6,30,9,219
2018,5,22,7,30,35,382
2018,5,22,8,30,314,750
2018,5,22,9,30,429,852
2018,5,22,10,30,396,801
2018,5,22,11,30,438,807
2018,5,22,12,30,397,672
2018,5,22,13,30,324,497
2018,5,22,14,30,191,246
2018,5,22,15,30,0,67
2018,5,22,16,30,0,0
2018,5,22,17,30,0,0
2018,5,22,18,30,0,0
2018,5,22,19,30,0,0
2018,5,22,20,30,0,0
2018,5,22,21,30,0,0
2018,5,22,22,30,0,0
2018,5,22,23,30,0,0
2018,5,23,0,30,0,0
2018,5,23,1,30,0,0
2018,5,23,2,30,0,0
2018,5,23,3,30,15,61
2018,5,23,4,30,153,247
2018,5,23,5,30,291,448
2018,5,23,6,30,386,633
2018,5,23,7,30,455,784
2018,5,23,8,30,506,887
2018,5,23,9,30,366,805
2018,5,23,10,30,533,908
2018,5,23,11,30,514,825
2018,5,23,12,30,410,677
2018,5,23,13,30,328,500
2018,5,23,14,30,195,301
2018,5,23,15,30,45,106
2018,5,23,16,30,0,0
2018,5,23,17,30,0,0
2018,5,23,18,30,0,0
2018,5,23,19,30,0,0
2018,5,23,20,30,0,0
2018,5,23,21,30,0,0
2018,5,23,22,30,0,0
2018,5,23,23,30,0,0
2018,5,24,0,30,0,0
2018,5,24,1,30,0,0
2018,5,24,2,30,0,0
2018,5,24,3,30,100,71
2018,5,24,4,30,25,142
2018,5,24,5,30,429,440
2018,5,24,6,30,641,690
2018,5,24,7,30,710,849
2018,5,24,8,30,772,961
2018,5,24,9,30,820,1014
2018,5,24,10,30,823,993
2018,5,24,11,30,801,905
2018,5,24,12,30,642,735
2018,5,24,13,30,510,540
2018,5,24,14,30,325,326
2018,5,24,15,30,97,122
2018,5,24,16,30,0,0
2018,5,24,17,30,0,0
2018,5,24,18,30,0,0
2018,5,24,19,30,0,0
2018,5,24,20,30,0,0
2018,5,24,21,30,0,0
2018,5,24,22,30,0,0
2018,5,24,23,30,0,0
2018,5,25,0,30,0,0
2018,5,25,1,30,0,0
2018,5,25,2,30,0,0
2018,5,25,3,30,0,8
2018,5,25,4,30,0,25
2018,5,25,5,30,0,28
2018,5,25,6,30,46,340
2018,5,25,7,30,8,197
2018,5,25,8,30,12,244
2018,5,25,9,30,673,967
2018,5,25,10,30,660,940
2018,5,25,11,30,640,857
2018,5,25,12,30,536,705
2018,5,25,13,30,458,525
2018,5,25,14,30,322,321
2018,5,25,15,30,113,123
2018,5,25,16,30,0,0
2018,5,25,17,30,0,0
2018,5,25,18,30,0,0
2018,5,25,19,30,0,0
2018,5,25,20,30,0,0
2018,5,25,21,30,0,0
2018,5,25,22,30,0,0
2018,5,25,23,30,0,0
2018,5,26,0,30,0,0
2018,5,26,1,30,0,0
2018,5,26,2,30,0,0
2018,5,26,3,30,40,75
2018,5,26,4,30,0,118
2018,5,26,5,30,398,468
2018,5,26,6,30,508,659
2018,5,26,7,30,578,812
2018,5,26,8,30,619,915
2018,5,26,9,30,666,964
2018,5,26,10,30,664,943
2018,5,26,11,30,648,859
2018,5,26,12,30,592,718
2018,5,26,13,30,526,540
2018,5,26,14,30,412,338
2018,5,26,15,30,211,138
2018,5,26,16,30,0,0
2018,5,26,17,30,0,0
2018,5,26,18,30,0,0
2018,5,26,19,30,0,0
2018,5,26,20,30,0,0
2018,5,26,21,30,0,0
2018,5,26,22,30,0,0
2018,5,26,23,30,0,0
2018,5,27,0,30,0,0
2018,5,27,1,30,0,0
2018,5,27,2,30,0,0
2018,5,27,3,30,82,84
2018,5,27,4,30,308,275
2018,5,27,5,30,475,483
2018,5,27,6,30,574,676
2018,5,27,7,30,629,829
2018,5,27,8,30,664,931
2018,5,27,9,30,596,952
2018,5,27,10,30,585,926
2018,5,27,11,30,559,839
2018,5,27,12,30,562,710
2018,5,27,13,30,218,403
2018,5,27,14,30,145,234
2018,5,27,15,30,0,9
2018,5,27,16,30,0,0
2018,5,27,17,30,0,0
2018,5,27,18,30,0,0
2018,5,27,19,30,0,0
2018,5,27,20,30,0,0
2018,5,27,21,30,0,0
2018,5,27,22,30,0,0
2018,5,27,23,30,0,0
2018,5,28,0,30,0,0
2018,5,28,1,30,0,0
2018,5,28,2,30,0,0
2018,5,28,3,30,0,14
2018,5,28,4,30,331,275
2018,5,28,5,30,455,473
2018,5,28,6,30,175,473
2018,5,28,7,30,410,713
2018,5,28,8,30,602,904
2018,5,28,9,30,402,829
2018,5,28,10,30,16,309
2018,5,28,11,30,315,699
2018,5,28,12,30,536,678
2018,5,28,13,30,351,460
2018,5,28,14,30,363,330
2018,5,28,15,30,0,19
2018,5,28,16,30,0,3
2018,5,28,17,30,0,0
2018,5,28,18,30,0,0
2018,5,28,19,30,0,0
2018,5,28,20,30,0,0
2018,5,28,21,30,0,0
2018,5,28,22,30,0,0
2018,5,28,23,30,0,0
2018,5,29,0,30,0,0
2018,5,29,1,30,0,0
2018,5,29,2,30,0,0
2018,5,29,3,30,108,90
2018,5,29,4,30,0,105
2018,5,29,5,30,13,198
2018,5,29,6,30,95,407
2018,5,29,7,30,702,841
2018,5,29,8,30,745,947
2018,5,29,9,30,768,991
2018,5,29,10,30,770,971
2018,5,29,11,30,751,885
2018,5,29,12,30,708,744
2018,5,29,13,30,628,560
2018,5,29,14,30,488,349
2018,5,29,15,30,244,143
2018,5,29,16,30,0,4
2018,5,29,17,30,0,0
2018,5,29,18,30,0,0
2018,5,29,19,30,0,0
2018,5,29,20,30,0,0
2018,5,29,21,30,0,0
2018,5,29,22,30,0,0
2018,5,29,23,30,0,0
2018,5,30,0,30,0,0
2018,5,30,1,30,0,0
2018,5,30,2,30,0,0
2018,5,30,3,30,164,98
2018,5,30,4,30,447,295
2018,5,30,5,30,626,510
2018,5,30,6,30,730,707
2018,5,30,7,30,793,865
2018,5,30,8,30,831,972
2018,5,30,9,30,804,1004
2018,5,30,10,30,356,785
2018,5,30,11,30,290,684
2018,5,30,12,30,691,745
2018,5,30,13,30,620,562
2018,5,30,14,30,500,356
2018,5,30,15,30,285,151
2018,5,30,16,30,3,7
2018,5,30,17,30,0,0
2018,5,30,18,30,0,0
2018,5,30,19,30,0,0
2018,5,30,20,30,0,0
2018,5,30,21,30,0,0
2018,5,30,22,30,0,0
2018,5,30,23,30,0,0
2018,5,31,0,30,0,0
2018,5,31,1,30,0,0
2018,5,31,2,30,0,0
2018,5,31,3,30,239,105
2018,5,31,4,30,521,307
2018,5,31,5,30,684,524
2018,5,31,6,30,780,720
2018,5,31,7,30,839,880
2018,5,31,8,30,871,985
2018,5,31,9,30,331,794
2018,5,31,10,30,874,1005
2018,5,31,11,30,850,917
2018,5,31,12,30,767,763
2018,5,31,13,30,681,575
2018,5,31,14,30,548,365
2018,5,31,15,30,314,155
2018,5,31,16,30,4,8
2018,5,31,17,30,0,0
2018,5,31,18,30,0,0
2018,5,31,19,30,0,0
2018,5,31,20,30,0,0
2018,5,31,21,30,0,0
2018,5,31,22,30,0,0
2018,5,31,23,30,0,0
2018,6,1,0,30,0,0
2018,6,1,1,30,0,0
2018,6,1,2,30,0,0
2018,6,1,3,30,271,108
2018,6,1,4,30,554,311
2018,6,1,5,30,712,530
2018,6,1,6,30,802,729
2018,6,1,7,30,853,887
2018,6,1,8,30,881,991
2018,6,1,9,30,888,1030
2018,6,1,10,30,869,1005
2018,6,1,11,30,827,911
2018,6,1,12,30,788,768
2018,6,1,13,30,700,579
2018,6,1,14,30,553,365
2018,6,1,15,30,304,155
2018,6,1,16,30,3,8
2018,6,1,17,30,0,0
2018,6,1,18,30,0,0
2018,6,1,19,30,0,0
2018,6,1,20,30,0,0
2018,6,1,21,30,0,0
2018,6,1,22,30,0,0
2018,6,1,23,30,0,0
2018,6,2,0,30,0,0
2018,6,2,1,30,0,0
2018,6,2,2,30,0,0
2018,6,2,3,30,273,110
2018,6,2,4,30,565,317
2018,6,2,5,30,74,281
2018,6,2,6,30,818,737
2018,6,2,7,30,872,897
2018,6,2,8,30,899,1000
2018,6,2,9,30,873,1032
2018,6,2,10,30,861,1007
2018,6,2,11,30,831,916
2018,6,2,12,30,732,760
2018,6,2,13,30,635,571
2018,6,2,14,30,487,358
2018,6,2,15,30,252,152
2018,6,2,16,30,1,7
2018,6,2,17,30,0,0
2018,6,2,18,30,0,0
2018,6,2,19,30,0,0
2018,6,2,20,30,0,0
2018,6,2,21,30,0,0
2018,6,2,22,30,0,0
2018,6,2,23,30,0,0
2018,6,3,0,30,0,0
2018,6,3,1,30,0,0
2018,6,3,2,30,0,0
2018,6,3,3,30,178,102
2018,6,3,4,30,459,301
2018,6,3,5,30,635,516
2018,6,3,6,30,732,712
2018,6,3,7,30,786,867
2018,6,3,8,30,816,971
2018,6,3,9,30,831,1012
2018,6,3,10,30,823,989
2018,6,3,11,30,797,902
2018,6,3,12,30,792,768
2018,6,3,13,30,722,583
2018,6,3,14,30,609,374
2018,6,3,15,30,405,166
2018,6,3,16,30,28,12
2018,6,3,17,30,0,0
2018,6,3,18,30,0,0
2018,6,3,19,30,0,0
2018,6,3,20,30,0,0
2018,6,3,21,30,0,0
2018,6,3,22,30,0,0
2018,6,3,23,30,0,0
2018,6,4,0,30,0,0
2018,6,4,1,30,0,0
2018,6,4,2,30,0,0
2018,6,4,3,30,285,110
2018,6,4,4,30,554,312
2018,6,4,5,30,706,527
2018,6,4,6,30,787,722
2018,6,4,7,30,834,877
2018,6,4,8,30,859,980
2018,6,4,9,30,866,1022
2018,6,4,10,30,855,996
2018,6,4,11,30,830,910
2018,6,4,12,30,785,769
2018,6,4,13,30,712,584
2018,6,4,14,30,591,374
2018,6,4,15,30,385,167
2018,6,4,16,30,29,13
2018,6,4,17,30,0,0
2018,6,4,18,30,0,0
2018,6,4,19,30,0,0
2018,6,4,20,30,0,0
2018,6,4,21,30,0,0
2018,6,4,22,30,0,0
2018,6,4,23,30,0,0
2018,6,5,0,30,0,0
2018,6,5,1,30,0,0
2018,6,5,2,30,0,0
2018,6,5,3,30,263,109
2018,6,5,4,30,541,313
2018,6,5,5,30,697,529
2018,6,5,6,30,781,725
2018,6,5,7,30,832,884
2018,6,5,8,30,859,989
2018,6,5,9,30,873,1032
2018,6,5,10,30,573,922
2018,6,5,11,30,548,828
2018,6,5,12,30,807,781
2018,6,5,13,30,737,595
2018,6,5,14,30,607,380
2018,6,5,15,30,379,168
2018,6,5,16,30,20,13
2018,6,5,17,30,0,0
2018,6,5,18,30,0,0
2018,6,5,19,30,0,0
2018,6,5,20,30,0,0
2018,6,5,21,30,0,0
2018,6,5,22,30,0,0
2018,6,5,23,30,0,0
2018,6,6,0,30,0,0
2018,6,6,1,30,0,0
2018,6,6,2,30,0,0
2018,6,6,3,30,281,109
2018,6,6,4,30,545,311
2018,6,6,5,30,688,525
2018,6,6,6,30,768,718
2018,6,6,7,30,815,874
2018,6,6,8,30,838,976
2018,6,6,9,30,857,1021
2018,6,6,10,30,851,999
2018,6,6,11,30,826,913
2018,6,6,12,30,789,771
2018,6,6,13,30,711,586
2018,6,6,14,30,578,374
2018,6,6,15,30,354,165
2018,6,6,16,30,18,13
2018,6,6,17,30,0,0
2018,6,6,18,30,0,0
2018,6,6,19,30,0,0
2018,6,6,20,30,0,0
2018,6,6,21,30,0,0
2018,6,6,22,30,0,0
2018,6,6,23,30,0,0
2018,6,7,0,30,0,0
2018,6,7,1,30,0,0
2018,6,7,2,30,0,0
2018,6,7,3,30,258,108
2018,6,7,4,30,0,34
2018,6,7,5,30,697,525
2018,6,7,6,30,787,721
2018,6,7,7,30,838,878
2018,6,7,8,30,865,984
2018,6,7,9,30,779,1002
2018,6,7,10,30,768,978
2018,6,7,11,30,741,893
2018,6,7,12,30,548,723
2018,6,7,13,30,453,542
2018,6,7,14,30,317,340
2018,6,7,15,30,135,143
2018,6,7,16,30,0,5
2018,6,7,17,30,0,0
2018,6,7,18,30,0,0
2018,6,7,19,30,0,0
2018,6,7,20,30,0,0
2018,6,7,21,30,0,0
2018,6,7,22,30,0,0
2018,6,7,23,30,0,0
2018,6,8,0,30,0,0
2018,6,8,1,30,0,0
2018,6,8,2,30,0,0
2018,6,8,3,30,159,101
2018,6,8,4,30,426,299
2018,6,8,5,30,595,512
2018,6,8,6,30,696,706
2018,6,8,7,30,758,864
2018,6,8,8,30,793,969
2018,6,8,9,30,776,1005
2018,6,8,10,30,782,988
2018,6,8,11,30,767,905
2018,6,8,12,30,732,768
2018,6,8,13,30,664,586
2018,6,8,14,30,547,378
2018,6,8,15,30,340,170
2018,6,8,16,30,16,14
2018,6,8,17,30,0,0
2018,6,8,18,30,0,0
2018,6,8,19,30,0,0
2018,6,8,20,30,0,0
2018,6,8,21,30,0,0
2018,6,8,22,30,0,0
2018,6,8,23,30,0,0
2018,6,9,0,30,0,0
2018,6,9,1,30,0,0
2018,6,9,2,30,0,0
2018,6,9,3,30,365,120
2018,6,9,4,30,649,332
2018,6,9,5,30,788,552
2018,6,9,6,30,864,751
2018,6,9,7,30,907,910
2018,6,9,8,30,929,1016
2018,6,9,9,30,950,1062
2018,6,9,10,30,944,1040
2018,6,9,11,30,924,953
2018,6,9,12,30,853,803
2018,6,9,13,30,772,612
2018,6,9,14,30,645,396
2018,6,9,15,30,417,179
2018,6,9,16,30,24,16
2018,6,9,17,30,0,0
2018,6,9,18,30,0,0
2018,6,9,19,30,0,0
2018,6,9,20,30,0,0
2018,6,9,21,30,0,0
2018,6,9,22,30,0,0
2018,6,9,23,30,0,0
2018,6,10,0,30,0,0
2018,6,10,1,30,0,0
2018,6,10,2,30,0,0
2018,6,10,3,30,242,108
2018,6,10,4,30,498,307
2018,6,10,5,30,633,519
2018,6,10,6,30,712,712
2018,6,10,7,30,758,867
2018,6,10,8,30,782,970
2018,6,10,9,30,753,1003
2018,6,10,10,30,744,981
2018,6,10,11,30,726,898
2018,6,10,12,30,647,753
2018,6,10,13,30,595,577
2018,6,10,14,30,483,372
2018,6,10,15,30,273,164
2018,6,10,16,30,4,11
2018,6,10,17,30,0,0
2018,6,10,18,30,0,0
2018,6,10,19,30,0,0
2018,6,10,20,30,0,0
2018,6,10,21,30,0,0
2018,6,10,22,30,0,0
2018,6,10,23,30,0,0
2018,6,11,0,30,0,0
2018,6,11,1,30,0,0
2018,6,11,2,30,0,0
2018,6,11,3,30,258,109
2018,6,11,4,30,583,317
2018,6,11,5,30,752,537
2018,6,11,6,30,835,733
2018,6,11,7,30,872,888
2018,6,11,8,30,884,987
2018,6,11,9,30,909,1034
2018,6,11,10,30,884,1005
2018,6,11,11,30,849,919
2018,6,11,12,30,780,773
2018,6,11,13,30,676,583
2018,6,11,14,30,514,370
2018,6,11,15,30,272,161
2018,6,11,16,30,6,12
2018,6,11,17,30,0,0
2018,6,11,18,30,0,0
2018,6,11,19,30,0,0
2018,6,11,20,30,0,0
2018,6,11,21,30,0,0
2018,6,11,22,30,0,0
2018,6,11,23,30,0,0
2018,6,12,0,30,0,0
2018,6,12,1,30,0,0
2018,6,12,2,30,0,0
2018,6,12,3,30,307,111
2018,6,12,4,30,580,313
2018,6,12,5,30,725,525
2018,6,12,6,30,802,719
2018,6,12,7,30,844,873
2018,6,12,8,30,368,776
2018,6,12,9,30,412,844
2018,6,12,10,30,63,515
2018,6,12,11,30,764,892
2018,6,12,12,30,739,759
2018,6,12,13,30,649,575
2018,6,12,14,30,513,369
2018,6,12,15,30,288,164
2018,6,12,16,30,11,14
2018,6,12,17,30,0,0
2018,6,12,18,30,0,0
2018,6,12,19,30,0,0
2018,6,12,20,30,0,0
2018,6,12,21,30,0,0
2018,6,12,22,30,0,0
2018,6,12,23,30,0,0
2018,6,13,0,30,0,0
2018,6,13,1,30,0,0
2018,6,13,2,30,0,0
2018,6,13,3,30,198,102
2018,6,13,4,30,0,58
2018,6,13,5,30,1,156
2018,6,13,6,30,111,422
2018,6,13,7,30,9,213
2018,6,13,8,30,54,484
2018,6,13,9,30,756,984
2018,6,13,10,30,763,967
2018,6,13,11,30,755,888
2018,6,13,12,30,729,756
2018,6,13,13,30,671,580
2018,6,13,14,30,564,377
2018,6,13,15,30,369,172
2018,6,13,16,30,38,18
2018,6,13,17,30,0,0
2018,6,13,18,30,0,0
2018,6,13,19,30,0,0
2018,6,13,20,30,0,0
2018,6,13,21,30,0,0
2018,6,13,22,30,0,0
2018,6,13,23,30,0,0
2018,6,14,0,30,0,0
2018,6,14,1,30,0,0
2018,6,14,2,30,0,0
2018,6,14,3,30,322,112
2018,6,14,4,30,576,312
2018,6,14,5,30,709,525
2018,6,14,6,30,781,719
2018,6,14,7,30,824,874
2018,6,14,8,30,850,980
2018,6,14,9,30,872,1029
2018,6,14,10,30,866,1010
2018,6,14,11,30,844,928
2018,6,14,12,30,812,791
2018,6,14,13,30,739,607
2018,6,14,14,30,623,396
2018,6,14,15,30,421,183
2018,6,14,16,30,49,19
2018,6,14,17,30,0,0
2018,6,14,18,30,0,0
2018,6,14,19,30,0,0
2018,6,14,20,30,0,0
2018,6,14,21,30,0,0
2018,6,14,22,30,0,0
2018,6,14,23,30,0,0
2018,6,15,0,30,0,0
2018,6,15,1,30,0,0
2018,6,15,2,30,0,0
2018,6,15,3,30,319,112
2018,6,15,4,30,586,316
2018,6,15,5,30,728,532
2018,6,15,6,30,808,728
2018,6,15,7,30,855,886
2018,6,15,8,30,884,994
2018,6,15,9,30,898,1040
2018,6,15,10,30,901,1023
2018,6,15,11,30,888,943
2018,6,15,12,30,852,802
2018,6,15,13,30,788,617
2018,6,15,14,30,681,404
2018,6,15,15,30,486,190
2018,6,15,16,30,77,21
2018,6,15,17,30,0,0
2018,6,15,18,30,0,0
2018,6,15,19,30,0,0
2018,6,15,20,30,0,0
2018,6,15,21,30,0,0
2018,6,15,22,30,0,0
2018,6,15,23,30,0,0
2018,6,16,0,30,0,0
2018,6,16,1,30,0,0
2018,6,16,2,30,0,0
2018,6,16,3,30,207,102
2018,6,16,4,30,479,300
2018,6,16,5,30,627,511
2018,6,16,6,30,688,701
2018,6,16,7,30,681,842
2018,6,16,8,30,654,930
2018,6,16,9,30,752,995
2018,6,16,10,30,727,968
2018,6,16,11,30,670,877
2018,6,16,12,30,586,732
2018,6,16,13,30,458,546
2018,6,16,14,30,289,340
2018,6,16,15,30,96,142
2018,6,16,16,30,0,3
2018,6,16,17,30,0,0
2018,6,16,18,30,0,0
2018,6,16,19,30,0,0
2018,6,16,20,30,0,0
2018,6,16,21,30,0,0
2018,6,16,22,30,0,0
2018,6,16,23,30,0,0
2018,6,17,0,30,0,0
2018,6,17,1,30,0,0
2018,6,17,2,30,0,0
2018,6,17,3,30,59,83
2018,6,17,4,30,268,269
2018,6,17,5,30,430,472
2018,6,17,6,30,536,660
2018,6,17,7,30,605,815
2018,6,17,8,30,648,921
2018,6,17,9,30,743,985
2018,6,17,10,30,731,964
2018,6,17,11,30,693,881
2018,6,17,12,30,679,751
2018,6,17,13,30,596,571
2018,6,17,14,30,458,367
2018,6,17,15,30,235,163
2018,6,17,16,30,3,12
2018,6,17,17,30,0,0
2018,6,17,18,30,0,0
2018,6,17,19,30,0,0
2018,6,17,20,30,0,0
2018,6,17,21,30,0,0
2018,6,17,22,30,0,0
2018,6,17,23,30,0,0
2018,6,18,0,30,0,0
2018,6,18,1,30,0,0
2018,6,18,2,30,0,0
2018,6,18,3,30,215,102
2018,6,18,4,30,466,296
2018,6,18,5,30,619,507
2018,6,18,6,30,728,706
2018,6,18,7,30,806,870
2018,6,18,8,30,858,983
2018,6,18,9,30,908,1039
2018,6,18,10,30,901,1021
2018,6,18,11,30,884,939
2018,6,18,12,30,840,800
2018,6,18,13,30,775,615
2018,6,18,14,30,662,403
2018,6,18,15,30,455,188
2018,6,18,16,30,61,22
2018,6,18,17,30,0,0
2018,6,18,18,30,0,0
2018,6,18,19,30,0,0
2018,6,18,20,30,0,0
2018,6,18,21,30,0,0
2018,6,18,22,30,0,0
2018,6,18,23,30,0,0
2018,6,19,0,30,0,0
2018,6,19,1,30,0,0
2018,6,19,2,30,0,0
2018,6,19,3,30,283,107
2018,6,19,4,30,542,306
2018,6,19,5,30,681,518
2018,6,19,6,30,766,713
2018,6,19,7,30,821,871
2018,6,19,8,30,855,978
2018,6,19,9,30,879,1027
2018,6,19,10,30,881,1011
2018,6,19,11,30,865,929
2018,6,19,12,30,835,793
2018,6,19,13,30,758,608
2018,6,19,14,30,630,396
2018,6,19,15,30,411,183
2018,6,19,16,30,43,21
2018,6,19,17,30,0,0
2018,6,19,18,30,0,0
2018,6,19,19,30,0,0
2018,6,19,20,30,0,0
2018,6,19,21,30,0,0
2018,6,19,22,30,0,0
2018,6,19,23,30,0,0
2018,6,20,0,30,0,0
2018,6,20,1,30,0,0
2018,6,20,2,30,0,0
2018,6,20,3,30,330,109
2018,6,20,4,30,594,310
2018,6,20,5,30,727,522
2018,6,20,6,30,800,716
2018,6,20,7,30,842,871
2018,6,20,8,30,864,976
2018,6,20,9,30,889,1026
2018,6,20,10,30,888,1009
2018,6,20,11,30,875,931
2018,6,20,12,30,852,799
2018,6,20,13,30,803,619
2018,6,20,14,30,716,412
2018,6,20,15,30,541,197
2018,6,20,16,30,145,26
2018,6,20,17,30,0,0
2018,6,20,18,30,0,0
2018,6,20,19,30,0,0
2018,6,20,20,30,0,0
2018,6,20,21,30,0,0
2018,6,20,22,30,0,0
2018,6,20,23,30,0,0
2018,6,21,0,30,0,0
2018,6,21,1,30,0,0
2018,6,21,2,30,0,0
2018,6,21,3,30,296,108
2018,6,21,4,30,576,309
2018,6,21,5,30,721,523
2018,6,21,6,30,789,715
2018,6,21,7,30,806,864
2018,6,21,8,30,801,959
2018,6,21,9,30,772,994
2018,6,21,10,30,794,982
2018,6,21,11,30,790,904
2018,6,21,12,30,759,769
2018,6,21,13,30,661,583
2018,6,21,14,30,488,371
2018,6,21,15,30,236,164
2018,6,21,16,30,3,13
2018,6,21,17,30,0,0
2018,6,21,18,30,0,0
2018,6,21,19,30,0,0
2018,6,21,20,30,0,0
2018,6,21,21,30,0,0
2018,6,21,22,30,0,0
2018,6,21,23,30,0,0
2018,6,22,0,30,0,0
2018,6,22,1,30,0,0
2018,6,22,2,30,0,0
2018,6,22,3,30,125,90
2018,6,22,4,30,378,280
2018,6,22,5,30,538,485
2018,6,22,6,30,634,678
2018,6,22,7,30,687,832
2018,6,22,8,30,714,936
2018,6,22,9,30,788,996
2018,6,22,10,30,783,978
2018,6,22,11,30,756,894
2018,6,22,12,30,723,761
2018,6,22,13,30,645,582
2018,6,22,14,30,511,375
2018,6,22,15,30,286,170
2018,6,22,16,30,9,16
2018,6,22,17,30,0,0
2018,6,22,18,30,0,0
2018,6,22,19,30,0,0
2018,6,22,20,30,0,0
2018,6,22,21,30,0,0
2018,6,22,22,30,0,0
2018,6,22,23,30,0,0
2018,6,23,0,30,0,0
2018,6,23,1,30,0,0
2018,6,23,2,30,0,0
2018,6,23,3,30,182,96
2018,6,23,4,30,450,289
2018,6,23,5,30,608,497
2018,6,23,6,30,705,690
2018,6,23,7,30,760,846
2018,6,23,8,30,785,949
2018,6,23,9,30,798,994
2018,6,23,10,30,783,972
2018,6,23,11,30,755,891
2018,6,23,12,30,571,726
2018,6,23,13,30,481,550
2018,6,23,14,30,360,354
2018,6,23,15,30,174,159
2018,6,23,16,30,2,11
2018,6,23,17,30,0,0
2018,6,23,18,30,0,0
2018,6,23,19,30,0,0
2018,6,23,20,30,0,0
2018,6,23,21,30,0,0
2018,6,23,22,30,0,0
2018,6,23,23,30,0,0
2018,6,24,0,30,0,0
2018,6,24,1,30,0,0
2018,6,24,2,30,0,0
2018,6,24,3,30,255,103
2018,6,24,4,30,536,302
2018,6,24,5,30,693,514
2018,6,24,6,30,780,710
2018,6,24,7,30,831,868
2018,6,24,8,30,860,976
2018,6,24,9,30,850,1015
2018,6,24,10,30,844,997
2018,6,24,11,30,823,917
2018,6,24,12,30,803,785
2018,6,24,13,30,737,605
2018,6,24,14,30,625,397
2018,6,24,15,30,427,187
2018,6,24,16,30,56,23
2018,6,24,17,30,0,0
2018,6,24,18,30,0,0
2018,6,24,19,30,0,0
2018,6,24,20,30,0,0
2018,6,24,21,30,0,0
2018,6,24,22,30,0,0
2018,6,24,23,30,0,0
2018,6,25,0,30,0,0
2018,6,25,1,30,0,0
2018,6,25,2,30,0,0
2018,6,25,3,30,281,107
2018,6,25,4,30,569,309
2018,6,25,5,30,721,526
2018,6,25,6,30,803,724
2018,6,25,7,30,849,882
2018,6,25,8,30,872,989
2018,6,25,9,30,891,1038
2018,6,25,10,30,882,1019
2018,6,25,11,30,857,936
2018,6,25,12,30,787,791
2018,6,25,13,30,710,607
2018,6,25,14,30,583,397
2018,6,25,15,30,365,185
2018,6,25,16,30,28,21
2018,6,25,17,30,0,0
2018,6,25,18,30,0,0
2018,6,25,19,30,0,0
2018,6,25,20,30,0,0
2018,6,25,21,30,0,0
2018,6,25,22,30,0,0
2018,6,25,23,30,0,0
2018,6,26,0,30,0,0
2018,6,26,1,30,0,0
2018,6,26,2,30,0,0
2018,6,26,3,30,175,98
2018,6,26,4,30,454,296
2018,6,26,5,30,631,513
2018,6,26,6,30,736,713
2018,6,26,7,30,798,873
2018,6,26,8,30,830,979
2018,6,26,9,30,880,1036
2018,6,26,10,30,872,1015
2018,6,26,11,30,850,935
2018,6,26,12,30,822,799
2018,6,26,13,30,756,615
2018,6,26,14,30,644,405
2018,6,26,15,30,438,192
2018,6,26,16,30,61,24
2018,6,26,17,30,0,0
2018,6,26,18,30,0,0
2018,6,26,19,30,0,0
2018,6,26,20,30,0,0
2018,6,26,21,30,0,0
2018,6,26,22,30,0,0
2018,6,26,23,30,0,0
2018,6,27,0,30,0,0
2018,6,27,1,30,0,0
2018,6,27,2,30,0,0
2018,6,27,3,30,255,104
2018,6,27,4,30,0,90
2018,6,27,5,30,726,529
2018,6,27,6,30,821,733
2018,6,27,7,30,878,899
2018,6,27,8,30,908,1009
2018,6,27,9,30,948,1067
2018,6,27,10,30,944,1049
2018,6,27,11,30,926,966
2018,6,27,12,30,872,823
2018,6,27,13,30,806,638
2018,6,27,14,30,687,421
2018,6,27,15,30,466,197
2018,6,27,16,30,63,25
2018,6,27,17,30,0,0
2018,6,27,18,30,0,0
2018,6,27,19,30,0,0
2018,6,27,20,30,0,0
2018,6,27,21,30,0,0
2018,6,27,22,30,0,0
2018,6,27,23,30,0,0
2018,6,28,0,30,0,0
2018,6,28,1,30,0,0
2018,6,28,2,30,0,0
2018,6,28,3,30,130,89
2018,6,28,4,30,386,280
2018,6,28,5,30,550,489
2018,6,28,6,30,650,682
2018,6,28,7,30,712,839
2018,6,28,8,30,749,947
2018,6,28,9,30,702,979
2018,6,28,10,30,696,960
2018,6,28,11,30,674,881
2018,6,28,12,30,670,755
2018,6,28,13,30,573,574
2018,6,28,14,30,437,370
2018,6,28,15,30,234,170
2018,6,28,16,30,6,16
2018,6,28,17,30,0,0
2018,6,28,18,30,0,0
2018,6,28,19,30,0,0
2018,6,28,20,30,0,0
2018,6,28,21,30,0,0
2018,6,28,22,30,0,0
2018,6,28,23,30,0,0
2018,6,29,0,30,0,0
2018,6,29,1,30,0,0
2018,6,29,2,30,0,0
2018,6,29,3,30,174,94
2018,6,29,4,30,113,184
2018,6,29,5,30,0,56
2018,6,29,6,30,721,699
2018,6,29,7,30,779,859
2018,6,29,8,30,809,967
2018,6,29,9,30,861,1024
2018,6,29,10,30,861,1010
2018,6,29,11,30,842,930
2018,6,29,12,30,803,794
2018,6,29,13,30,733,612
2018,6,29,14,30,614,401
2018,6,29,15,30,404,189
2018,6,29,16,30,39,23
2018,6,29,17,30,0,0
2018,6,29,18,30,0,0
2018,6,29,19,30,0,0
2018,6,29,20,30,0,0
2018,6,29,21,30,0,0
2018,6,29,22,30,0,0
2018,6,29,23,30,0,0
2018,6,30,0,30,0,0
2018,6,30,1,30,0,0
2018,6,30,2,30,0,0
2018,6,30,3,30,248,101
2018,6,30,4,30,526,302
2018,6,30,5,30,683,519
2018,6,30,6,30,777,719
2018,6,30,7,30,833,881
2018,6,30,8,30,865,991
2018,6,30,9,30,924,1050
2018,6,30,10,30,916,1029
2018,6,30,11,30,895,948
2018,6,30,12,30,776,790
2018,6,30,13,30,695,606
2018,6,30,14,30,571,396
2018,6,30,15,30,364,186
2018,6,30,16,30,31,22
2018,6,30,17,30,0,0
2018,6,30,18,30,0,0
2018,6,30,19,30,0,0
2018,6,30,20,30,0,0
2018,6,30,21,30,0,0
2018,6,30,22,30,0,0
2018,6,30,23,30,0,0
2018,7,1,0,30,0,0
2018,7,1,1,30,0,0
2018,7,1,2,30,0,0
2018,7,1,3,30,271,100
2018,7,1,4,30,552,301
2018,7,1,5,30,699,518
2018,7,1,6,30,781,716
2018,7,1,7,30,827,876
2018,7,1,8,30,854,984
2018,7,1,9,30,884,1038
2018,7,1,10,30,889,1023
2018,7,1,11,30,875,944
2018,7,1,12,30,859,809
2018,7,1,13,30,801,627
2018,7,1,14,30,692,414
2018,7,1,15,30,490,197
2018,7,1,16,30,83,25
2018,7,1,17,30,0,0
2018,7,1,18,30,0,0
2018,7,1,19,30,0,0
2018,7,1,20,30,0,0
2018,7,1,21,30,0,0
2018,7,1,22,30,0,0
2018,7,1,23,30,0,0
2018,7,2,0,30,0,0
2018,7,2,1,30,0,0
2018,7,2,2,30,0,0
2018,7,2,3,30,108,86
2018,7,2,4,30,354,276
2018,7,2,5,30,511,484
2018,7,2,6,30,606,678
2018,7,2,7,30,661,830
2018,7,2,8,30,690,936
2018,7,2,9,30,822,1013
2018,7,2,10,30,800,990
2018,7,2,11,30,754,903
2018,7,2,12,30,638,753
2018,7,2,13,30,531,569
2018,7,2,14,30,381,364
2018,7,2,15,30,171,164
2018,7,2,16,30,1,11
2018,7,2,17,30,0,0
2018,7,2,18,30,0,0
2018,7,2,19,30,0,0
2018,7,2,20,30,0,0
2018,7,2,21,30,0,0
2018,7,2,22,30,0,0
2018,7,2,23,30,0,0
2018,7,3,0,30,0,0
2018,7,3,1,30,0,0
2018,7,3,2,30,0,0
2018,7,3,3,30,53,74
2018,7,3,4,30,256,260
2018,7,3,5,30,419,464
2018,7,3,6,30,528,657
2018,7,3,7,30,595,810
2018,7,3,8,30,636,917
2018,7,3,9,30,741,987
2018,7,3,10,30,748,975
2018,7,3,11,30,727,897
2018,7,3,12,30,647,755
2018,7,3,13,30,582,581
2018,7,3,14,30,456,377
2018,7,3,15,30,243,172
2018,7,3,16,30,6,15
2018,7,3,17,30,0,0
2018,7,3,18,30,0,0
2018,7,3,19,30,0,0
2018,7,3,20,30,0,0
2018,7,3,21,30,0,0
2018,7,3,22,30,0,0
2018,7,3,23,30,0,0
2018,7,4,0,30,0,0
2018,7,4,1,30,0,0
2018,7,4,2,30,0,0
2018,7,4,3,30,136,87
2018,7,4,4,30,405,279
2018,7,4,5,30,575,491
2018,7,4,6,30,681,689
2018,7,4,7,30,749,852
2018,7,4,8,30,789,963
2018,7,4,9,30,838,1021
2018,7,4,10,30,833,1003
2018,7,4,11,30,810,922
2018,7,4,12,30,664,763
2018,7,4,13,30,570,580
2018,7,4,14,30,429,374
2018,7,4,15,30,214,169
2018,7,4,16,30,3,13
2018,7,4,17,30,0,0
2018,7,4,18,30,0,0
2018,7,4,19,30,0,0
2018,7,4,20,30,0,0
2018,7,4,21,30,0,0
2018,7,4,22,30,0,0
2018,7,4,23,30,0,0
2018,7,5,0,30,0,0
2018,7,5,1,30,0,0
2018,7,5,2,30,0,0
2018,7,5,3,30,111,81
2018,7,5,4,30,381,272
2018,7,5,5,30,561,484
2018,7,5,6,30,674,683
2018,7,5,7,30,743,845
2018,7,5,8,30,786,956
2018,7,5,9,30,836,1015
2018,7,5,10,30,837,1000
2018,7,5,11,30,820,922
2018,7,5,12,30,778,787
2018,7,5,13,30,717,607
2018,7,5,14,30,614,400
2018,7,5,15,30,429,190
2018,7,5,16,30,62,23
2018,7,5,17,30,0,0
2018,7,5,18,30,0,0
2018,7,5,19,30,0,0
2018,7,5,20,30,0,0
2018,7,5,21,30,0,0
2018,7,5,22,30,0,0
2018,7,5,23,30,0,0
2018,7,6,0,30,0,0
2018,7,6,1,30,0,0
2018,7,6,2,30,0,0
2018,7,6,3,30,273,96
2018,7,6,4,30,566,298
2018,7,6,5,30,733,517
2018,7,6,6,30,825,719
2018,7,6,7,30,879,885
2018,7,6,8,30,905,995
2018,7,6,9,30,877,1035
2018,7,6,10,30,862,1016
2018,7,6,11,30,834,934
2018,7,6,12,30,790,796
2018,7,6,13,30,721,613
2018,7,6,14,30,610,402
2018,7,6,15,30,417,190
2018,7,6,16,30,58,23
2018,7,6,17,30,0,0
2018,7,6,18,30,0,0
2018,7,6,19,30,0,0
2018,7,6,20,30,0,0
2018,7,6,21,30,0,0
2018,7,6,22,30,0,0
2018,7,6,23,30,0,0
2018,7,7,0,30,0,0
2018,7,7,1,30,0,0
2018,7,7,2,30,0,0
2018,7,7,3,30,325,97
2018,7,7,4,30,610,301
2018,7,7,5,30,759,519
2018,7,7,6,30,841,719
2018,7,7,7,30,887,881
2018,7,7,8,30,913,992
2018,7,7,9,30,880,1030
2018,7,7,10,30,877,1016
2018,7,7,11,30,857,936
2018,7,7,12,30,779,790
2018,7,7,13,30,710,608
2018,7,7,14,30,597,400
2018,7,7,15,30,391,187
2018,7,7,16,30,38,21
2018,7,7,17,30,0,0
2018,7,7,18,30,0,0
2018,7,7,19,30,0,0
2018,7,7,20,30,0,0
2018,7,7,21,30,0,0
2018,7,7,22,30,0,0
2018,7,7,23,30,0,0
2018,7,8,0,30,0,0
2018,7,8,1,30,0,0
2018,7,8,2,30,0,0
2018,7,8,3,30,210,88
2018,7,8,4,30,504,287
2018,7,8,5,30,662,501
2018,7,8,6,30,755,701
2018,7,8,7,30,808,865
2018,7,8,8,30,836,971
2018,7,8,9,30,879,1030
2018,7,8,10,30,877,1015
2018,7,8,11,30,859,936
2018,7,8,12,30,840,804
2018,7,8,13,30,779,622
2018,7,8,14,30,673,411
2018,7,8,15,30,480,194
2018,7,8,16,30,90,24
2018,7,8,17,30,0,0
2018,7,8,18,30,0,0
2018,7,8,19,30,0,0
2018,7,8,20,30,0,0
2018,7,8,21,30,0,0
2018,7,8,22,30,0,0
2018,7,8,23,30,0,0
2018,7,9,0,30,0,0
2018,7,9,1,30,0,0
2018,7,9,2,30,0,0
2018,7,9,3,30,269,90
2018,7,9,4,30,551,289
2018,7,9,5,30,700,504
2018,7,9,6,30,785,703
2018,7,9,7,30,835,865
2018,7,9,8,30,861,975
2018,7,9,9,30,875,1026
2018,7,9,10,30,868,1010
2018,7,9,11,30,847,931
2018,7,9,12,30,733,778
2018,7,9,13,30,662,598
2018,7,9,14,30,546,390
2018,7,9,15,30,344,181
2018,7,9,16,30,28,20
2018,7,9,17,30,0,0
2018,7,9,18,30,0,0
2018,7,9,19,30,0,0
2018,7,9,20,30,0,0
2018,7,9,21,30,0,0
2018,7,9,22,30,0,0
2018,7,9,23,30,0,0
2018,7,10,0,30,0,0
2018,7,10,1,30,0,0
2018,7,10,2,30,0,0
2018,7,10,3,30,232,87
2018,7,10,4,30,522,285
2018,7,10,5,30,679,501
2018,7,10,6,30,768,700
2018,7,10,7,30,821,862
2018,7,10,8,30,851,975
2018,7,10,9,30,885,1030
2018,7,10,10,30,878,1013
2018,7,10,11,30,858,936
2018,7,10,12,30,839,804
2018,7,10,13,30,776,622
2018,7,10,14,30,670,412
2018,7,10,15,30,475,196
2018,7,10,16,30,83,24
2018,7,10,17,30,0,0
2018,7,10,18,30,0,0
2018,7,10,19,30,0,0
2018,7,10,20,30,0,0
2018,7,10,21,30,0,0
2018,7,10,22,30,0,0
2018,7,10,23,30,0,0
2018,7,11,0,30,0,0
2018,7,11,1,30,0,0
2018,7,11,2,30,0,0
2018,7,11,3,30,198,86
2018,7,11,4,30,506,284
2018,7,11,5,30,689,503
2018,7,11,6,30,788,704
2018,7,11,7,30,843,868
2018,7,11,8,30,872,980
2018,7,11,9,30,910,1037
2018,7,11,10,30,905,1021
2018,7,11,11,30,885,941
2018,7,11,12,30,823,799
2018,7,11,13,30,755,617
2018,7,11,14,30,637,405
2018,7,11,15,30,426,190
2018,7,11,16,30,49,22
2018,7,11,17,30,0,0
2018,7,11,18,30,0,0
2018,7,11,19,30,0,0
2018,7,11,20,30,0,0
2018,7,11,21,30,0,0
2018,7,11,22,30,0,0
2018,7,11,23,30,0,0
2018,7,12,0,30,0,0
2018,7,12,1,30,0,0
2018,7,12,2,30,0,0
2018,7,12,3,30,280,89
2018,7,12,4,30,588,292
2018,7,12,5,30,742,511
2018,7,12,6,30,827,712
2018,7,12,7,30,875,875
2018,7,12,8,30,900,987
2018,7,12,9,30,896,1034
2018,7,12,10,30,895,1020
2018,7,12,11,30,878,941
2018,7,12,12,30,844,804
2018,7,12,13,30,781,621
2018,7,12,14,30,675,410
2018,7,12,15,30,475,193
2018,7,12,16,30,71,23
2018,7,12,17,30,0,0
2018,7,12,18,30,0,0
2018,7,12,19,30,0,0
2018,7,12,20,30,0,0
2018,7,12,21,30,0,0
2018,7,12,22,30,0,0
2018,7,12,23,30,0,0
2018,7,13,0,30,0,0
2018,7,13,1,30,0,0
2018,7,13,2,30,0,0
2018,7,13,3,30,256,88
2018,7,13,4,30,551,288
2018,7,13,5,30,709,506
2018,7,13,6,30,801,707
2018,7,13,7,30,851,871
2018,7,13,8,30,875,979
2018,7,13,9,30,861,1023
2018,7,13,10,30,846,1006
2018,7,13,11,30,815,924
2018,7,13,12,30,798,793
2018,7,13,13,30,725,610
2018,7,13,14,30,611,399
2018,7,13,15,30,406,186
2018,7,13,16,30,47,20
2018,7,13,17,30,0,0
2018,7,13,18,30,0,0
2018,7,13,19,30,0,0
2018,7,13,20,30,0,0
2018,7,13,21,30,0,0
2018,7,13,22,30,0,0
2018,7,13,23,30,0,0
2018,7,14,0,30,0,0
2018,7,14,1,30,0,0
2018,7,14,2,30,0,0
2018,7,14,3,30,87,70
2018,7,14,4,30,0,22
2018,7,14,5,30,0,43
2018,7,14,6,30,126,419
2018,7,14,7,30,710,820
2018,7,14,8,30,757,933
2018,7,14,9,30,725,972
2018,7,14,10,30,730,961
2018,7,14,11,30,722,888
2018,7,14,12,30,689,759
2018,7,14,13,30,638,584
2018,7,14,14,30,546,384
2018,7,14,15,30,367,179
2018,7,14,16,30,45,19
2018,7,14,17,30,0,0
2018,7,14,18,30,0,0
2018,7,14,19,30,0,0
2018,7,14,20,30,0,0
2018,7,14,21,30,0,0
2018,7,14,22,30,0,0
2018,7,14,23,30,0,0
2018,7,15,0,30,0,0
2018,7,15,1,30,0,0
2018,7,15,2,30,0,0
2018,7,15,3,30,167,78
2018,7,15,4,30,476,272
2018,7,15,5,30,658,488
2018,7,15,6,30,759,690
2018,7,15,7,30,814,853
2018,7,15,8,30,844,965
2018,7,15,9,30,871,1020
2018,7,15,10,30,863,1004
2018,7,15,11,30,841,926
2018,7,15,12,30,795,789
2018,7,15,13,30,721,605
2018,7,15,14,30,600,395
2018,7,15,15,30,385,182
2018,7,15,16,30,34,18
2018,7,15,17,30,0,0
2018,7,15,18,30,0,0
2018,7,15,19,30,0,0
2018,7,15,20,30,0,0
2018,7,15,21,30,0,0
2018,7,15,22,30,0,0
2018,7,15,23,30,0,0
2018,7,16,0,30,0,0
2018,7,16,1,30,0,0
2018,7,16,2,30,0,0
2018,7,16,3,30,199,77
2018,7,16,4,30,487,270
2018,7,16,5,30,646,484
2018,7,16,6,30,736,681
2018,7,16,7,30,790,845
2018,7,16,8,30,821,956
2018,7,16,9,30,752,985
2018,7,16,10,30,744,970
2018,7,16,11,30,722,893
2018,7,16,12,30,615,745
2018,7,16,13,30,533,567
2018,7,16,14,30,414,366
2018,7,16,15,30,231,164
2018,7,16,16,30,8,12
2018,7,16,17,30,0,0
2018,7,16,18,30,0,0
2018,7,16,19,30,0,0
2018,7,16,20,30,0,0
2018,7,16,21,30,0,0
2018,7,16,22,30,0,0
2018,7,16,23,30,0,0
2018,7,17,0,30,0,0
2018,7,17,1,30,0,0
2018,7,17,2,30,0,0
2018,7,17,3,30,153,74
2018,7,17,4,30,459,267
2018,7,17,5,30,648,484
2018,7,17,6,30,757,686
2018,7,17,7,30,820,853
2018,7,17,8,30,853,965
2018,7,17,9,30,851,1014
2018,7,17,10,30,847,999
2018,7,17,11,30,825,920
2018,7,17,12,30,816,791
2018,7,17,13,30,746,608
2018,7,17,14,30,635,399
2018,7,17,15,30,436,185
2018,7,17,16,30,56,19
2018,7,17,17,30,0,0
2018,7,17,18,30,0,0
2018,7,17,19,30,0,0
2018,7,17,20,30,0,0
2018,7,17,21,30,0,0
2018,7,17,22,30,0,0
2018,7,17,23,30,0,0
2018,7,18,0,30,0,0
2018,7,18,1,30,0,0
2018,7,18,2,30,0,0
2018,7,18,3,30,268,80
2018,7,18,4,30,579,282
2018,7,18,5,30,735,503
2018,7,18,6,30,821,706
2018,7,18,7,30,869,871
2018,7,18,8,30,895,985
2018,7,18,9,30,919,1040
2018,7,18,10,30,914,1025
2018,7,18,11,30,895,945
2018,7,18,12,30,755,784
2018,7,18,13,30,668,598
2018,7,18,14,30,535,385
2018,7,18,15,30,317,173
2018,7,18,16,30,12,14
2018,7,18,17,30,0,0
2018,7,18,18,30,0,0
2018,7,18,19,30,0,0
2018,7,18,20,30,0,0
2018,7,18,21,30,0,0
2018,7,18,22,30,0,0
2018,7,18,23,30,0,0
2018,7,19,0,30,0,0
2018,7,19,1,30,0,0
2018,7,19,2,30,0,0
2018,7,19,3,30,196,75
2018,7,19,4,30,507,271
2018,7,19,5,30,672,489
2018,7,19,6,30,763,690
2018,7,19,7,30,816,855
2018,7,19,8,30,845,966
2018,7,19,9,30,855,1016
2018,7,19,10,30,842,1001
2018,7,19,11,30,809,919
2018,7,19,12,30,778,785
2018,7,19,13,30,685,597
2018,7,19,14,30,545,384
2018,7,19,15,30,313,171
2018,7,19,16,30,10,13
2018,7,19,17,30,0,0
2018,7,19,18,30,0,0
2018,7,19,19,30,0,0
2018,7,19,20,30,0,0
2018,7,19,21,30,0,0
2018,7,19,22,30,0,0
2018,7,19,23,30,0,0
2018,7,20,0,30,0,0
2018,7,20,1,30,0,0
2018,7,20,2,30,0,0
2018,7,20,3,30,182,72
2018,7,20,4,30,501,267
2018,7,20,5,30,681,485
2018,7,20,6,30,781,688
2018,7,20,7,30,840,855
2018,7,20,8,30,870,968
2018,7,20,9,30,897,1025
2018,7,20,10,30,890,1009
2018,7,20,11,30,869,932
2018,7,20,12,30,801,787
2018,7,20,13,30,732,605
2018,7,20,14,30,625,395
2018,7,20,15,30,430,182
2018,7,20,16,30,50,17
2018,7,20,17,30,0,0
2018,7,20,18,30,0,0
2018,7,20,19,30,0,0
2018,7,20,20,30,0,0
2018,7,20,21,30,0,0
2018,7,20,22,30,0,0
2018,7,20,23,30,0,0
2018,7,21,0,30,0,0
2018,7,21,1,30,0,0
2018,7,21,2,30,0,0
2018,7,21,3,30,247,76
2018,7,21,4,30,561,274
2018,7,21,5,30,717,491
2018,7,21,6,30,802,692
2018,7,21,7,30,852,856
2018,7,21,8,30,880,968
2018,7,21,9,30,897,1021
2018,7,21,10,30,891,1006
2018,7,21,11,30,873,929
2018,7,21,12,30,847,795
2018,7,21,13,30,785,612
2018,7,21,14,30,685,402
2018,7,21,15,30,491,185
2018,7,21,16,30,80,18
2018,7,21,17,30,0,0
2018,7,21,18,30,0,0
2018,7,21,19,30,0,0
2018,7,21,20,30,0,0
2018,7,21,21,30,0,0
2018,7,21,22,30,0,0
2018,7,21,23,30,0,0
2018,7,22,0,30,0,0
2018,7,22,1,30,0,0
2018,7,22,2,30,0,0
2018,7,22,3,30,210,71
2018,7,22,4,30,0,21
2018,7,22,5,30,70,255
2018,7,22,6,30,749,672
2018,7,22,7,30,797,832
2018,7,22,8,30,824,942
2018,7,22,9,30,801,985
2018,7,22,10,30,795,970
2018,7,22,11,30,776,893
2018,7,22,12,30,742,760
2018,7,22,13,30,678,582
2018,7,22,14,30,573,379
2018,7,22,15,30,387,171
2018,7,22,16,30,43,15
2018,7,22,17,30,0,0
2018,7,22,18,30,0,0
2018,7,22,19,30,0,0
2018,7,22,20,30,0,0
2018,7,22,21,30,0,0
2018,7,22,22,30,0,0
2018,7,22,23,30,0,0
2018,7,23,0,30,0,0
2018,7,23,1,30,0,0
2018,7,23,2,30,0,0
2018,7,23,3,30,154,66
2018,7,23,4,30,455,257
2018,7,23,5,30,647,472
2018,7,23,6,30,755,674
2018,7,23,7,30,814,839
2018,7,23,8,30,847,953
2018,7,23,9,30,821,995
2018,7,23,10,30,825,983
2018,7,23,11,30,815,909
2018,7,23,12,30,751,769
2018,7,23,13,30,696,592
2018,7,23,14,30,606,386
2018,7,23,15,30,426,176
2018,7,23,16,30,43,15
2018,7,23,17,30,0,0
2018,7,23,18,30,0,0
2018,7,23,19,30,0,0
2018,7,23,20,30,0,0
2018,7,23,21,30,0,0
2018,7,23,22,30,0,0
2018,7,23,23,30,0,0
2018,7,24,0,30,0,0
2018,7,24,1,30,0,0
2018,7,24,2,30,0,0
2018,7,24,3,30,105,60
2018,7,24,4,30,383,246
2018,7,24,5,30,557,458
2018,7,24,6,30,659,654
2018,7,24,7,30,717,817
2018,7,24,8,30,744,928
2018,7,24,9,30,728,971
2018,7,24,10,30,719,956
2018,7,24,11,30,700,879
2018,7,24,12,30,658,747
2018,7,24,13,30,588,570
2018,7,24,14,30,461,363
2018,7,24,15,30,240,156
2018,7,24,16,30,1,7
2018,7,24,17,30,0,0
2018,7,24,18,30,0,0
2018,7,24,19,30,0,0
2018,7,24,20,30,0,0
2018,7,24,21,30,0,0
2018,7,24,22,30,0,0
2018,7,24,23,30,0,0
2018,7,25,0,30,0,0
2018,7,25,1,30,0,0
2018,7,25,2,30,0,0
2018,7,25,3,30,26,46
2018,7,25,4,30,240,226
2018,7,25,5,30,414,436
2018,7,25,6,30,517,631
2018,7,25,7,30,575,790
2018,7,25,8,30,604,894
2018,7,25,9,30,721,971
2018,7,25,10,30,713,954
2018,7,25,11,30,687,878
2018,7,25,12,30,530,721
2018,7,25,13,30,462,547
2018,7,25,14,30,352,346
2018,7,25,15,30,158,146
2018,7,25,16,30,0,4
2018,7,25,17,30,0,0
2018,7,25,18,30,0,0
2018,7,25,19,30,0,0
2018,7,25,20,30,0,0
2018,7,25,21,30,0,0
2018,7,25,22,30,0,0
2018,7,25,23,30,0,0
2018,7,26,0,30,0,0
2018,7,26,1,30,0,0
2018,7,26,2,30,0,0
2018,7,26,3,30,33,48
2018,7,26,4,30,275,229
2018,7,26,5,30,468,438
2018,7,26,6,30,594,638
2018,7,26,7,30,673,802
2018,7,26,8,30,722,917
2018,7,26,9,30,660,951
2018,7,26,10,30,670,940
2018,7,26,11,30,675,871
2018,7,26,12,30,699,752
2018,7,26,13,30,652,576
2018,7,26,14,30,543,370
2018,7,26,15,30,329,162
2018,7,26,16,30,7,9
2018,7,26,17,30,0,0
2018,7,26,18,30,0,0
2018,7,26,19,30,0,0
2018,7,26,20,30,0,0
2018,7,26,21,30,0,0
2018,7,26,22,30,0,0
2018,7,26,23,30,0,0
2018,7,27,0,30,0,0
2018,7,27,1,30,0,0
2018,7,27,2,30,0,0
2018,7,27,3,30,201,64
2018,7,27,4,30,535,259
2018,7,27,5,30,702,477
2018,7,27,6,30,795,681
2018,7,27,7,30,848,846
2018,7,27,8,30,878,960
2018,7,27,9,30,893,1015
2018,7,27,10,30,888,1000
2018,7,27,11,30,869,924
2018,7,27,12,30,773,772
2018,7,27,13,30,713,592
2018,7,27,14,30,605,381
2018,7,27,15,30,399,168
2018,7,27,16,30,19,11
2018,7,27,17,30,0,0
2018,7,27,18,30,0,0
2018,7,27,19,30,0,0
2018,7,27,20,30,0,0
2018,7,27,21,30,0,0
2018,7,27,22,30,0,0
2018,7,27,23,30,0,0
2018,7,28,0,30,0,0
2018,7,28,1,30,0,0
2018,7,28,2,30,0,0
2018,7,28,3,30,205,65
2018,7,28,4,30,547,261
2018,7,28,5,30,729,484
2018,7,28,6,30,824,689
2018,7,28,7,30,32,359
2018,7,28,8,30,902,969
2018,7,28,9,30,889,1014
2018,7,28,10,30,887,1000
2018,7,28,11,30,870,921
2018,7,28,12,30,838,785
2018,7,28,13,30,779,601
2018,7,28,14,30,680,390
2018,7,28,15,30,480,174
2018,7,28,16,30,43,12
2018,7,28,17,30,0,0
2018,7,28,18,30,0,0
2018,7,28,19,30,0,0
2018,7,28,20,30,0,0
2018,7,28,21,30,0,0
2018,7,28,22,30,0,0
2018,7,28,23,30,0,0
2018,7,29,0,30,0,0
2018,7,29,1,30,0,0
2018,7,29,2,30,0,0
2018,7,29,3,30,192,63
2018,7,29,4,30,524,258
2018,7,29,5,30,713,479
2018,7,29,6,30,819,685
2018,7,29,7,30,875,853
2018,7,29,8,30,904,967
2018,7,29,9,30,921,1020
2018,7,29,10,30,915,1005
2018,7,29,11,30,896,927
2018,7,29,12,30,854,787
2018,7,29,13,30,789,602
2018,7,29,14,30,680,389
2018,7,29,15,30,473,172
2018,7,29,16,30,40,11
2018,7,29,17,30,0,0
2018,7,29,18,30,0,0
2018,7,29,19,30,0,0
2018,7,29,20,30,0,0
2018,7,29,21,30,0,0
2018,7,29,22,30,0,0
2018,7,29,23,30,0,0
2018,7,30,0,30,0,0
2018,7,30,1,30,0,0
2018,7,30,2,30,0,0
2018,7,30,3,30,232,64
2018,7,30,4,30,569,263
2018,7,30,5,30,741,486
2018,7,30,6,30,831,691
2018,7,30,7,30,885,861
2018,7,30,8,30,913,976
2018,7,30,9,30,930,1030
2018,7,30,10,30,923,1012
2018,7,30,11,30,904,932
2018,7,30,12,30,883,797
2018,7,30,13,30,820,610
2018,7,30,14,30,712,393
2018,7,30,15,30,502,172
2018,7,30,16,30,48,10
2018,7,30,17,30,0,0
2018,7,30,18,30,0,0
2018,7,30,19,30,0,0
2018,7,30,20,30,0,0
2018,7,30,21,30,0,0
2018,7,30,22,30,0,0
2018,7,30,23,30,0,0
2018,7,31,0,30,0,0
2018,7,31,1,30,0,0
2018,7,31,2,30,0,0
2018,7,31,3,30,183,59
2018,7,31,4,30,522,254
2018,7,31,5,30,699,474
2018,7,31,6,30,791,679
2018,7,31,7,30,843,846
2018,7,31,8,30,870,960
2018,7,31,9,30,895,1015
2018,7,31,10,30,892,1001
2018,7,31,11,30,874,921
2018,7,31,12,30,836,782
2018,7,31,13,30,774,598
2018,7,31,14,30,662,384
2018,7,31,15,30,449,166
2018,7,31,16,30,0,0
2018,7,31,17,30,0,0
2018,7,31,18,30,0,0
2018,7,31,19,30,0,0
2018,7,31,20,30,0,0
2018,7,31,21,30,0,0
2018,7,31,22,30,0,0
2018,7,31,23,30,0,0
2018,8,1,0,30,0,0
2018,8,1,1,30,0,0
2018,8,1,2,30,0,0
2018,8,1,3,30,212,59
2018,8,1,4,30,560,256
2018,8,1,5,30,735,478
2018,8,1,6,30,826,683
2018,8,1,7,30,877,850
2018,8,1,8,30,904,964
2018,8,1,9,30,891,1010
2018,8,1,10,30,886,996
2018,8,1,11,30,865,916
2018,8,1,12,30,797,770
2018,8,1,13,30,737,587
2018,8,1,14,30,633,375
2018,8,1,15,30,432,162
2018,8,1,16,30,0,0
2018,8,1,17,30,0,0
2018,8,1,18,30,0,0
2018,8,1,19,30,0,0
2018,8,1,20,30,0,0
2018,8,1,21,30,0,0
2018,8,1,22,30,0,0
2018,8,1,23,30,0,0
2018,8,2,0,30,0,0
2018,8,2,1,30,0,0
2018,8,2,2,30,0,0
2018,8,2,3,30,112,52
2018,8,2,4,30,0,34
2018,8,2,5,30,0,66
2018,8,2,6,30,43,311
2018,8,2,7,30,48,398
2018,8,2,8,30,102,549
2018,8,2,9,30,799,979
2018,8,2,10,30,791,963
2018,8,2,11,30,771,885
2018,8,2,12,30,756,754
2018,8,2,13,30,690,573
2018,8,2,14,30,573,363
2018,8,2,15,30,351,153
2018,8,2,16,30,0,0
2018,8,2,17,30,0,0
2018,8,2,18,30,0,0
2018,8,2,19,30,0,0
2018,8,2,20,30,0,0
2018,8,2,21,30,0,0
2018,8,2,22,30,0,0
2018,8,2,23,30,0,0
2018,8,3,0,30,0,0
2018,8,3,1,30,0,0
2018,8,3,2,30,0,0
2018,8,3,3,30,57,45
2018,8,3,4,30,315,226
2018,8,3,5,30,6,166
2018,8,3,6,30,655,642
2018,8,3,7,30,734,808
2018,8,3,8,30,776,922
2018,8,3,9,30,820,980
2018,8,3,10,30,817,966
2018,8,3,11,30,799,889
2018,8,3,12,30,659,730
2018,8,3,13,30,565,548
2018,8,3,14,30,428,342
2018,8,3,15,30,209,138
2018,8,3,16,30,0,0
2018,8,3,17,30,0,0
2018,8,3,18,30,0,0
2018,8,3,19,30,0,0
2018,8,3,20,30,0,0
2018,8,3,21,30,0,0
2018,8,3,22,30,0,0
2018,8,3,23,30,0,0
2018,8,4,0,30,0,0
2018,8,4,1,30,0,0
2018,8,4,2,30,0,0
2018,8,4,3,30,83,48
2018,8,4,4,30,402,237
2018,8,4,5,30,611,456
2018,8,4,6,30,734,664
2018,8,4,7,30,806,833
2018,8,4,8,30,846,949
2018,8,4,9,30,882,1007
2018,8,4,10,30,880,992
2018,8,4,11,30,861,912
2018,8,4,12,30,839,777
2018,8,4,13,30,773,591
2018,8,4,14,30,658,375
2018,8,4,15,30,438,158
2018,8,4,16,30,0,0
2018,8,4,17,30,0,0
2018,8,4,18,30,0,0
2018,8,4,19,30,0,0
2018,8,4,20,30,0,0
2018,8,4,21,30,0,0
2018,8,4,22,30,0,0
2018,8,4,23,30,0,0
2018,8,5,0,30,0,0
2018,8,5,1,30,0,0
2018,8,5,2,30,0,0
2018,8,5,3,30,141,50
2018,8,5,4,30,476,240
2018,8,5,5,30,657,459
2018,8,5,6,30,753,661
2018,8,5,7,30,808,826
2018,8,5,8,30,840,940
2018,8,5,9,30,888,999
2018,8,5,10,30,882,984
2018,8,5,11,30,861,905
2018,8,5,12,30,802,763
2018,8,5,13,30,721,575
2018,8,5,14,30,589,362
2018,8,5,15,30,345,147
2018,8,5,16,30,0,0
2018,8,5,17,30,0,0
2018,8,5,18,30,0,0
2018,8,5,19,30,0,0
2018,8,5,20,30,0,0
2018,8,5,21,30,0,0
2018,8,5,22,30,0,0
2018,8,5,23,30,0,0
2018,8,6,0,30,0,0
2018,8,6,1,30,0,0
2018,8,6,2,30,0,0
2018,8,6,3,30,78,46
2018,8,6,4,30,417,237
2018,8,6,5,30,645,459
2018,8,6,6,30,773,670
2018,8,6,7,30,842,843
2018,8,6,8,30,876,959
2018,8,6,9,30,889,1011
2018,8,6,10,30,887,997
2018,8,6,11,30,869,915
2018,8,6,12,30,848,778
2018,8,6,13,30,782,590
2018,8,6,14,30,668,373
2018,8,6,15,30,447,155
2018,8,6,16,30,0,0
2018,8,6,17,30,0,0
2018,8,6,18,30,0,0
2018,8,6,19,30,0,0
2018,8,6,20,30,0,0
2018,8,6,21,30,0,0
2018,8,6,22,30,0,0
2018,8,6,23,30,0,0
2018,8,7,0,30,0,0
2018,8,7,1,30,0,0
2018,8,7,2,30,0,0
2018,8,7,3,30,96,46
2018,8,7,4,30,425,233
2018,8,7,5,30,626,452
2018,8,7,6,30,741,656
2018,8,7,7,30,805,824
2018,8,7,8,30,839,938
2018,8,7,9,30,833,986
2018,8,7,10,30,833,972
2018,8,7,11,30,814,892
2018,8,7,12,30,774,753
2018,8,7,13,30,698,567
2018,8,7,14,30,564,353
2018,8,7,15,30,321,141
2018,8,7,16,30,0,0
2018,8,7,17,30,0,0
2018,8,7,18,30,0,0
2018,8,7,19,30,0,0
2018,8,7,20,30,0,0
2018,8,7,21,30,0,0
2018,8,7,22,30,0,0
2018,8,7,23,30,0,0
2018,8,8,0,30,0,0
2018,8,8,1,30,0,0
2018,8,8,2,30,0,0
2018,8,8,3,30,103,45
2018,8,8,4,30,441,233
2018,8,8,5,30,649,454
2018,8,8,6,30,763,661
2018,8,8,7,30,821,827
2018,8,8,8,30,851,941
2018,8,8,9,30,875,996
2018,8,8,10,30,865,977
2018,8,8,11,30,839,896
2018,8,8,12,30,805,757
2018,8,8,13,30,728,569
2018,8,8,14,30,599,355
2018,8,8,15,30,354,141
2018,8,8,16,30,0,0
2018,8,8,17,30,0,0
2018,8,8,18,30,0,0
2018,8,8,19,30,0,0
2018,8,8,20,30,0,0
2018,8,8,21,30,0,0
2018,8,8,22,30,0,0
2018,8,8,23,30,0,0
2018,8,9,0,30,0,0
2018,8,9,1,30,0,0
2018,8,9,2,30,0,0
2018,8,9,3,30,83,43
2018,8,9,4,30,414,229
2018,8,9,5,30,623,448
2018,8,9,6,30,742,655
2018,8,9,7,30,807,824
2018,8,9,8,30,842,939
2018,8,9,9,30,857,991
2018,8,9,10,30,851,973
2018,8,9,11,30,829,892
2018,8,9,12,30,787,751
2018,8,9,13,30,719,566
2018,8,9,14,30,601,353
2018,8,9,15,30,373,140
2018,8,9,16,30,0,0
2018,8,9,17,30,0,0
2018,8,9,18,30,0,0
2018,8,9,19,30,0,0
2018,8,9,20,30,0,0
2018,8,9,21,30,0,0
2018,8,9,22,30,0,0
2018,8,9,23,30,0,0
2018,8,10,0,30,0,0
2018,8,10,1,30,0,0
2018,8,10,2,30,0,0
2018,8,10,3,30,118,44
2018,8,10,4,30,477,234
2018,8,10,5,30,676,455
2018,8,10,6,30,784,662
2018,8,10,7,30,845,833
2018,8,10,8,30,876,948
2018,8,10,9,30,862,994
2018,8,10,10,30,863,981
2018,8,10,11,30,846,899
2018,8,10,12,30,814,761
2018,8,10,13,30,738,572
2018,8,10,14,30,610,355
2018,8,10,15,30,363,138
2018,8,10,16,30,0,0
2018,8,10,17,30,0,0
2018,8,10,18,30,0,0
2018,8,10,19,30,0,0
2018,8,10,20,30,0,0
2018,8,10,21,30,0,0
2018,8,10,22,30,0,0
2018,8,10,23,30,0,0
2018,8,11,0,30,0,0
2018,8,11,1,30,0,0
2018,8,11,2,30,0,0
2018,8,11,3,30,58,38
2018,8,11,4,30,378,225
2018,8,11,5,30,597,443
2018,8,11,6,30,725,652
2018,8,11,7,30,794,820
2018,8,11,8,30,830,936
2018,8,11,9,30,824,983
2018,8,11,10,30,815,965
2018,8,11,11,30,791,883
2018,8,11,12,30,803,755
2018,8,11,13,30,728,566
2018,8,11,14,30,596,349
2018,8,11,15,30,344,134
2018,8,11,16,30,0,0
2018,8,11,17,30,0,0
2018,8,11,18,30,0,0
2018,8,11,19,30,0,0
2018,8,11,20,30,0,0
2018,8,11,21,30,0,0
2018,8,11,22,30,0,0
2018,8,11,23,30,0,0
2018,8,12,0,30,0,0
2018,8,12,1,30,0,0
2018,8,12,2,30,0,0
2018,8,12,3,30,96,40
2018,8,12,4,30,459,228
2018,8,12,5,30,661,451
2018,8,12,6,30,769,659
2018,8,12,7,30,830,829
2018,8,12,8,30,864,945
2018,8,12,9,30,867,994
2018,8,12,10,30,861,977
2018,8,12,11,30,840,894
2018,8,12,12,30,810,756
2018,8,12,13,30,737,567
2018,8,12,14,30,611,349
2018,8,12,15,30,369,134
2018,8,12,16,30,0,0
2018,8,12,17,30,0,0
2018,8,12,18,30,0,0
2018,8,12,19,30,0,0
2018,8,12,20,30,0,0
2018,8,12,21,30,0,0
2018,8,12,22,30,0,0
2018,8,12,23,30,0,0
2018,8,13,0,30,0,0
2018,8,13,1,30,0,0
2018,8,13,2,30,0,0
2018,8,13,3,30,68,38
2018,8,13,4,30,402,223
2018,8,13,5,30,632,445
2018,8,13,6,30,757,654
2018,8,13,7,30,824,825
2018,8,13,8,30,860,943
2018,8,13,9,30,893,1001
2018,8,13,10,30,890,986
2018,8,13,11,30,870,904
2018,8,13,12,30,835,763
2018,8,13,13,30,767,575
2018,8,13,14,30,648,356
2018,8,13,15,30,402,136
2018,8,13,16,30,0,0
2018,8,13,17,30,0,0
2018,8,13,18,30,0,0
2018,8,13,19,30,0,0
2018,8,13,20,30,0,0
2018,8,13,21,30,0,0
2018,8,13,22,30,0,0
2018,8,13,23,30,0,0
2018,8,14,0,30,0,0
2018,8,14,1,30,0,0
2018,8,14,2,30,0,0
2018,8,14,3,30,148,42
2018,8,14,4,30,532,235
2018,8,14,5,30,711,458
2018,8,14,6,30,806,664
2018,8,14,7,30,859,834
2018,8,14,8,30,887,948
2018,8,14,9,30,900,999
2018,8,14,10,30,892,981
2018,8,14,11,30,867,896
2018,8,14,12,30,808,750
2018,8,14,13,30,729,561
2018,8,14,14,30,595,342
2018,8,14,15,30,340,128
2018,8,14,16,30,0,0
2018,8,14,17,30,0,0
2018,8,14,18,30,0,0
2018,8,14,19,30,0,0
2018,8,14,20,30,0,0
2018,8,14,21,30,0,0
2018,8,14,22,30,0,0
2018,8,14,23,30,0,0
2018,8,15,0,30,0,0
2018,8,15,1,30,0,0
2018,8,15,2,30,0,0
2018,8,15,3,30,85,37
2018,8,15,4,30,450,226
2018,8,15,5,30,662,451
2018,8,15,6,30,778,660
2018,8,15,7,30,837,829
2018,8,15,8,30,869,945
2018,8,15,9,30,897,1000
2018,8,15,10,30,891,983
2018,8,15,11,30,868,898
2018,8,15,12,30,843,757
2018,8,15,13,30,770,566
2018,8,15,14,30,641,345
2018,8,15,15,30,383,128
2018,8,15,16,30,0,0
2018,8,15,17,30,0,0
2018,8,15,18,30,0,0
2018,8,15,19,30,0,0
2018,8,15,20,30,0,0
2018,8,15,21,30,0,0
2018,8,15,22,30,0,0
2018,8,15,23,30,0,0
2018,8,16,0,30,0,0
2018,8,16,1,30,0,0
2018,8,16,2,30,0,0
2018,8,16,3,30,91,37
2018,8,16,4,30,469,227
2018,8,16,5,30,689,454
2018,8,16,6,30,801,665
2018,8,16,7,30,865,836
2018,8,16,8,30,899,953
2018,8,16,9,30,899,1002
2018,8,16,10,30,897,985
2018,8,16,11,30,879,901
2018,8,16,12,30,840,756
2018,8,16,13,30,770,564
2018,8,16,14,30,643,344
2018,8,16,15,30,383,125
2018,8,16,16,30,0,0
2018,8,16,17,30,0,0
2018,8,16,18,30,0,0
2018,8,16,19,30,0,0
2018,8,16,20,30,0,0
2018,8,16,21,30,0,0
2018,8,16,22,30,0,0
2018,8,16,23,30,0,0
2018,8,17,0,30,0,0
2018,8,17,1,30,0,0
2018,8,17,2,30,0,0
2018,8,17,3,30,83,35
2018,8,17,4,30,457,224
2018,8,17,5,30,83,244
2018,8,17,6,30,792,661
2018,8,17,7,30,858,833
2018,8,17,8,30,893,949
2018,8,17,9,30,909,1001
2018,8,17,10,30,906,984
2018,8,17,11,30,887,899
2018,8,17,12,30,804,745
2018,8,17,13,30,738,556
2018,8,17,14,30,614,337
2018,8,17,15,30,363,121
2018,8,17,16,30,0,0
2018,8,17,17,30,0,0
2018,8,17,18,30,0,0
2018,8,17,19,30,0,0
2018,8,17,20,30,0,0
2018,8,17,21,30,0,0
2018,8,17,22,30,0,0
2018,8,17,23,30,0,0
2018,8,18,0,30,0,0
2018,8,18,1,30,0,0
2018,8,18,2,30,0,0
2018,8,18,3,30,58,32
2018,8,18,4,30,405,217
2018,8,18,5,30,642,443
2018,8,18,6,30,776,655
2018,8,18,7,30,849,829
2018,8,18,8,30,885,945
2018,8,18,9,30,908,999
2018,8,18,10,30,907,982
2018,8,18,11,30,890,897
2018,8,18,12,30,853,753
2018,8,18,13,30,783,560
2018,8,18,14,30,655,338
2018,8,18,15,30,392,120
2018,8,18,16,30,0,0
2018,8,18,17,30,0,0
2018,8,18,18,30,0,0
2018,8,18,19,30,0,0
2018,8,18,20,30,0,0
2018,8,18,21,30,0,0
2018,8,18,22,30,0,0
2018,8,18,23,30,0,0
2018,8,19,0,30,0,0
2018,8,19,1,30,0,0
2018,8,19,2,30,0,0
2018,8,19,3,30,76,32
2018,8,19,4,30,448,219
2018,8,19,5,30,670,445
2018,8,19,6,30,789,655
2018,8,19,7,30,852,827
2018,8,19,8,30,885,942
2018,8,19,9,30,897,993
2018,8,19,10,30,890,973
2018,8,19,11,30,867,887
2018,8,19,12,30,816,740
2018,8,19,13,30,732,546
2018,8,19,14,30,583,325
2018,8,19,15,30,295,110
2018,8,19,16,30,0,0
2018,8,19,17,30,0,0
2018,8,19,18,30,0,0
2018,8,19,19,30,0,0
2018,8,19,20,30,0,0
2018,8,19,21,30,0,0
2018,8,19,22,30,0,0
2018,8,19,23,30,0,0
2018,8,20,0,30,0,0
2018,8,20,1,30,0,0
2018,8,20,2,30,0,0
2018,8,20,3,30,82,31
2018,8,20,4,30,459,217
2018,8,20,5,30,662,440
2018,8,20,6,30,767,648
2018,8,20,7,30,826,817
2018,8,20,8,30,857,932
2018,8,20,9,30,882,985
2018,8,20,10,30,876,966
2018,8,20,11,30,852,880
2018,8,20,12,30,815,737
2018,8,20,13,30,732,542
2018,8,20,14,30,588,322
2018,8,20,15,30,303,108
2018,8,20,16,30,0,0
2018,8,20,17,30,0,0
2018,8,20,18,30,0,0
2018,8,20,19,30,0,0
2018,8,20,20,30,0,0
2018,8,20,21,30,0,0
2018,8,20,22,30,0,0
2018,8,20,23,30,0,0
2018,8,21,0,30,0,0
2018,8,21,1,30,0,0
2018,8,21,2,30,0,0
2018,8,21,3,30,65,29
2018,8,21,4,30,413,211
2018,8,21,5,30,629,433
2018,8,21,6,30,751,641
2018,8,21,7,30,819,811
2018,8,21,8,30,852,926
2018,8,21,9,30,888,981
2018,8,21,10,30,882,962
2018,8,21,11,30,857,876
2018,8,21,12,30,782,724
2018,8,21,13,30,690,530
2018,8,21,14,30,537,311
2018,8,21,15,30,254,101
2018,8,21,16,30,0,0
2018,8,21,17,30,0,0
2018,8,21,18,30,0,0
2018,8,21,19,30,0,0
2018,8,21,20,30,0,0
2018,8,21,21,30,0,0
2018,8,21,22,30,0,0
2018,8,21,23,30,0,0
2018,8,22,0,30,0,0
2018,8,22,1,30,0,0
2018,8,22,2,30,0,0
2018,8,22,3,30,50,26
2018,8,22,4,30,385,207
2018,8,22,5,30,604,427
2018,8,22,6,30,728,637
2018,8,22,7,30,797,807
2018,8,22,8,30,831,918
2018,8,22,9,30,852,970
2018,8,22,10,30,845,951
2018,8,22,11,30,823,866
2018,8,22,12,30,775,721
2018,8,22,13,30,691,529
2018,8,22,14,30,547,311
2018,8,22,15,30,268,100
2018,8,22,16,30,0,0
2018,8,22,17,30,0,0
2018,8,22,18,30,0,0
2018,8,22,19,30,0,0
2018,8,22,20,30,0,0
2018,8,22,21,30,0,0
2018,8,22,22,30,0,0
2018,8,22,23,30,0,0
2018,8,23,0,30,0,0
2018,8,23,1,30,0,0
2018,8,23,2,30,0,0
2018,8,23,3,30,39,24
2018,8,23,4,30,358,204
2018,8,23,5,30,113,257
2018,8,23,6,30,718,631
2018,8,23,7,30,792,802
2018,8,23,8,30,832,917
2018,8,23,9,30,841,964
2018,8,23,10,30,834,945
2018,8,23,11,30,808,858
2018,8,23,12,30,761,711
2018,8,23,13,30,677,519
2018,8,23,14,30,526,302
2018,8,23,15,30,237,94
2018,8,23,16,30,0,0
2018,8,23,17,30,0,0
2018,8,23,18,30,0,0
2018,8,23,19,30,0,0
2018,8,23,20,30,0,0
2018,8,23,21,30,0,0
2018,8,23,22,30,0,0
2018,8,23,23,30,0,0
2018,8,24,0,30,0,0
2018,8,24,1,30,0,0
2018,8,24,2,30,0,0
2018,8,24,3,30,64,25
2018,8,24,4,30,429,205
2018,8,24,5,30,642,428
2018,8,24,6,30,754,634
2018,8,24,7,30,817,805
2018,8,24,8,30,849,919
2018,8,24,9,30,839,962
2018,8,24,10,30,831,942
2018,8,24,11,30,804,854
2018,8,24,12,30,776,711
2018,8,24,13,30,684,517
2018,8,24,14,30,519,297
2018,8,24,15,30,224,90
2018,8,24,16,30,0,0
2018,8,24,17,30,0,0
2018,8,24,18,30,0,0
2018,8,24,19,30,0,0
2018,8,24,20,30,0,0
2018,8,24,21,30,0,0
2018,8,24,22,30,0,0
2018,8,24,23,30,0,0
2018,8,25,0,30,0,0
2018,8,25,1,30,0,0
2018,8,25,2,30,0,0
2018,8,25,3,30,67,25
2018,8,25,4,30,443,205
2018,8,25,5,30,649,426
2018,8,25,6,30,754,632
2018,8,25,7,30,813,802
2018,8,25,8,30,841,914
2018,8,25,9,30,847,962
2018,8,25,10,30,839,941
2018,8,25,11,30,813,854
2018,8,25,12,30,756,706
2018,8,25,13,30,668,513
2018,8,25,14,30,517,296
2018,8,25,15,30,231,89
2018,8,25,16,30,0,0
2018,8,25,17,30,0,0
2018,8,25,18,30,0,0
2018,8,25,19,30,0,0
2018,8,25,20,30,0,0
2018,8,25,21,30,0,0
2018,8,25,22,30,0,0
2018,8,25,23,30,0,0
2018,8,26,0,30,0,0
2018,8,26,1,30,0,0
2018,8,26,2,30,0,0
2018,8,26,3,30,30,21
2018,8,26,4,30,386,199
2018,8,26,5,30,611,421
2018,8,26,6,30,730,630
2018,8,26,7,30,795,797
2018,8,26,8,30,831,912
2018,8,26,9,30,824,956
2018,8,26,10,30,824,939
2018,8,26,11,30,805,852
2018,8,26,12,30,795,714
2018,8,26,13,30,720,522
2018,8,26,14,30,583,302
2018,8,26,15,30,287,91
2018,8,26,16,30,0,0
2018,8,26,17,30,0,0
2018,8,26,18,30,0,0
2018,8,26,19,30,0,0
2018,8,26,20,30,0,0
2018,8,26,21,30,0,0
2018,8,26,22,30,0,0
2018,8,26,23,30,0,0
2018,8,27,0,30,0,0
2018,8,27,1,30,0,0
2018,8,27,2,30,0,0
2018,8,27,3,30,166,27
2018,8,27,4,30,0,15
2018,8,27,5,30,118,256
2018,8,27,6,30,180,417
2018,8,27,7,30,291,600
2018,8,27,8,30,30,379
2018,8,27,9,30,361,759
2018,8,27,10,30,838,935
2018,8,27,11,30,249,615
2018,8,27,12,30,753,699
2018,8,27,13,30,677,508
2018,8,27,14,30,538,292
2018,8,27,15,30,250,85
2018,8,27,16,30,0,0
2018,8,27,17,30,0,0
2018,8,27,18,30,0,0
2018,8,27,19,30,0,0
2018,8,27,20,30,0,0
2018,8,27,21,30,0,0
2018,8,27,22,30,0,0
2018,8,27,23,30,0,0
2018,8,28,0,30,0,0
2018,8,28,1,30,0,0
2018,8,28,2,30,0,0
2018,8,28,3,30,91,23
2018,8,28,4,30,499,206
2018,8,28,5,30,695,429
2018,8,28,6,30,796,636
2018,8,28,7,30,852,805
2018,8,28,8,30,878,917
2018,8,28,9,30,797,943
2018,8,28,10,30,793,922
2018,8,28,11,30,769,835
2018,8,28,12,30,732,689
2018,8,28,13,30,639,496
2018,8,28,14,30,473,278
2018,8,28,15,30,166,76
2018,8,28,16,30,0,0
2018,8,28,17,30,0,0
2018,8,28,18,30,0,0
2018,8,28,19,30,0,0
2018,8,28,20,30,0,0
2018,8,28,21,30,0,0
2018,8,28,22,30,0,0
2018,8,28,23,30,0,0
2018,8,29,0,30,0,0
2018,8,29,1,30,0,0
2018,8,29,2,30,0,0
2018,8,29,3,30,21,17
2018,8,29,4,30,336,187
2018,8,29,5,30,554,402
2018,8,29,6,30,679,608
2018,8,29,7,30,748,774
2018,8,29,8,30,783,886
2018,8,29,9,30,782,930
2018,8,29,10,30,775,909
2018,8,29,11,30,749,821
2018,8,29,12,30,694,674
2018,8,29,13,30,595,481
2018,8,29,14,30,423,266
2018,8,29,15,30,129,69
2018,8,29,16,30,0,0
2018,8,29,17,30,0,0
2018,8,29,18,30,0,0
2018,8,29,19,30,0,0
2018,8,29,20,30,0,0
2018,8,29,21,30,0,0
2018,8,29,22,30,0,0
2018,8,29,23,30,0,0
2018,8,30,0,30,0,0
2018,8,30,1,30,0,0
2018,8,30,2,30,0,0
2018,8,30,3,30,8,13
2018,8,30,4,30,257,177
2018,8,30,5,30,469,389
2018,8,30,6,30,600,591
2018,8,30,7,30,678,757
2018,8,30,8,30,723,870
2018,8,30,9,30,789,928
2018,8,30,10,30,781,905
2018,8,30,11,30,751,817
2018,8,30,12,30,648,660
2018,8,30,13,30,550,469
2018,8,30,14,30,380,258
2018,8,30,15,30,96,63
2018,8,30,16,30,0,0
2018,8,30,17,30,0,0
2018,8,30,18,30,0,0
2018,8,30,19,30,0,0
2018,8,30,20,30,0,0
2018,8,30,21,30,0,0
2018,8,30,22,30,0,0
2018,8,30,23,30,0,0
2018,8,31,0,30,0,0
2018,8,31,1,30,0,0
2018,8,31,2,30,0,0
2018,8,31,3,30,2,9
2018,8,31,4,30,195,172
2018,8,31,5,30,404,379
2018,8,31,6,30,537,580
2018,8,31,7,30,614,744
2018,8,31,8,30,654,854
2018,8,31,9,30,617,889
2018,8,31,10,30,606,867
2018,8,31,11,30,567,778
2018,8,31,12,30,486,631
2018,8,31,13,30,376,443
2018,8,31,14,30,211,236
2018,8,31,15,30,24,46
2018,8,31,16,30,0,0
2018,8,31,17,30,0,0
2018,8,31,18,30,0,0
2018,8,31,19,30,0,0
2018,8,31,20,30,0,0
2018,8,31,21,30,0,0
2018,8,31,22,30,0,0
2018,8,31,23,30,0,0
2018,9,1,0,30,0,0
2018,9,1,1,30,0,0
2018,9,1,2,30,0,0
2018,9,1,3,30,1,7
2018,9,1,4,30,154,165
2018,9,1,5,30,340,372
2018,9,1,6,30,467,569
2018,9,1,7,30,547,728
2018,9,1,8,30,591,838
2018,9,1,9,30,627,886
2018,9,1,10,30,610,865
2018,9,1,11,30,569,775
2018,9,1,12,30,497,629
2018,9,1,13,30,390,441
2018,9,1,14,30,226,235
2018,9,1,15,30,29,47
2018,9,1,16,30,0,0
2018,9,1,17,30,0,0
2018,9,1,18,30,0,0
2018,9,1,19,30,0,0
2018,9,1,20,30,0,0
2018,9,1,21,30,0,0
2018,9,1,22,30,0,0
2018,9,1,23,30,0,0
2018,9,2,0,30,0,0
2018,9,2,1,30,0,0
2018,9,2,2,30,0,0
2018,9,2,3,30,2,8
2018,9,2,4,30,194,168
2018,9,2,5,30,405,376
2018,9,2,6,30,542,577
2018,9,2,7,30,628,744
2018,9,2,8,30,675,855
2018,9,2,9,30,670,898
2018,9,2,10,30,673,878
2018,9,2,11,30,649,792
2018,9,2,12,30,597,646
2018,9,2,13,30,487,455
2018,9,2,14,30,301,242
2018,9,2,15,30,44,49
2018,9,2,16,30,0,0
2018,9,2,17,30,0,0
2018,9,2,18,30,0,0
2018,9,2,19,30,0,0
2018,9,2,20,30,0,0
2018,9,2,21,30,0,0
2018,9,2,22,30,0,0
2018,9,2,23,30,0,0
2018,9,3,0,30,0,0
2018,9,3,1,30,0,0
2018,9,3,2,30,0,0
2018,9,3,3,30,1,7
2018,9,3,4,30,196,168
2018,9,3,5,30,421,382
2018,9,3,6,30,564,586
2018,9,3,7,30,647,751
2018,9,3,8,30,693,863
2018,9,3,9,30,711,910
2018,9,3,10,30,715,889
2018,9,3,11,30,694,801
2018,9,3,12,30,651,655
2018,9,3,13,30,557,462
2018,9,3,14,30,384,247
2018,9,3,15,30,86,52
2018,9,3,16,30,0,0
2018,9,3,17,30,0,0
2018,9,3,18,30,0,0
2018,9,3,19,30,0,0
2018,9,3,20,30,0,0
2018,9,3,21,30,0,0
2018,9,3,22,30,0,0
2018,9,3,23,30,0,0
2018,9,4,0,30,0,0
2018,9,4,1,30,0,0
2018,9,4,2,30,0,0
2018,9,4,3,30,5,10
2018,9,4,4,30,265,174
2018,9,4,5,30,497,390
2018,9,4,6,30,633,594
2018,9,4,7,30,710,761
2018,9,4,8,30,748,873
2018,9,4,9,30,801,928
2018,9,4,10,30,778,901
2018,9,4,11,30,730,805
2018,9,4,12,30,594,638
2018,9,4,13,30,468,446
2018,9,4,14,30,280,233
2018,9,4,15,30,33,43
2018,9,4,16,30,0,0
2018,9,4,17,30,0,0
2018,9,4,18,30,0,0
2018,9,4,19,30,0,0
2018,9,4,20,30,0,0
2018,9,4,21,30,0,0
2018,9,4,22,30,0,0
2018,9,4,23,30,0,0
2018,9,5,0,30,0,0
2018,9,5,1,30,0,0
2018,9,5,2,30,0,0
2018,9,5,3,30,1,6
2018,9,5,4,30,217,166
2018,9,5,5,30,449,380
2018,9,5,6,30,588,582
2018,9,5,7,30,663,747
2018,9,5,8,30,700,856
2018,9,5,9,30,711,901
2018,9,5,10,30,702,877
2018,9,5,11,30,669,784
2018,9,5,12,30,689,651
2018,9,5,13,30,577,454
2018,9,5,14,30,382,237
2018,9,5,15,30,72,46
2018,9,5,16,30,0,0
2018,9,5,17,30,0,0
2018,9,5,18,30,0,0
2018,9,5,19,30,0,0
2018,9,5,20,30,0,0
2018,9,5,21,30,0,0
2018,9,5,22,30,0,0
2018,9,5,23,30,0,0
2018,9,6,0,30,0,0
2018,9,6,1,30,0,0
2018,9,6,2,30,0,0
2018,9,6,3,30,22,13
2018,9,6,4,30,393,183
2018,9,6,5,30,624,403
2018,9,6,6,30,745,612
2018,9,6,7,30,809,781
2018,9,6,8,30,839,892
2018,9,6,9,30,859,940
2018,9,6,10,30,838,913
2018,9,6,11,30,795,817
2018,9,6,12,30,701,657
2018,9,6,13,30,583,457
2018,9,6,14,30,401,240
2018,9,6,15,30,88,47
2018,9,6,16,30,0,0
2018,9,6,17,30,0,0
2018,9,6,18,30,0,0
2018,9,6,19,30,0,0
2018,9,6,20,30,0,0
2018,9,6,21,30,0,0
2018,9,6,22,30,0,0
2018,9,6,23,30,0,0
2018,9,7,0,30,0,0
2018,9,7,1,30,0,0
2018,9,7,2,30,0,0
2018,9,7,3,30,7,11
2018,9,7,4,30,345,179
2018,9,7,5,30,584,399
2018,9,7,6,30,165,394
2018,9,7,7,30,819,783
2018,9,7,8,30,861,897
2018,9,7,9,30,293,702
2018,9,7,10,30,876,920
2018,9,7,11,30,842,824
2018,9,7,12,30,800,674
2018,9,7,13,30,707,474
2018,9,7,14,30,538,252
2018,9,7,15,30,172,50
2018,9,7,16,30,0,0
2018,9,7,17,30,0,0
2018,9,7,18,30,0,0
2018,9,7,19,30,0,0
2018,9,7,20,30,0,0
2018,9,7,21,30,0,0
2018,9,7,22,30,0,0
2018,9,7,23,30,0,0
2018,9,8,0,30,0,0
2018,9,8,1,30,0,0
2018,9,8,2,30,0,0
2018,9,8,3,30,43,13
2018,9,8,4,30,514,188
2018,9,8,5,30,173,266
2018,9,8,6,30,837,623
2018,9,8,7,30,887,789
2018,9,8,8,30,911,898
2018,9,8,9,30,895,939
2018,9,8,10,30,885,912
2018,9,8,11,30,856,818
2018,9,8,12,30,806,666
2018,9,8,13,30,715,467
2018,9,8,14,30,548,246
2018,9,8,15,30,174,47
2018,9,8,16,30,0,0
2018,9,8,17,30,0,0
2018,9,8,18,30,0,0
2018,9,8,19,30,0,0
2018,9,8,20,30,0,0
2018,9,8,21,30,0,0
2018,9,8,22,30,0,0
2018,9,8,23,30,0,0
2018,9,9,0,30,0,0
2018,9,9,1,30,0,0
2018,9,9,2,30,0,0
2018,9,9,3,30,17,11
2018,9,9,4,30,424,180
2018,9,9,5,30,653,402
2018,9,9,6,30,778,612
2018,9,9,7,30,843,779
2018,9,9,8,30,877,890
2018,9,9,9,30,299,701
2018,9,9,10,30,866,907
2018,9,9,11,30,837,812
2018,9,9,12,30,770,655
2018,9,9,13,30,667,456
2018,9,9,14,30,490,237
2018,9,9,15,30,129,42
2018,9,9,16,30,0,0
2018,9,9,17,30,0,0
2018,9,9,18,30,0,0
2018,9,9,19,30,0,0
2018,9,9,20,30,0,0
2018,9,9,21,30,0,0
2018,9,9,22,30,0,0
2018,9,9,23,30,0,0
2018,9,10,0,30,0,0
2018,9,10,1,30,0,0
2018,9,10,2,30,0,0
2018,9,10,3,30,29,11
2018,9,10,4,30,450,181
2018,9,10,5,30,662,402
2018,9,10,6,30,774,610
2018,9,10,7,30,836,777
2018,9,10,8,30,868,888
2018,9,10,9,30,852,926
2018,9,10,10,30,841,899
2018,9,10,11,30,811,804
2018,9,10,12,30,746,648
2018,9,10,13,30,646,450
2018,9,10,14,30,462,231
2018,9,10,15,30,101,38
2018,9,10,16,30,0,0
2018,9,10,17,30,0,0
2018,9,10,18,30,0,0
2018,9,10,19,30,0,0
2018,9,10,20,30,0,0
2018,9,10,21,30,0,0
2018,9,10,22,30,0,0
2018,9,10,23,30,0,0
2018,9,11,0,30,0,0
2018,9,11,1,30,0,0
2018,9,11,2,30,0,0
2018,9,11,3,30,28,10
2018,9,11,4,30,460,183
2018,9,11,5,30,682,408
2018,9,11,6,30,794,617
2018,9,11,7,30,853,786
2018,9,11,8,30,880,895
2018,9,11,9,30,888,938
2018,9,11,10,30,878,912
2018,9,11,11,30,846,813
2018,9,11,12,30,759,651
2018,9,11,13,30,648,448
2018,9,11,14,30,453,226
2018,9,11,15,30,82,34
2018,9,11,16,30,0,0
2018,9,11,17,30,0,0
2018,9,11,18,30,0,0
2018,9,11,19,30,0,0
2018,9,11,20,30,0,0
2018,9,11,21,30,0,0
2018,9,11,22,30,0,0
2018,9,11,23,30,0,0
2018,9,12,0,30,0,0
2018,9,12,1,30,0,0
2018,9,12,2,30,0,0
2018,9,12,3,30,6,7
2018,9,12,4,30,343,168
2018,9,12,5,30,567,385
2018,9,12,6,30,684,588
2018,9,12,7,30,744,752
2018,9,12,8,30,765,857
2018,9,12,9,30,782,901
2018,9,12,10,30,765,869
2018,9,12,11,30,711,769
2018,9,12,12,30,585,606
2018,9,12,13,30,442,409
2018,9,12,14,30,224,196
2018,9,12,15,30,9,19
2018,9,12,16,30,0,0
2018,9,12,17,30,0,0
2018,9,12,18,30,0,0
2018,9,12,19,30,0,0
2018,9,12,20,30,0,0
2018,9,12,21,30,0,0
2018,9,12,22,30,0,0
2018,9,12,23,30,0,0
2018,9,13,0,30,0,0
2018,9,13,1,30,0,0
2018,9,13,2,30,0,0
2018,9,13,3,30,0,0
2018,9,13,4,30,150,145
2018,9,13,5,30,331,349
2018,9,13,6,30,355,473
2018,9,13,7,30,330,591
2018,9,13,8,30,457,729
2018,9,13,9,30,578,848
2018,9,13,10,30,538,816
2018,9,13,11,30,482,721
2018,9,13,12,30,230,448
2018,9,13,13,30,338,390
2018,9,13,14,30,173,186
2018,9,13,15,30,4,14
2018,9,13,16,30,0,0
2018,9,13,17,30,0,0
2018,9,13,18,30,0,0
2018,9,13,19,30,0,0
2018,9,13,20,30,0,0
2018,9,13,21,30,0,0
2018,9,13,22,30,0,0
2018,9,13,23,30,0,0
2018,9,14,0,30,0,0
2018,9,14,1,30,0,0
2018,9,14,2,30,0,0
2018,9,14,3,30,0,0
2018,9,14,4,30,235,155
2018,9,14,5,30,490,371
2018,9,14,6,30,644,578
2018,9,14,7,30,735,748
2018,9,14,8,30,785,860
2018,9,14,9,30,819,909
2018,9,14,10,30,810,881
2018,9,14,11,30,784,787
2018,9,14,12,30,773,640
2018,9,14,13,30,681,440
2018,9,14,14,30,494,219
2018,9,14,15,30,82,28
2018,9,14,16,30,0,0
2018,9,14,17,30,0,0
2018,9,14,18,30,0,0
2018,9,14,19,30,0,0
2018,9,14,20,30,0,0
2018,9,14,21,30,0,0
2018,9,14,22,30,0,0
2018,9,14,23,30,0,0
2018,9,15,0,30,0,0
2018,9,15,1,30,0,0
2018,9,15,2,30,0,0
2018,9,15,3,30,0,0
2018,9,15,4,30,454,174
2018,9,15,5,30,678,397
2018,9,15,6,30,792,607
2018,9,15,7,30,850,773
2018,9,15,8,30,881,883
2018,9,15,9,30,831,909
2018,9,15,10,30,825,882
2018,9,15,11,30,797,784
2018,9,15,12,30,798,638
2018,9,15,13,30,693,434
2018,9,15,14,30,485,212
2018,9,15,15,30,62,24
2018,9,15,16,30,0,0
2018,9,15,17,30,0,0
2018,9,15,18,30,0,0
2018,9,15,19,30,0,0
2018,9,15,20,30,0,0
2018,9,15,21,30,0,0
2018,9,15,22,30,0,0
2018,9,15,23,30,0,0
2018,9,16,0,30,0,0
2018,9,16,1,30,0,0
2018,9,16,2,30,0,0
2018,9,16,3,30,0,0
2018,9,16,4,30,282,157
2018,9,16,5,30,530,370
2018,9,16,6,30,675,578
2018,9,16,7,30,761,747
2018,9,16,8,30,807,858
2018,9,16,9,30,860,911
2018,9,16,10,30,862,885
2018,9,16,11,30,836,788
2018,9,16,12,30,787,633
2018,9,16,13,30,689,431
2018,9,16,14,30,484,208
2018,9,16,15,30,56,22
2018,9,16,16,30,0,0
2018,9,16,17,30,0,0
2018,9,16,18,30,0,0
2018,9,16,19,30,0,0
2018,9,16,20,30,0,0
2018,9,16,21,30,0,0
2018,9,16,22,30,0,0
2018,9,16,23,30,0,0
2018,9,17,0,30,0,0
2018,9,17,1,30,0,0
2018,9,17,2,30,0,0
2018,9,17,3,30,0,0
2018,9,17,4,30,289,158
2018,9,17,5,30,546,375
2018,9,17,6,30,701,585
2018,9,17,7,30,792,755
2018,9,17,8,30,833,865
2018,9,17,9,30,850,908
2018,9,17,10,30,850,880
2018,9,17,11,30,824,784
2018,9,17,12,30,758,624
2018,9,17,13,30,642,421
2018,9,17,14,30,422,199
2018,9,17,15,30,30,18
2018,9,17,16,30,0,0
2018,9,17,17,30,0,0
2018,9,17,18,30,0,0
2018,9,17,19,30,0,0
2018,9,17,20,30,0,0
2018,9,17,21,30,0,0
2018,9,17,22,30,0,0
2018,9,17,23,30,0,0
2018,9,18,0,30,0,0
2018,9,18,1,30,0,0
2018,9,18,2,30,0,0
2018,9,18,3,30,0,0
2018,9,18,4,30,319,158
2018,9,18,5,30,573,377
2018,9,18,6,30,713,585
2018,9,18,7,30,789,753
2018,9,18,8,30,832,864
2018,9,18,9,30,881,914
2018,9,18,10,30,873,884
2018,9,18,11,30,839,784
2018,9,18,12,30,771,623
2018,9,18,13,30,668,421
2018,9,18,14,30,465,200
2018,9,18,15,30,44,18
2018,9,18,16,30,0,0
2018,9,18,17,30,0,0
2018,9,18,18,30,0,0
2018,9,18,19,30,0,0
2018,9,18,20,30,0,0
2018,9,18,21,30,0,0
2018,9,18,22,30,0,0
2018,9,18,23,30,0,0
2018,9,19,0,30,0,0
2018,9,19,1,30,0,0
2018,9,19,2,30,0,0
2018,9,19,3,30,0,0
2018,9,19,4,30,353,159
2018,9,19,5,30,609,378
2018,9,19,6,30,741,586
2018,9,19,7,30,809,753
2018,9,19,8,30,846,864
2018,9,19,9,30,880,910
2018,9,19,10,30,867,879
2018,9,19,11,30,829,778
2018,9,19,12,30,787,622
2018,9,19,13,30,670,417
2018,9,19,14,30,450,194
2018,9,19,15,30,32,16
2018,9,19,16,30,0,0
2018,9,19,17,30,0,0
2018,9,19,18,30,0,0
2018,9,19,19,30,0,0
2018,9,19,20,30,0,0
2018,9,19,21,30,0,0
2018,9,19,22,30,0,0
2018,9,19,23,30,0,0
2018,9,20,0,30,0,0
2018,9,20,1,30,0,0
2018,9,20,2,30,0,0
2018,9,20,3,30,0,0
2018,9,20,4,30,377,160
2018,9,20,5,30,623,379
2018,9,20,6,30,753,588
2018,9,20,7,30,819,755
2018,9,20,8,30,851,863
2018,9,20,9,30,893,909
2018,9,20,10,30,879,877
2018,9,20,11,30,842,776
2018,9,20,12,30,778,616
2018,9,20,13,30,642,408
2018,9,20,14,30,389,184
2018,9,20,15,30,7,11
2018,9,20,16,30,0,0
2018,9,20,17,30,0,0
2018,9,20,18,30,0,0
2018,9,20,19,30,0,0
2018,9,20,20,30,0,0
2018,9,20,21,30,0,0
2018,9,20,22,30,0,0
2018,9,20,23,30,0,0
2018,9,21,0,30,0,0
2018,9,21,1,30,0,0
2018,9,21,2,30,0,0
2018,9,21,3,30,0,0
2018,9,21,4,30,298,152
2018,9,21,5,30,567,370
2018,9,21,6,30,706,577
2018,9,21,7,30,777,743
2018,9,21,8,30,812,851
2018,9,21,9,30,831,892
2018,9,21,10,30,821,861
2018,9,21,11,30,784,760
2018,9,21,12,30,763,609
2018,9,21,13,30,649,405
2018,9,21,14,30,408,182
2018,9,21,15,30,9,10
2018,9,21,16,30,0,0
2018,9,21,17,30,0,0
2018,9,21,18,30,0,0
2018,9,21,19,30,0,0
2018,9,21,20,30,0,0
2018,9,21,21,30,0,0
2018,9,21,22,30,0,0
2018,9,21,23,30,0,0
2018,9,22,0,30,0,0
2018,9,22,1,30,0,0
2018,9,22,2,30,0,0
2018,9,22,3,30,0,0
2018,9,22,4,30,251,147
2018,9,22,5,30,518,363
2018,9,22,6,30,674,570
2018,9,22,7,30,756,734
2018,9,22,8,30,800,842
2018,9,22,9,30,869,893
2018,9,22,10,30,861,860
2018,9,22,11,30,828,761
2018,9,22,12,30,771,601
2018,9,22,13,30,645,397
2018,9,22,14,30,397,176
2018,9,22,15,30,5,8
2018,9,22,16,30,0,0
2018,9,22,17,30,0,0
2018,9,22,18,30,0,0
2018,9,22,19,30,0,0
2018,9,22,20,30,0,0
2018,9,22,21,30,0,0
2018,9,22,22,30,0,0
2018,9,22,23,30,0,0
2018,9,23,0,30,0,0
2018,9,23,1,30,0,0
2018,9,23,2,30,0,0
2018,9,23,3,30,0,0
2018,9,23,4,30,211,140
2018,9,23,5,30,454,350
2018,9,23,6,30,598,550
2018,9,23,7,30,677,714
2018,9,23,8,30,713,818
2018,9,23,9,30,741,860
2018,9,23,10,30,741,831
2018,9,23,11,30,718,734
2018,9,23,12,30,646,575
2018,9,23,13,30,543,379
2018,9,23,14,30,317,165
2018,9,23,15,30,0,0
2018,9,23,16,30,0,0
2018,9,23,17,30,0,0
2018,9,23,18,30,0,0
2018,9,23,19,30,0,0
2018,9,23,20,30,0,0
2018,9,23,21,30,0,0
2018,9,23,22,30,0,0
2018,9,23,23,30,0,0
2018,9,24,0,30,0,0
2018,9,24,1,30,0,0
2018,9,24,2,30,0,0
2018,9,24,3,30,0,0
2018,9,24,4,30,262,143
2018,9,24,5,30,522,357
2018,9,24,6,30,666,562
2018,9,24,7,30,743,726
2018,9,24,8,30,786,835
2018,9,24,9,30,869,889
2018,9,24,10,30,863,857
2018,9,24,11,30,833,756
2018,9,24,12,30,771,596
2018,9,24,13,30,651,391
2018,9,24,14,30,409,170
2018,9,24,15,30,0,0
2018,9,24,16,30,0,0
2018,9,24,17,30,0,0
2018,9,24,18,30,0,0
2018,9,24,19,30,0,0
2018,9,24,20,30,0,0
2018,9,24,21,30,0,0
2018,9,24,22,30,0,0
2018,9,24,23,30,0,0
2018,9,25,0,30,0,0
2018,9,25,1,30,0,0
2018,9,25,2,30,0,0
2018,9,25,3,30,0,0
2018,9,25,4,30,211,139
2018,9,25,5,30,473,353
2018,9,25,6,30,633,560
2018,9,25,7,30,728,727
2018,9,25,8,30,783,837
2018,9,25,9,30,849,887
2018,9,25,10,30,852,857
2018,9,25,11,30,826,756
2018,9,25,12,30,783,598
2018,9,25,13,30,658,391
2018,9,25,14,30,411,168
2018,9,25,15,30,0,0
2018,9,25,16,30,0,0
2018,9,25,17,30,0,0
2018,9,25,18,30,0,0
2018,9,25,19,30,0,0
2018,9,25,20,30,0,0
2018,9,25,21,30,0,0
2018,9,25,22,30,0,0
2018,9,25,23,30,0,0
2018,9,26,0,30,0,0
2018,9,26,1,30,0,0
2018,9,26,2,30,0,0
2018,9,26,3,30,0,0
2018,9,26,4,30,236,139
2018,9,26,5,30,510,355
2018,9,26,6,30,687,564
2018,9,26,7,30,783,733
2018,9,26,8,30,832,840
2018,9,26,9,30,848,879
2018,9,26,10,30,842,847
2018,9,26,11,30,805,744
2018,9,26,12,30,741,583
2018,9,26,13,30,605,377
2018,9,26,14,30,346,157
2018,9,26,15,30,0,0
2018,9,26,16,30,0,0
2018,9,26,17,30,0,0
2018,9,26,18,30,0,0
2018,9,26,19,30,0,0
2018,9,26,20,30,0,0
2018,9,26,21,30,0,0
2018,9,26,22,30,0,0
2018,9,26,23,30,0,0
2018,9,27,0,30,0,0
2018,9,27,1,30,0,0
2018,9,27,2,30,0,0
2018,9,27,3,30,0,0
2018,9,27,4,30,306,142
2018,9,27,5,30,576,358
2018,9,27,6,30,726,566
2018,9,27,7,30,808,731
2018,9,27,8,30,856,841
2018,9,27,9,30,850,875
2018,9,27,10,30,846,844
2018,9,27,11,30,810,740
2018,9,27,12,30,719,574
2018,9,27,13,30,578,368
2018,9,27,14,30,305,149
2018,9,27,15,30,0,0
2018,9,27,16,30,0,0
2018,9,27,17,30,0,0
2018,9,27,18,30,0,0
2018,9,27,19,30,0,0
2018,9,27,20,30,0,0
2018,9,27,21,30,0,0
2018,9,27,22,30,0,0
2018,9,27,23,30,0,0
2018,9,28,0,30,0,0
2018,9,28,1,30,0,0
2018,9,28,2,30,0,0
2018,9,28,3,30,0,0
2018,9,28,4,30,224,131
2018,9,28,5,30,478,341
2018,9,28,6,30,621,542
2018,9,28,7,30,703,705
2018,9,28,8,30,747,808
2018,9,28,9,30,797,854
2018,9,28,10,30,771,819
2018,9,28,11,30,722,715
2018,9,28,12,30,624,551
2018,9,28,13,30,488,351
2018,9,28,14,30,248,140
2018,9,28,15,30,0,0
2018,9,28,16,30,0,0
2018,9,28,17,30,0,0
2018,9,28,18,30,0,0
2018,9,28,19,30,0,0
2018,9,28,20,30,0,0
2018,9,28,21,30,0,0
2018,9,28,22,30,0,0
2018,9,28,23,30,0,0
2018,9,29,0,30,0,0
2018,9,29,1,30,0,0
2018,9,29,2,30,0,0
2018,9,29,3,30,0,0
2018,9,29,4,30,201,128
2018,9,29,5,30,442,334
2018,9,29,6,30,585,533
2018,9,29,7,30,665,692
2018,9,29,8,30,702,794
2018,9,29,9,30,729,832
2018,9,29,10,30,700,797
2018,9,29,11,30,643,692
2018,9,29,12,30,105,323
2018,9,29,13,30,93,207
2018,9,29,14,30,54,85
2018,9,29,15,30,0,0
2018,9,29,16,30,0,0
2018,9,29,17,30,0,0
2018,9,29,18,30,0,0
2018,9,29,19,30,0,0
2018,9,29,20,30,0,0
2018,9,29,21,30,0,0
2018,9,29,22,30,0,0
2018,9,29,23,30,0,0
2018,9,30,0,30,0,0
2018,9,30,1,30,0,0
2018,9,30,2,30,0,0
2018,9,30,3,30,0,0
2018,9,30,4,30,98,113
2018,9,30,5,30,0,75
2018,9,30,6,30,477,475
2018,9,30,7,30,598,677
2018,9,30,8,30,94,457
2018,9,30,9,30,225,595
2018,9,30,10,30,331,632
2018,9,30,11,30,553,667
2018,9,30,12,30,87,306
2018,9,30,13,30,0,18
2018,9,30,14,30,0,28
2018,9,30,15,30,0,0
2018,9,30,16,30,0,0
2018,9,30,17,30,0,0
2018,9,30,18,30,0,0
2018,9,30,19,30,0,0
2018,9,30,20,30,0,0
2018,9,30,21,30,0,0
2018,9,30,22,30,0,0
2018,9,30,23,30,0,0
2018,10,1,0,30,0,0
2018,10,1,1,30,0,0
2018,10,1,2,30,0,0
2018,10,1,3,30,0,0
2018,10,1,4,30,0,21
2018,10,1,5,30,0,18
2018,10,1,6,30,270,403
2018,10,1,7,30,335,550
2018,10,1,8,30,90,450
2018,10,1,9,30,507,732
2018,10,1,10,30,274,598
2018,10,1,11,30,388,574
2018,10,1,12,30,36,250
2018,10,1,13,30,0,117
2018,10,1,14,30,0,36
2018,10,1,15,30,0,0
2018,10,1,16,30,0,0
2018,10,1,17,30,0,0
2018,10,1,18,30,0,0
2018,10,1,19,30,0,0
2018,10,1,20,30,0,0
2018,10,1,21,30,0,0
2018,10,1,22,30,0,0
2018,10,1,23,30,0,0
2018,10,2,0,30,0,0
2018,10,2,1,30,0,0
2018,10,2,2,30,0,0
2018,10,2,3,30,0,0
2018,10,2,4,30,68,82
2018,10,2,5,30,322,307
2018,10,2,6,30,468,499
2018,10,2,7,30,554,654
2018,10,2,8,30,602,755
2018,10,2,9,30,663,799
2018,10,2,10,30,641,763
2018,10,2,11,30,595,662
2018,10,2,12,30,542,510
2018,10,2,13,30,389,315
2018,10,2,14,30,99,88
2018,10,2,15,30,0,0
2018,10,2,16,30,0,0
2018,10,2,17,30,0,0
2018,10,2,18,30,0,0
2018,10,2,19,30,0,0
2018,10,2,20,30,0,0
2018,10,2,21,30,0,0
2018,10,2,22,30,0,0
2018,10,2,23,30,0,0
2018,10,3,0,30,0,0
2018,10,3,1,30,0,0
2018,10,3,2,30,0,0
2018,10,3,3,30,0,0
2018,10,3,4,30,141,112
2018,10,3,5,30,371,310
2018,10,3,6,30,505,502
2018,10,3,7,30,573,654
2018,10,3,8,30,605,755
2018,10,3,9,30,648,794
2018,10,3,10,30,624,758
2018,10,3,11,30,573,657
2018,10,3,12,30,489,501
2018,10,3,13,30,345,308
2018,10,3,14,30,110,87
2018,10,3,15,30,0,0
2018,10,3,16,30,0,0
2018,10,3,17,30,0,0
2018,10,3,18,30,0,0
2018,10,3,19,30,0,0
2018,10,3,20,30,0,0
2018,10,3,21,30,0,0
2018,10,3,22,30,0,0
2018,10,3,23,30,0,0
2018,10,4,0,30,0,0
2018,10,4,1,30,0,0
2018,10,4,2,30,0,0
2018,10,4,3,30,0,0
2018,10,4,4,30,151,112
2018,10,4,5,30,389,312
2018,10,4,6,30,536,505
2018,10,4,7,30,623,663
2018,10,4,8,30,668,763
2018,10,4,9,30,675,796
2018,10,4,10,30,661,760
2018,10,4,11,30,612,658
2018,10,4,12,30,556,504
2018,10,4,13,30,411,309
2018,10,4,14,30,161,109
2018,10,4,15,30,0,0
2018,10,4,16,30,0,0
2018,10,4,17,30,0,0
2018,10,4,18,30,0,0
2018,10,4,19,30,0,0
2018,10,4,20,30,0,0
2018,10,4,21,30,0,0
2018,10,4,22,30,0,0
2018,10,4,23,30,0,0
2018,10,5,0,30,0,0
2018,10,5,1,30,0,0
2018,10,5,2,30,0,0
2018,10,5,3,30,0,0
2018,10,5,4,30,0,53
2018,10,5,5,30,68,182
2018,10,5,6,30,396,438
2018,10,5,7,30,424,575
2018,10,5,8,30,438,657
2018,10,5,9,30,377,665
2018,10,5,10,30,798,786
2018,10,5,11,30,758,682
2018,10,5,12,30,684,521
2018,10,5,13,30,99,193
2018,10,5,14,30,124,85
2018,10,5,15,30,0,0
2018,10,5,16,30,0,0
2018,10,5,17,30,0,0
2018,10,5,18,30,0,0
2018,10,5,19,30,0,0
2018,10,5,20,30,0,0
2018,10,5,21,30,0,0
2018,10,5,22,30,0,0
2018,10,5,23,30,0,0
2018,10,6,0,30,0,0
2018,10,6,1,30,0,0
2018,10,6,2,30,0,0
2018,10,6,3,30,0,0
2018,10,6,4,30,176,112
2018,10,6,5,30,163,220
2018,10,6,6,30,571,507
2018,10,6,7,30,673,667
2018,10,6,8,30,321,607
2018,10,6,9,30,360,653
2018,10,6,10,30,417,645
2018,10,6,11,30,711,669
2018,10,6,12,30,264,384
2018,10,6,13,30,0,108
2018,10,6,14,30,167,88
2018,10,6,15,30,0,0
2018,10,6,16,30,0,0
2018,10,6,17,30,0,0
2018,10,6,18,30,0,0
2018,10,6,19,30,0,0
2018,10,6,20,30,0,0
2018,10,6,21,30,0,0
2018,10,6,22,30,0,0
2018,10,6,23,30,0,0
2018,10,7,0,30,0,0
2018,10,7,1,30,0,0
2018,10,7,2,30,0,0
2018,10,7,3,30,0,0
2018,10,7,4,30,0,57
2018,10,7,5,30,130,207
2018,10,7,6,30,332,412
2018,10,7,7,30,715,666
2018,10,7,8,30,754,765
2018,10,7,9,30,735,791
2018,10,7,10,30,340,611
2018,10,7,11,30,331,526
2018,10,7,12,30,12,196
2018,10,7,13,30,22,144
2018,10,7,14,30,67,71
2018,10,7,15,30,0,0
2018,10,7,16,30,0,0
2018,10,7,17,30,0,0
2018,10,7,18,30,0,0
2018,10,7,19,30,0,0
2018,10,7,20,30,0,0
2018,10,7,21,30,0,0
2018,10,7,22,30,0,0
2018,10,7,23,30,0,0
2018,10,8,0,30,0,0
2018,10,8,1,30,0,0
2018,10,8,2,30,0,0
2018,10,8,3,30,0,0
2018,10,8,4,30,144,105
2018,10,8,5,30,397,305
2018,10,8,6,30,557,500
2018,10,8,7,30,668,661
2018,10,8,8,30,739,765
2018,10,8,9,30,673,783
2018,10,8,10,30,276,574
2018,10,8,11,30,334,524
2018,10,8,12,30,591,492
2018,10,8,13,30,440,296
2018,10,8,14,30,173,97
2018,10,8,15,30,0,0
2018,10,8,16,30,0,0
2018,10,8,17,30,0,0
2018,10,8,18,30,0,0
2018,10,8,19,30,0,0
2018,10,8,20,30,0,0
2018,10,8,21,30,0,0
2018,10,8,22,30,0,0
2018,10,8,23,30,0,0
2018,10,9,0,30,0,0
2018,10,9,1,30,0,0
2018,10,9,2,30,0,0
2018,10,9,3,30,0,0
2018,10,9,4,30,250,113
2018,10,9,5,30,516,316
2018,10,9,6,30,658,513
2018,10,9,7,30,301,512
2018,10,9,8,30,764,766
2018,10,9,9,30,427,667
2018,10,9,10,30,744,756
2018,10,9,11,30,477,569
2018,10,9,12,30,358,406
2018,10,9,13,30,14,134
2018,10,9,14,30,44,62
2018,10,9,15,30,0,0
2018,10,9,16,30,0,0
2018,10,9,17,30,0,0
2018,10,9,18,30,0,0
2018,10,9,19,30,0,0
2018,10,9,20,30,0,0
2018,10,9,21,30,0,0
2018,10,9,22,30,0,0
2018,10,9,23,30,0,0
2018,10,10,0,30,0,0
2018,10,10,1,30,0,0
2018,10,10,2,30,0,0
2018,10,10,3,30,0,0
2018,10,10,4,30,284,113
2018,10,10,5,30,563,319
2018,10,10,6,30,703,517
2018,10,10,7,30,780,675
2018,10,10,8,30,821,774
2018,10,10,9,30,845,812
2018,10,10,10,30,833,774
2018,10,10,11,30,797,671
2018,10,10,12,30,722,508
2018,10,10,13,30,206,215
2018,10,10,14,30,281,100
2018,10,10,15,30,0,0
2018,10,10,16,30,0,0
2018,10,10,17,30,0,0
2018,10,10,18,30,0,0
2018,10,10,19,30,0,0
2018,10,10,20,30,0,0
2018,10,10,21,30,0,0
2018,10,10,22,30,0,0
2018,10,10,23,30,0,0
2018,10,11,0,30,0,0
2018,10,11,1,30,0,0
2018,10,11,2,30,0,0
2018,10,11,3,30,0,0
2018,10,11,4,30,291,112
2018,10,11,5,30,556,316
2018,10,11,6,30,686,512
2018,10,11,7,30,758,669
2018,10,11,8,30,792,766
2018,10,11,9,30,832,804
2018,10,11,10,30,821,766
2018,10,11,11,30,787,662
2018,10,11,12,30,680,496
2018,10,11,13,30,548,298
2018,10,11,14,30,261,95
2018,10,11,15,30,0,0
2018,10,11,16,30,0,0
2018,10,11,17,30,0,0
2018,10,11,18,30,0,0
2018,10,11,19,30,0,0
2018,10,11,20,30,0,0
2018,10,11,21,30,0,0
2018,10,11,22,30,0,0
2018,10,11,23,30,0,0
2018,10,12,0,30,0,0
2018,10,12,1,30,0,0
2018,10,12,2,30,0,0
2018,10,12,3,30,0,0
2018,10,12,4,30,298,110
2018,10,12,5,30,564,314
2018,10,12,6,30,692,509
2018,10,12,7,30,760,664
2018,10,12,8,30,353,603
2018,10,12,9,30,799,793
2018,10,12,10,30,785,754
2018,10,12,11,30,746,651
2018,10,12,12,30,122,297
2018,10,12,13,30,497,289
2018,10,12,14,30,204,88
2018,10,12,15,30,0,0
2018,10,12,16,30,0,0
2018,10,12,17,30,0,0
2018,10,12,18,30,0,0
2018,10,12,19,30,0,0
2018,10,12,20,30,0,0
2018,10,12,21,30,0,0
2018,10,12,22,30,0,0
2018,10,12,23,30,0,0
2018,10,13,0,30,0,0
2018,10,13,1,30,0,0
2018,10,13,2,30,0,0
2018,10,13,3,30,0,0
2018,10,13,4,30,274,107
2018,10,13,5,30,560,313
2018,10,13,6,30,712,512
2018,10,13,7,30,790,670
2018,10,13,8,30,827,769
2018,10,13,9,30,836,801
2018,10,13,10,30,817,762
2018,10,13,11,30,774,655
2018,10,13,12,30,688,492
2018,10,13,13,30,536,290
2018,10,13,14,30,230,87
2018,10,13,15,30,0,0
2018,10,13,16,30,0,0
2018,10,13,17,30,0,0
2018,10,13,18,30,0,0
2018,10,13,19,30,0,0
2018,10,13,20,30,0,0
2018,10,13,21,30,0,0
2018,10,13,22,30,0,0
2018,10,13,23,30,0,0
2018,10,14,0,30,0,0
2018,10,14,1,30,0,0
2018,10,14,2,30,0,0
2018,10,14,3,30,0,0
2018,10,14,4,30,235,103
2018,10,14,5,30,507,304
2018,10,14,6,30,654,500
2018,10,14,7,30,735,657
2018,10,14,8,30,772,754
2018,10,14,9,30,802,789
2018,10,14,10,30,786,748
2018,10,14,11,30,742,643
2018,10,14,12,30,638,477
2018,10,14,13,30,477,278
2018,10,14,14,30,175,80
2018,10,14,15,30,0,0
2018,10,14,16,30,0,0
2018,10,14,17,30,0,0
2018,10,14,18,30,0,0
2018,10,14,19,30,0,0
2018,10,14,20,30,0,0
2018,10,14,21,30,0,0
2018,10,14,22,30,0,0
2018,10,14,23,30,0,0
2018,10,15,0,30,0,0
2018,10,15,1,30,0,0
2018,10,15,2,30,0,0
2018,10,15,3,30,0,0
2018,10,15,4,30,206,98
2018,10,15,5,30,481,298
2018,10,15,6,30,626,491
2018,10,15,7,30,207,447
2018,10,15,8,30,749,744
2018,10,15,9,30,825,787
2018,10,15,10,30,808,746
2018,10,15,11,30,765,640
2018,10,15,12,30,234,340
2018,10,15,13,30,456,272
2018,10,15,14,30,0,28
2018,10,15,15,30,0,0
2018,10,15,16,30,0,0
2018,10,15,17,30,0,0
2018,10,15,18,30,0,0
2018,10,15,19,30,0,0
2018,10,15,20,30,0,0
2018,10,15,21,30,0,0
2018,10,15,22,30,0,0
2018,10,15,23,30,0,0
2018,10,16,0,30,0,0
2018,10,16,1,30,0,0
2018,10,16,2,30,0,0
2018,10,16,3,30,0,0
2018,10,16,4,30,190,96
2018,10,16,5,30,471,293
2018,10,16,6,30,626,488
2018,10,16,7,30,714,643
2018,10,16,8,30,757,740
2018,10,16,9,30,795,776
2018,10,16,10,30,781,737
2018,10,16,11,30,737,630
2018,10,16,12,30,664,469
2018,10,16,13,30,507,272
2018,10,16,14,30,187,74
2018,10,16,15,30,0,0
2018,10,16,16,30,0,0
2018,10,16,17,30,0,0
2018,10,16,18,30,0,0
2018,10,16,19,30,0,0
2018,10,16,20,30,0,0
2018,10,16,21,30,0,0
2018,10,16,22,30,0,0
2018,10,16,23,30,0,0
2018,10,17,0,30,0,0
2018,10,17,1,30,0,0
2018,10,17,2,30,0,0
2018,10,17,3,30,0,0
2018,10,17,4,30,215,94
2018,10,17,5,30,499,292
2018,10,17,6,30,650,485
2018,10,17,7,30,731,639
2018,10,17,8,30,271,546
2018,10,17,9,30,311,589
2018,10,17,10,30,695,712
2018,10,17,11,30,647,608
2018,10,17,12,30,546,448
2018,10,17,13,30,393,256
2018,10,17,14,30,123,68
2018,10,17,15,30,0,0
2018,10,17,16,30,0,0
2018,10,17,17,30,0,0
2018,10,17,18,30,0,0
2018,10,17,19,30,0,0
2018,10,17,20,30,0,0
2018,10,17,21,30,0,0
2018,10,17,22,30,0,0
2018,10,17,23,30,0,0
2018,10,18,0,30,0,0
2018,10,18,1,30,0,0
2018,10,18,2,30,0,0
2018,10,18,3,30,0,0
2018,10,18,4,30,158,88
2018,10,18,5,30,415,279
2018,10,18,6,30,561,467
2018,10,18,7,30,634,616
2018,10,18,8,30,662,707
2018,10,18,9,30,585,720
2018,10,18,10,30,569,681
2018,10,18,11,30,524,580
2018,10,18,12,30,325,412
2018,10,18,13,30,183,227
2018,10,18,14,30,22,45
2018,10,18,15,30,0,0
2018,10,18,16,30,0,0
2018,10,18,17,30,0,0
2018,10,18,18,30,0,0
2018,10,18,19,30,0,0
2018,10,18,20,30,0,0
2018,10,18,21,30,0,0
2018,10,18,22,30,0,0
2018,10,18,23,30,0,0
2018,10,19,0,30,0,0
2018,10,19,1,30,0,0
2018,10,19,2,30,0,0
2018,10,19,3,30,0,0
2018,10,19,4,30,26,60
2018,10,19,5,30,173,247
2018,10,19,6,30,311,431
2018,10,19,7,30,406,579
2018,10,19,8,30,462,672
2018,10,19,9,30,357,604
2018,10,19,10,30,542,675
2018,10,19,11,30,495,572
2018,10,19,12,30,408,419
2018,10,19,13,30,263,234
2018,10,19,14,30,45,52
2018,10,19,15,30,0,0
2018,10,19,16,30,0,0
2018,10,19,17,30,0,0
2018,10,19,18,30,0,0
2018,10,19,19,30,0,0
2018,10,19,20,30,0,0
2018,10,19,21,30,0,0
2018,10,19,22,30,0,0
2018,10,19,23,30,0,0
2018,10,20,0,30,0,0
2018,10,20,1,30,0,0
2018,10,20,2,30,0,0
2018,10,20,3,30,0,0
2018,10,20,4,30,73,74
2018,10,20,5,30,302,262
2018,10,20,6,30,458,446
2018,10,20,7,30,549,595
2018,10,20,8,30,596,689
2018,10,20,9,30,232,535
2018,10,20,10,30,182,476
2018,10,20,11,30,105,354
2018,10,20,12,30,315,351
2018,10,20,13,30,21,122
2018,10,20,14,30,0,27
2018,10,20,15,30,0,0
2018,10,20,16,30,0,0
2018,10,20,17,30,0,0
2018,10,20,18,30,0,0
2018,10,20,19,30,0,0
2018,10,20,20,30,0,0
2018,10,20,21,30,0,0
2018,10,20,22,30,0,0
2018,10,20,23,30,0,0
2018,10,21,0,30,0,0
2018,10,21,1,30,0,0
2018,10,21,2,30,0,0
2018,10,21,3,30,0,0
2018,10,21,4,30,160,83
2018,10,21,5,30,457,278
2018,10,21,6,30,619,468
2018,10,21,7,30,704,621
2018,10,21,8,30,746,717
2018,10,21,9,30,702,737
2018,10,21,10,30,687,697
2018,10,21,11,30,634,591
2018,10,21,12,30,457,418
2018,10,21,13,30,265,226
2018,10,21,14,30,26,44
2018,10,21,15,30,0,0
2018,10,21,16,30,0,0
2018,10,21,17,30,0,0
2018,10,21,18,30,0,0
2018,10,21,19,30,0,0
2018,10,21,20,30,0,0
2018,10,21,21,30,0,0
2018,10,21,22,30,0,0
2018,10,21,23,30,0,0
2018,10,22,0,30,0,0
2018,10,22,1,30,0,0
2018,10,22,2,30,0,0
2018,10,22,3,30,0,0
2018,10,22,4,30,39,64
2018,10,22,5,30,255,249
2018,10,22,6,30,412,433
2018,10,22,7,30,506,581
2018,10,22,8,30,553,675
2018,10,22,9,30,639,716
2018,10,22,10,30,634,679
2018,10,22,11,30,443,511
2018,10,22,12,30,360,398
2018,10,22,13,30,194,212
2018,10,22,14,30,12,36
2018,10,22,15,30,0,0
2018,10,22,16,30,0,0
2018,10,22,17,30,0,0
2018,10,22,18,30,0,0
2018,10,22,19,30,0,0
2018,10,22,20,30,0,0
2018,10,22,21,30,0,0
2018,10,22,22,30,0,0
2018,10,22,23,30,0,0
2018,10,23,0,30,0,0
2018,10,23,1,30,0,0
2018,10,23,2,30,0,0
2018,10,23,3,30,0,0
2018,10,23,4,30,20,49
2018,10,23,5,30,262,246
2018,10,23,6,30,420,429
2018,10,23,7,30,393,506
2018,10,23,8,30,526,662
2018,10,23,9,30,520,687
2018,10,23,10,30,282,523
2018,10,23,11,30,364,478
2018,10,23,12,30,106,258
2018,10,23,13,30,0,50
2018,10,23,14,30,0,15
2018,10,23,15,30,0,0
2018,10,23,16,30,0,0
2018,10,23,17,30,0,0
2018,10,23,18,30,0,0
2018,10,23,19,30,0,0
2018,10,23,20,30,0,0
2018,10,23,21,30,0,0
2018,10,23,22,30,0,0
2018,10,23,23,30,0,0
2018,10,24,0,30,0,0
2018,10,24,1,30,0,0
2018,10,24,2,30,0,0
2018,10,24,3,30,0,0
2018,10,24,4,30,0,36
2018,10,24,5,30,249,240
2018,10,24,6,30,394,420
2018,10,24,7,30,488,566
2018,10,24,8,30,544,661
2018,10,24,9,30,548,687
2018,10,24,10,30,536,650
2018,10,24,11,30,470,546
2018,10,24,12,30,362,352
2018,10,24,13,30,0,53
2018,10,24,14,30,0,12
2018,10,24,15,30,0,0
2018,10,24,16,30,0,0
2018,10,24,17,30,0,0
2018,10,24,18,30,0,0
2018,10,24,19,30,0,0
2018,10,24,20,30,0,0
2018,10,24,21,30,0,0
2018,10,24,22,30,0,0
2018,10,24,23,30,0,0
2018,10,25,0,30,0,0
2018,10,25,1,30,0,0
2018,10,25,2,30,0,0
2018,10,25,3,30,0,0
2018,10,25,4,30,39,59
2018,10,25,5,30,140,178
2018,10,25,6,30,289,350
2018,10,25,7,30,475,560
2018,10,25,8,30,171,461
2018,10,25,9,30,195,496
2018,10,25,10,30,416,622
2018,10,25,11,30,358,522
2018,10,25,12,30,172,285
2018,10,25,13,30,0,36
2018,10,25,14,30,1,16
2018,10,25,15,30,0,0
2018,10,25,16,30,0,0
2018,10,25,17,30,0,0
2018,10,25,18,30,0,0
2018,10,25,19,30,0,0
2018,10,25,20,30,0,0
2018,10,25,21,30,0,0
2018,10,25,22,30,0,0
2018,10,25,23,30,0,0
2018,10,26,0,30,0,0
2018,10,26,1,30,0,0
2018,10,26,2,30,0,0
2018,10,26,3,30,0,0
2018,10,26,4,30,130,74
2018,10,26,5,30,101,163
2018,10,26,6,30,662,470
2018,10,26,7,30,193,409
2018,10,26,8,30,302,531
2018,10,26,9,30,856,761
2018,10,26,10,30,842,719
2018,10,26,11,30,162,376
2018,10,26,12,30,0,91
2018,10,26,13,30,9,105
2018,10,26,14,30,207,53
2018,10,26,15,30,0,0
2018,10,26,16,30,0,0
2018,10,26,17,30,0,0
2018,10,26,18,30,0,0
2018,10,26,19,30,0,0
2018,10,26,20,30,0,0
2018,10,26,21,30,0,0
2018,10,26,22,30,0,0
2018,10,26,23,30,0,0
2018,10,27,0,30,0,0
2018,10,27,1,30,0,0
2018,10,27,2,30,0,0
2018,10,27,3,30,0,0
2018,10,27,4,30,384,86
2018,10,27,5,30,692,292
2018,10,27,6,30,820,489
2018,10,27,7,30,887,644
2018,10,27,8,30,921,741
2018,10,27,9,30,930,770
2018,10,27,10,30,921,729
2018,10,27,11,30,889,621
2018,10,27,12,30,781,451
2018,10,27,13,30,631,250
2018,10,27,14,30,265,52
2018,10,27,15,30,0,0
2018,10,27,16,30,0,0
2018,10,27,17,30,0,0
2018,10,27,18,30,0,0
2018,10,27,19,30,0,0
2018,10,27,20,30,0,0
2018,10,27,21,30,0,0
2018,10,27,22,30,0,0
2018,10,27,23,30,0,0
2018,10,28,0,30,0,0
2018,10,28,1,30,0,0
2018,10,28,2,30,0,0
2018,10,28,3,30,0,0
2018,10,28,4,30,412,87
2018,10,28,5,30,721,297
2018,10,28,6,30,851,501
2018,10,28,7,30,910,659
2018,10,28,8,30,938,757
2018,10,28,9,30,916,779
2018,10,28,10,30,912,739
2018,10,28,11,30,879,629
2018,10,28,12,30,819,462
2018,10,28,13,30,662,255
2018,10,28,14,30,264,51
2018,10,28,15,30,0,0
2018,10,28,16,30,0,0
2018,10,28,17,30,0,0
2018,10,28,18,30,0,0
2018,10,28,19,30,0,0
2018,10,28,20,30,0,0
2018,10,28,21,30,0,0
2018,10,28,22,30,0,0
2018,10,28,23,30,0,0
2018,10,29,0,30,0,0
2018,10,29,1,30,0,0
2018,10,29,2,30,0,0
2018,10,29,3,30,0,0
2018,10,29,4,30,331,81
2018,10,29,5,30,664,290
2018,10,29,6,30,802,492
2018,10,29,7,30,868,649
2018,10,29,8,30,899,747
2018,10,29,9,30,884,771
2018,10,29,10,30,877,730
2018,10,29,11,30,842,621
2018,10,29,12,30,690,442
2018,10,29,13,30,518,236
2018,10,29,14,30,131,43
2018,10,29,15,30,0,0
2018,10,29,16,30,0,0
2018,10,29,17,30,0,0
2018,10,29,18,30,0,0
2018,10,29,19,30,0,0
2018,10,29,20,30,0,0
2018,10,29,21,30,0,0
2018,10,29,22,30,0,0
2018,10,29,23,30,0,0
2018,10,30,0,30,0,0
2018,10,30,1,30,0,0
2018,10,30,2,30,0,0
2018,10,30,3,30,0,0
2018,10,30,4,30,238,74
2018,10,30,5,30,599,280
2018,10,30,6,30,760,481
2018,10,30,7,30,841,640
2018,10,30,8,30,882,740
2018,10,30,9,30,772,743
2018,10,30,10,30,766,703
2018,10,30,11,30,724,594
2018,10,30,12,30,630,429
2018,10,30,13,30,438,225
2018,10,30,14,30,69,38
2018,10,30,15,30,0,0
2018,10,30,16,30,0,0
2018,10,30,17,30,0,0
2018,10,30,18,30,0,0
2018,10,30,19,30,0,0
2018,10,30,20,30,0,0
2018,10,30,21,30,0,0
2018,10,30,22,30,0,0
2018,10,30,23,30,0,0
2018,10,31,0,30,0,0
2018,10,31,1,30,0,0
2018,10,31,2,30,0,0
2018,10,31,3,30,0,0
2018,10,31,4,30,238,71
2018,10,31,5,30,597,274
2018,10,31,6,30,746,470
2018,10,31,7,30,822,626
2018,10,31,8,30,856,724
2018,10,31,9,30,833,745
2018,10,31,10,30,812,699
2018,10,31,11,30,764,589
2018,10,31,12,30,579,413
2018,10,31,13,30,385,215
2018,10,31,14,30,43,33
2018,10,31,15,30,0,0
2018,10,31,16,30,0,0
2018,10,31,17,30,0,0
2018,10,31,18,30,0,0
2018,10,31,19,30,0,0
2018,10,31,20,30,0,0
2018,10,31,21,30,0,0
2018,10,31,22,30,0,0
2018,10,31,23,30,0,0
2018,11,1,0,30,0,0
2018,11,1,1,30,0,0
2018,11,1,2,30,0,0
2018,11,1,3,30,0,0
2018,11,1,4,30,219,67
2018,11,1,5,30,597,269
2018,11,1,6,30,768,470
2018,11,1,7,30,857,632
2018,11,1,8,30,895,730
2018,11,1,9,30,906,759
2018,11,1,10,30,891,716
2018,11,1,11,30,848,605
2018,11,1,12,30,747,436
2018,11,1,13,30,567,231
2018,11,1,14,30,142,39
2018,11,1,15,30,0,0
2018,11,1,16,30,0,0
2018,11,1,17,30,0,0
2018,11,1,18,30,0,0
2018,11,1,19,30,0,0
2018,11,1,20,30,0,0
2018,11,1,21,30,0,0
2018,11,1,22,30,0,0
2018,11,1,23,30,0,0
2018,11,2,0,30,0,0
2018,11,2,1,30,0,0
2018,11,2,2,30,0,0
2018,11,2,3,30,0,0
2018,11,2,4,30,270,69
2018,11,2,5,30,617,269
2018,11,2,6,30,762,465
2018,11,2,7,30,824,617
2018,11,2,8,30,849,709
2018,11,2,9,30,865,739
2018,11,2,10,30,839,692
2018,11,2,11,30,789,583
2018,11,2,12,30,726,423
2018,11,2,13,30,546,222
2018,11,2,14,30,127,35
2018,11,2,15,30,0,0
2018,11,2,16,30,0,0
2018,11,2,17,30,0,0
2018,11,2,18,30,0,0
2018,11,2,19,30,0,0
2018,11,2,20,30,0,0
2018,11,2,21,30,0,0
2018,11,2,22,30,0,0
2018,11,2,23,30,0,0
2018,11,3,0,30,0,0
2018,11,3,1,30,0,0
2018,11,3,2,30,0,0
2018,11,3,3,30,0,0
2018,11,3,4,30,210,62
2018,11,3,5,30,565,256
2018,11,3,6,30,719,449
2018,11,3,7,30,786,598
2018,11,3,8,30,814,691
2018,11,3,9,30,830,720
2018,11,3,10,30,792,674
2018,11,3,11,30,717,560
2018,11,3,12,30,628,400
2018,11,3,13,30,420,205
2018,11,3,14,30,54,29
2018,11,3,15,30,0,0
2018,11,3,16,30,0,0
2018,11,3,17,30,0,0
2018,11,3,18,30,0,0
2018,11,3,19,30,0,0
2018,11,3,20,30,0,0
2018,11,3,21,30,0,0
2018,11,3,22,30,0,0
2018,11,3,23,30,0,0
2018,11,4,0,30,0,0
2018,11,4,1,30,0,0
2018,11,4,2,30,0,0
2018,11,4,3,30,0,0
2018,11,4,4,30,103,52
2018,11,4,5,30,415,234
2018,11,4,6,30,583,420
2018,11,4,7,30,669,567
2018,11,4,8,30,710,660
2018,11,4,9,30,748,693
2018,11,4,10,30,729,651
2018,11,4,11,30,678,546
2018,11,4,12,30,0,34
2018,11,4,13,30,391,198
2018,11,4,14,30,53,27
2018,11,4,15,30,0,0
2018,11,4,16,30,0,0
2018,11,4,17,30,0,0
2018,11,4,18,30,0,0
2018,11,4,19,30,0,0
2018,11,4,20,30,0,0
2018,11,4,21,30,0,0
2018,11,4,22,30,0,0
2018,11,4,23,30,0,0
2018,11,5,0,30,0,0
2018,11,5,1,30,0,0
2018,11,5,2,30,0,0
2018,11,5,3,30,0,0
2018,11,5,4,30,0,20
2018,11,5,5,30,57,130
2018,11,5,6,30,518,404
2018,11,5,7,30,120,338
2018,11,5,8,30,74,349
2018,11,5,9,30,278,507
2018,11,5,10,30,738,639
2018,11,5,11,30,689,535
2018,11,5,12,30,636,385
2018,11,5,13,30,459,198
2018,11,5,14,30,0,6
2018,11,5,15,30,0,0
2018,11,5,16,30,0,0
2018,11,5,17,30,0,0
2018,11,5,18,30,0,0
2018,11,5,19,30,0,0
2018,11,5,20,30,0,0
2018,11,5,21,30,0,0
2018,11,5,22,30,0,0
2018,11,5,23,30,0,0
2018,11,6,0,30,0,0
2018,11,6,1,30,0,0
2018,11,6,2,30,0,0
2018,11,6,3,30,0,0
2018,11,6,4,30,0,15
2018,11,6,5,30,0,68
2018,11,6,6,30,242,300
2018,11,6,7,30,0,50
2018,11,6,8,30,0,61
2018,11,6,9,30,0,96
2018,11,6,10,30,20,251
2018,11,6,11,30,0,163
2018,11,6,12,30,8,151
2018,11,6,13,30,0,15
2018,11,6,14,30,0,3
2018,11,6,15,30,0,0
2018,11,6,16,30,0,0
2018,11,6,17,30,0,0
2018,11,6,18,30,0,0
2018,11,6,19,30,0,0
2018,11,6,20,30,0,0
2018,11,6,21,30,0,0
2018,11,6,22,30,0,0
2018,11,6,23,30,0,0
2018,11,7,0,30,0,0
2018,11,7,1,30,0,0
2018,11,7,2,30,0,0
2018,11,7,3,30,0,0
2018,11,7,4,30,171,51
2018,11,7,5,30,512,233
2018,11,7,6,30,678,417
2018,11,7,7,30,763,566
2018,11,7,8,30,802,659
2018,11,7,9,30,760,677
2018,11,7,10,30,740,636
2018,11,7,11,30,686,532
2018,11,7,12,30,561,373
2018,11,7,13,30,0,15
2018,11,7,14,30,48,23
2018,11,7,15,30,0,0
2018,11,7,16,30,0,0
2018,11,7,17,30,0,0
2018,11,7,18,30,0,0
2018,11,7,19,30,0,0
2018,11,7,20,30,0,0
2018,11,7,21,30,0,0
2018,11,7,22,30,0,0
2018,11,7,23,30,0,0
2018,11,8,0,30,0,0
2018,11,8,1,30,0,0
2018,11,8,2,30,0,0
2018,11,8,3,30,0,0
2018,11,8,4,30,143,48
2018,11,8,5,30,481,229
2018,11,8,6,30,651,414
2018,11,8,7,30,740,563
2018,11,8,8,30,783,657
2018,11,8,9,30,765,681
2018,11,8,10,30,748,639
2018,11,8,11,30,699,535
2018,11,8,12,30,562,374
2018,11,8,13,30,375,188
2018,11,8,14,30,48,22
2018,11,8,15,30,0,0
2018,11,8,16,30,0,0
2018,11,8,17,30,0,0
2018,11,8,18,30,0,0
2018,11,8,19,30,0,0
2018,11,8,20,30,0,0
2018,11,8,21,30,0,0
2018,11,8,22,30,0,0
2018,11,8,23,30,0,0
2018,11,9,0,30,0,0
2018,11,9,1,30,0,0
2018,11,9,2,30,0,0
2018,11,9,3,30,0,0
2018,11,9,4,30,120,45
2018,11,9,5,30,459,223
2018,11,9,6,30,635,407
2018,11,9,7,30,728,555
2018,11,9,8,30,777,649
2018,11,9,9,30,778,675
2018,11,9,10,30,381,507
2018,11,9,11,30,339,413
2018,11,9,12,30,441,322
2018,11,9,13,30,253,148
2018,11,9,14,30,0,6
2018,11,9,15,30,0,0
2018,11,9,16,30,0,0
2018,11,9,17,30,0,0
2018,11,9,18,30,0,0
2018,11,9,19,30,0,0
2018,11,9,20,30,0,0
2018,11,9,21,30,0,0
2018,11,9,22,30,0,0
2018,11,9,23,30,0,0
2018,11,10,0,30,0,0
2018,11,10,1,30,0,0
2018,11,10,2,30,0,0
2018,11,10,3,30,0,0
2018,11,10,4,30,60,38
2018,11,10,5,30,338,208
2018,11,10,6,30,511,386
2018,11,10,7,30,617,531
2018,11,10,8,30,79,343
2018,11,10,9,30,118,394
2018,11,10,10,30,135,384
2018,11,10,11,30,307,399
2018,11,10,12,30,578,366
2018,11,10,13,30,386,182
2018,11,10,14,30,0,13
2018,11,10,15,30,0,0
2018,11,10,16,30,0,0
2018,11,10,17,30,0,0
2018,11,10,18,30,0,0
2018,11,10,19,30,0,0
2018,11,10,20,30,0,0
2018,11,10,21,30,0,0
2018,11,10,22,30,0,0
2018,11,10,23,30,0,0
2018,11,11,0,30,0,0
2018,11,11,1,30,0,0
2018,11,11,2,30,0,0
2018,11,11,3,30,0,0
2018,11,11,4,30,116,41
2018,11,11,5,30,444,216
2018,11,11,6,30,618,398
2018,11,11,7,30,707,545
2018,11,11,8,30,750,637
2018,11,11,9,30,725,657
2018,11,11,10,30,703,617
2018,11,11,11,30,649,514
2018,11,11,12,30,549,361
2018,11,11,13,30,363,178
2018,11,11,14,30,44,18
2018,11,11,15,30,0,0
2018,11,11,16,30,0,0
2018,11,11,17,30,0,0
2018,11,11,18,30,0,0
2018,11,11,19,30,0,0
2018,11,11,20,30,0,0
2018,11,11,21,30,0,0
2018,11,11,22,30,0,0
2018,11,11,23,30,0,0
2018,11,12,0,30,0,0
2018,11,12,1,30,0,0
2018,11,12,2,30,0,0
2018,11,12,3,30,0,0
2018,11,12,4,30,0,4
2018,11,12,5,30,0,17
2018,11,12,6,30,0,141
2018,11,12,7,30,47,259
2018,11,12,8,30,828,648
2018,11,12,9,30,234,463
2018,11,12,10,30,80,333
2018,11,12,11,30,806,538
2018,11,12,12,30,727,384
2018,11,12,13,30,551,194
2018,11,12,14,30,121,22
2018,11,12,15,30,0,0
2018,11,12,16,30,0,0
2018,11,12,17,30,0,0
2018,11,12,18,30,0,0
2018,11,12,19,30,0,0
2018,11,12,20,30,0,0
2018,11,12,21,30,0,0
2018,11,12,22,30,0,0
2018,11,12,23,30,0,0
2018,11,13,0,30,0,0
2018,11,13,1,30,0,0
2018,11,13,2,30,0,0
2018,11,13,3,30,0,0
2018,11,13,4,30,198,42
2018,11,13,5,30,556,221
2018,11,13,6,30,706,404
2018,11,13,7,30,779,551
2018,11,13,8,30,809,642
2018,11,13,9,30,777,663
2018,11,13,10,30,756,623
2018,11,13,11,30,700,518
2018,11,13,12,30,595,363
2018,11,13,13,30,393,177
2018,11,13,14,30,0,4
2018,11,13,15,30,0,0
2018,11,13,16,30,0,0
2018,11,13,17,30,0,0
2018,11,13,18,30,0,0
2018,11,13,19,30,0,0
2018,11,13,20,30,0,0
2018,11,13,21,30,0,0
2018,11,13,22,30,0,0
2018,11,13,23,30,0,0
2018,11,14,0,30,0,0
2018,11,14,1,30,0,0
2018,11,14,2,30,0,0
2018,11,14,3,30,0,0
2018,11,14,4,30,53,31
2018,11,14,5,30,343,198
2018,11,14,6,30,178,258
2018,11,14,7,30,89,295
2018,11,14,8,30,156,395
2018,11,14,9,30,229,455
2018,11,14,10,30,736,611
2018,11,14,11,30,686,509
2018,11,14,12,30,0,30
2018,11,14,13,30,137,119
2018,11,14,14,30,0,10
2018,11,14,15,30,0,0
2018,11,14,16,30,0,0
2018,11,14,17,30,0,0
2018,11,14,18,30,0,0
2018,11,14,19,30,0,0
2018,11,14,20,30,0,0
2018,11,14,21,30,0,0
2018,11,14,22,30,0,0
2018,11,14,23,30,0,0
2018,11,15,0,30,0,0
2018,11,15,1,30,0,0
2018,11,15,2,30,0,0
2018,11,15,3,30,0,0
2018,11,15,4,30,86,33
2018,11,15,5,30,0,88
2018,11,15,6,30,0,65
2018,11,15,7,30,707,530
2018,11,15,8,30,747,621
2018,11,15,9,30,603,624
2018,11,15,10,30,430,507
2018,11,15,11,30,440,428
2018,11,15,12,30,149,228
2018,11,15,13,30,344,169
2018,11,15,14,30,31,15
2018,11,15,15,30,0,0
2018,11,15,16,30,0,0
2018,11,15,17,30,0,0
2018,11,15,18,30,0,0
2018,11,15,19,30,0,0
2018,11,15,20,30,0,0
2018,11,15,21,30,0,0
2018,11,15,22,30,0,0
2018,11,15,23,30,0,0
2018,11,16,0,30,0,0
2018,11,16,1,30,0,0
2018,11,16,2,30,0,0
2018,11,16,3,30,0,0
2018,11,16,4,30,106,34
2018,11,16,5,30,498,207
2018,11,16,6,30,685,392
2018,11,16,7,30,779,542
2018,11,16,8,30,816,633
2018,11,16,9,30,344,501
2018,11,16,10,30,24,250
2018,11,16,11,30,45,241
2018,11,16,12,30,0,29
2018,11,16,13,30,374,170
2018,11,16,14,30,23,15
2018,11,16,15,30,0,0
2018,11,16,16,30,0,0
2018,11,16,17,30,0,0
2018,11,16,18,30,0,0
2018,11,16,19,30,0,0
2018,11,16,20,30,0,0
2018,11,16,21,30,0,0
2018,11,16,22,30,0,0
2018,11,16,23,30,0,0
2018,11,17,0,30,0,0
2018,11,17,1,30,0,0
2018,11,17,2,30,0,0
2018,11,17,3,30,0,0
2018,11,17,4,30,116,32
2018,11,17,5,30,498,204
2018,11,17,6,30,672,387
2018,11,17,7,30,763,537
2018,11,17,8,30,807,631
2018,11,17,9,30,814,659
2018,11,17,10,30,807,622
2018,11,17,11,30,766,520
2018,11,17,12,30,686,368
2018,11,17,13,30,499,180
2018,11,17,14,30,68,17
2018,11,17,15,30,0,0
2018,11,17,16,30,0,0
2018,11,17,17,30,0,0
2018,11,17,18,30,0,0
2018,11,17,19,30,0,0
2018,11,17,20,30,0,0
2018,11,17,21,30,0,0
2018,11,17,22,30,0,0
2018,11,17,23,30,0,0
2018,11,18,0,30,0,0
2018,11,18,1,30,0,0
2018,11,18,2,30,0,0
2018,11,18,3,30,0,0
2018,11,18,4,30,146,32
2018,11,18,5,30,552,209
2018,11,18,6,30,723,396
2018,11,18,7,30,809,547
2018,11,18,8,30,853,643
2018,11,18,9,30,875,674
2018,11,18,10,30,861,634
2018,11,18,11,30,815,530
2018,11,18,12,30,719,372
2018,11,18,13,30,523,182
2018,11,18,14,30,62,16
2018,11,18,15,30,0,0
2018,11,18,16,30,0,0
2018,11,18,17,30,0,0
2018,11,18,18,30,0,0
2018,11,18,19,30,0,0
2018,11,18,20,30,0,0
2018,11,18,21,30,0,0
2018,11,18,22,30,0,0
2018,11,18,23,30,0,0
2018,11,19,0,30,0,0
2018,11,19,1,30,0,0
2018,11,19,2,30,0,0
2018,11,19,3,30,0,0
2018,11,19,4,30,52,26
2018,11,19,5,30,403,187
2018,11,19,6,30,584,365
2018,11,19,7,30,681,511
2018,11,19,8,30,729,602
2018,11,19,9,30,731,629
2018,11,19,10,30,209,406
2018,11,19,11,30,90,276
2018,11,19,12,30,578,344
2018,11,19,13,30,382,164
2018,11,19,14,30,21,12
2018,11,19,15,30,0,0
2018,11,19,16,30,0,0
2018,11,19,17,30,0,0
2018,11,19,18,30,0,0
2018,11,19,19,30,0,0
2018,11,19,20,30,0,0
2018,11,19,21,30,0,0
2018,11,19,22,30,0,0
2018,11,19,23,30,0,0
2018,11,20,0,30,0,0
2018,11,20,1,30,0,0
2018,11,20,2,30,0,0
2018,11,20,3,30,0,0
2018,11,20,4,30,0,15
2018,11,20,5,30,465,192
2018,11,20,6,30,648,373
2018,11,20,7,30,738,520
2018,11,20,8,30,782,613
2018,11,20,9,30,797,642
2018,11,20,10,30,781,605
2018,11,20,11,30,732,504
2018,11,20,12,30,633,352
2018,11,20,13,30,436,169
2018,11,20,14,30,38,14
2018,11,20,15,30,0,0
2018,11,20,16,30,0,0
2018,11,20,17,30,0,0
2018,11,20,18,30,0,0
2018,11,20,19,30,0,0
2018,11,20,20,30,0,0
2018,11,20,21,30,0,0
2018,11,20,22,30,0,0
2018,11,20,23,30,0,0
2018,11,21,0,30,0,0
2018,11,21,1,30,0,0
2018,11,21,2,30,0,0
2018,11,21,3,30,0,0
2018,11,21,4,30,68,24
2018,11,21,5,30,0,69
2018,11,21,6,30,0,127
2018,11,21,7,30,136,310
2018,11,21,8,30,781,607
2018,11,21,9,30,303,471
2018,11,21,10,30,249,421
2018,11,21,11,30,241,349
2018,11,21,12,30,164,224
2018,11,21,13,30,0,17
2018,11,21,14,30,0,2
2018,11,21,15,30,0,0
2018,11,21,16,30,0,0
2018,11,21,17,30,0,0
2018,11,21,18,30,0,0
2018,11,21,19,30,0,0
2018,11,21,20,30,0,0
2018,11,21,21,30,0,0
2018,11,21,22,30,0,0
2018,11,21,23,30,0,0
2018,11,22,0,30,0,0
2018,11,22,1,30,0,0
2018,11,22,2,30,0,0
2018,11,22,3,30,0,0
2018,11,22,4,30,0,10
2018,11,22,5,30,0,62
2018,11,22,6,30,0,16
2018,11,22,7,30,347,395
2018,11,22,8,30,0,32
2018,11,22,9,30,675,603
2018,11,22,10,30,287,435
2018,11,22,11,30,590,470
2018,11,22,12,30,487,323
2018,11,22,13,30,280,149
2018,11,22,14,30,2,8
2018,11,22,15,30,0,0
2018,11,22,16,30,0,0
2018,11,22,17,30,0,0
2018,11,22,18,30,0,0
2018,11,22,19,30,0,0
2018,11,22,20,30,0,0
2018,11,22,21,30,0,0
2018,11,22,22,30,0,0
2018,11,22,23,30,0,0
2018,11,23,0,30,0,0
2018,11,23,1,30,0,0
2018,11,23,2,30,0,0
2018,11,23,3,30,0,0
2018,11,23,4,30,0,6
2018,11,23,5,30,0,23
2018,11,23,6,30,0,16
2018,11,23,7,30,0,50
2018,11,23,8,30,53,289
2018,11,23,9,30,331,478
2018,11,23,10,30,101,332
2018,11,23,11,30,0,138
2018,11,23,12,30,206,235
2018,11,23,13,30,0,61
2018,11,23,14,30,16,11
2018,11,23,15,30,0,0
2018,11,23,16,30,0,0
2018,11,23,17,30,0,0
2018,11,23,18,30,0,0
2018,11,23,19,30,0,0
2018,11,23,20,30,0,0
2018,11,23,21,30,0,0
2018,11,23,22,30,0,0
2018,11,23,23,30,0,0
2018,11,24,0,30,0,0
2018,11,24,1,30,0,0
2018,11,24,2,30,0,0
2018,11,24,3,30,0,0
2018,11,24,4,30,0,3
2018,11,24,5,30,0,20
2018,11,24,6,30,0,29
2018,11,24,7,30,44,236
2018,11,24,8,30,189,390
2018,11,24,9,30,165,396
2018,11,24,10,30,714,576
2018,11,24,11,30,183,320
2018,11,24,12,30,600,336
2018,11,24,13,30,407,160
2018,11,24,14,30,30,12
2018,11,24,15,30,0,0
2018,11,24,16,30,0,0
2018,11,24,17,30,0,0
2018,11,24,18,30,0,0
2018,11,24,19,30,0,0
2018,11,24,20,30,0,0
2018,11,24,21,30,0,0
2018,11,24,22,30,0,0
2018,11,24,23,30,0,0
2018,11,25,0,30,0,0
2018,11,25,1,30,0,0
2018,11,25,2,30,0,0
2018,11,25,3,30,0,0
2018,11,25,4,30,107,21
2018,11,25,5,30,545,185
2018,11,25,6,30,729,368
2018,11,25,7,30,820,517
2018,11,25,8,30,860,611
2018,11,25,9,30,868,641
2018,11,25,10,30,850,605
2018,11,25,11,30,18,196
2018,11,25,12,30,0,28
2018,11,25,13,30,0,12
2018,11,25,14,30,53,13
2018,11,25,15,30,0,0
2018,11,25,16,30,0,0
2018,11,25,17,30,0,0
2018,11,25,18,30,0,0
2018,11,25,19,30,0,0
2018,11,25,20,30,0,0
2018,11,25,21,30,0,0
2018,11,25,22,30,0,0
2018,11,25,23,30,0,0
2018,11,26,0,30,0,0
2018,11,26,1,30,0,0
2018,11,26,2,30,0,0
2018,11,26,3,30,0,0
2018,11,26,4,30,62,18
2018,11,26,5,30,484,176
2018,11,26,6,30,668,354
2018,11,26,7,30,759,501
2018,11,26,8,30,802,596
2018,11,26,9,30,819,628
2018,11,26,10,30,817,596
2018,11,26,11,30,777,498
2018,11,26,12,30,670,346
2018,11,26,13,30,0,12
2018,11,26,14,30,38,12
2018,11,26,15,30,0,0
2018,11,26,16,30,0,0
2018,11,26,17,30,0,0
2018,11,26,18,30,0,0
2018,11,26,19,30,0,0
2018,11,26,20,30,0,0
2018,11,26,21,30,0,0
2018,11,26,22,30,0,0
2018,11,26,23,30,0,0
2018,11,27,0,30,0,0
2018,11,27,1,30,0,0
2018,11,27,2,30,0,0
2018,11,27,3,30,0,0
2018,11,27,4,30,0,3
2018,11,27,5,30,0,12
2018,11,27,6,30,234,245
2018,11,27,7,30,336,378
2018,11,27,8,30,795,590
2018,11,27,9,30,232,426
2018,11,27,10,30,69,298
2018,11,27,11,30,202,324
2018,11,27,12,30,700,345
2018,11,27,13,30,510,165
2018,11,27,14,30,47,12
2018,11,27,15,30,0,0
2018,11,27,16,30,0,0
2018,11,27,17,30,0,0
2018,11,27,18,30,0,0
2018,11,27,19,30,0,0
2018,11,27,20,30,0,0
2018,11,27,21,30,0,0
2018,11,27,22,30,0,0
2018,11,27,23,30,0,0
2018,11,28,0,30,0,0
2018,11,28,1,30,0,0
2018,11,28,2,30,0,0
2018,11,28,3,30,0,0
2018,11,28,4,30,78,17
2018,11,28,5,30,541,177
2018,11,28,6,30,728,359
2018,11,28,7,30,817,508
2018,11,28,8,30,858,602
2018,11,28,9,30,867,633
2018,11,28,10,30,849,596
2018,11,28,11,30,801,498
2018,11,28,12,30,208,231
2018,11,28,13,30,80,95
2018,11,28,14,30,29,11
2018,11,28,15,30,0,0
2018,11,28,16,30,0,0
2018,11,28,17,30,0,0
2018,11,28,18,30,0,0
2018,11,28,19,30,0,0
2018,11,28,20,30,0,0
2018,11,28,21,30,0,0
2018,11,28,22,30,0,0
2018,11,28,23,30,0,0
2018,11,29,0,30,0,0
2018,11,29,1,30,0,0
2018,11,29,2,30,0,0
2018,11,29,3,30,0,0
2018,11,29,4,30,15,11
2018,11,29,5,30,0,58
2018,11,29,6,30,0,96
2018,11,29,7,30,0,78
2018,11,29,8,30,138,351
2018,11,29,9,30,130,364
2018,11,29,10,30,20,229
2018,11,29,11,30,103,273
2018,11,29,12,30,72,179
2018,11,29,13,30,323,148
2018,11,29,14,30,3,7
2018,11,29,15,30,0,0
2018,11,29,16,30,0,0
2018,11,29,17,30,0,0
2018,11,29,18,30,0,0
2018,11,29,19,30,0,0
2018,11,29,20,30,0,0
2018,11,29,21,30,0,0
2018,11,29,22,30,0,0
2018,11,29,23,30,0,0
2018,11,30,0,30,0,0
2018,11,30,1,30,0,0
2018,11,30,2,30,0,0
2018,11,30,3,30,0,0
2018,11,30,4,30,3,7
2018,11,30,5,30,0,12
2018,11,30,6,30,480,316
2018,11,30,7,30,218,330
2018,11,30,8,30,266,413
2018,11,30,9,30,610,577
2018,11,30,10,30,590,543
2018,11,30,11,30,533,449
2018,11,30,12,30,457,311
2018,11,30,13,30,232,139
2018,11,30,14,30,0,4
2018,11,30,15,30,0,0
2018,11,30,16,30,0,0
2018,11,30,17,30,0,0
2018,11,30,18,30,0,0
2018,11,30,19,30,0,0
2018,11,30,20,30,0,0
2018,11,30,21,30,0,0
2018,11,30,22,30,0,0
2018,11,30,23,30,0,0
2018,12,1,0,30,0,0
2018,12,1,1,30,0,0
2018,12,1,2,30,0,0
2018,12,1,3,30,0,0
2018,12,1,4,30,2,8
2018,12,1,5,30,285,147
2018,12,1,6,30,489,318
2018,12,1,7,30,632,466
2018,12,1,8,30,737,568
2018,12,1,9,30,798,609
2018,12,1,10,30,804,580
2018,12,1,11,30,765,486
2018,12,1,12,30,683,341
2018,12,1,13,30,476,161
2018,12,1,14,30,29,12
2018,12,1,15,30,0,0
2018,12,1,16,30,0,0
2018,12,1,17,30,0,0
2018,12,1,18,30,0,0
2018,12,1,19,30,0,0
2018,12,1,20,30,0,0
2018,12,1,21,30,0,0
2018,12,1,22,30,0,0
2018,12,1,23,30,0,0
2018,12,2,0,30,0,0
2018,12,2,1,30,0,0
2018,12,2,2,30,0,0
2018,12,2,3,30,0,0
2018,12,2,4,30,59,12
2018,12,2,5,30,0,51
2018,12,2,6,30,124,201
2018,12,2,7,30,183,311
2018,12,2,8,30,205,382
2018,12,2,9,30,453,501
2018,12,2,10,30,74,297
2018,12,2,11,30,1,159
2018,12,2,12,30,0,115
2018,12,2,13,30,400,156
2018,12,2,14,30,11,9
2018,12,2,15,30,0,0
2018,12,2,16,30,0,0
2018,12,2,17,30,0,0
2018,12,2,18,30,0,0
2018,12,2,19,30,0,0
2018,12,2,20,30,0,0
2018,12,2,21,30,0,0
2018,12,2,22,30,0,0
2018,12,2,23,30,0,0
2018,12,3,0,30,0,0
2018,12,3,1,30,0,0
2018,12,3,2,30,0,0
2018,12,3,3,30,0,0
2018,12,3,4,30,0,0
2018,12,3,5,30,0,12
2018,12,3,6,30,0,57
2018,12,3,7,30,244,333
2018,12,3,8,30,713,559
2018,12,3,9,30,241,420
2018,12,3,10,30,611,544
2018,12,3,11,30,566,453
2018,12,3,12,30,579,326
2018,12,3,13,30,369,151
2018,12,3,14,30,7,8
2018,12,3,15,30,0,0
2018,12,3,16,30,0,0
2018,12,3,17,30,0,0
2018,12,3,18,30,0,0
2018,12,3,19,30,0,0
2018,12,3,20,30,0,0
2018,12,3,21,30,0,0
2018,12,3,22,30,0,0
2018,12,3,23,30,0,0
2018,12,4,0,30,0,0
2018,12,4,1,30,0,0
2018,12,4,2,30,0,0
2018,12,4,3,30,0,0
2018,12,4,4,30,0,0
2018,12,4,5,30,312,142
2018,12,4,6,30,566,321
2018,12,4,7,30,714,474
2018,12,4,8,30,792,576
2018,12,4,9,30,818,612
2018,12,4,10,30,826,583
2018,12,4,11,30,790,489
2018,12,4,12,30,709,343
2018,12,4,13,30,515,162
2018,12,4,14,30,32,11
2018,12,4,15,30,0,0
2018,12,4,16,30,0,0
2018,12,4,17,30,0,0
2018,12,4,18,30,0,0
2018,12,4,19,30,0,0
2018,12,4,20,30,0,0
2018,12,4,21,30,0,0
2018,12,4,22,30,0,0
2018,12,4,23,30,0,0
2018,12,5,0,30,0,0
2018,12,5,1,30,0,0
2018,12,5,2,30,0,0
2018,12,5,3,30,0,0
2018,12,5,4,30,0,0
2018,12,5,5,30,369,145
2018,12,5,6,30,597,323
2018,12,5,7,30,214,318
2018,12,5,8,30,215,382
2018,12,5,9,30,782,602
2018,12,5,10,30,757,568
2018,12,5,11,30,40,219
2018,12,5,12,30,192,222
2018,12,5,13,30,35,82
2018,12,5,14,30,3,7
2018,12,5,15,30,0,0
2018,12,5,16,30,0,0
2018,12,5,17,30,0,0
2018,12,5,18,30,0,0
2018,12,5,19,30,0,0
2018,12,5,20,30,0,0
2018,12,5,21,30,0,0
2018,12,5,22,30,0,0
2018,12,5,23,30,0,0
2018,12,6,0,30,0,0
2018,12,6,1,30,0,0
2018,12,6,2,30,0,0
2018,12,6,3,30,0,0
2018,12,6,4,30,0,0
2018,12,6,5,30,0,11
2018,12,6,6,30,32,150
2018,12,6,7,30,31,206
2018,12,6,8,30,29,240
2018,12,6,9,30,0,143
2018,12,6,10,30,0,121
2018,12,6,11,30,0,123
2018,12,6,12,30,404,303
2018,12,6,13,30,0,17
2018,12,6,14,30,0,3
2018,12,6,15,30,0,0
2018,12,6,16,30,0,0
2018,12,6,17,30,0,0
2018,12,6,18,30,0,0
2018,12,6,19,30,0,0
2018,12,6,20,30,0,0
2018,12,6,21,30,0,0
2018,12,6,22,30,0,0
2018,12,6,23,30,0,0
2018,12,7,0,30,0,0
2018,12,7,1,30,0,0
2018,12,7,2,30,0,0
2018,12,7,3,30,0,0
2018,12,7,4,30,0,0
2018,12,7,5,30,275,136
2018,12,7,6,30,5,126
2018,12,7,7,30,190,305
2018,12,7,8,30,219,380
2018,12,7,9,30,293,436
2018,12,7,10,30,102,316
2018,12,7,11,30,112,273
2018,12,7,12,30,0,31
2018,12,7,13,30,0,16
2018,12,7,14,30,5,9
2018,12,7,15,30,0,0
2018,12,7,16,30,0,0
2018,12,7,17,30,0,0
2018,12,7,18,30,0,0
2018,12,7,19,30,0,0
2018,12,7,20,30,0,0
2018,12,7,21,30,0,0
2018,12,7,22,30,0,0
2018,12,7,23,30,0,0
2018,12,8,0,30,0,0
2018,12,8,1,30,0,0
2018,12,8,2,30,0,0
2018,12,8,3,30,0,0
2018,12,8,4,30,0,0
2018,12,8,5,30,0,15
2018,12,8,6,30,535,310
2018,12,8,7,30,658,456
2018,12,8,8,30,736,556
2018,12,8,9,30,772,595
2018,12,8,10,30,769,567
2018,12,8,11,30,725,475
2018,12,8,12,30,587,327
2018,12,8,13,30,379,153
2018,12,8,14,30,11,11
2018,12,8,15,30,0,0
2018,12,8,16,30,0,0
2018,12,8,17,30,0,0
2018,12,8,18,30,0,0
2018,12,8,19,30,0,0
2018,12,8,20,30,0,0
2018,12,8,21,30,0,0
2018,12,8,22,30,0,0
2018,12,8,23,30,0,0
2018,12,9,0,30,0,0
2018,12,9,1,30,0,0
2018,12,9,2,30,0,0
2018,12,9,3,30,0,0
2018,12,9,4,30,0,0
2018,12,9,5,30,471,145
2018,12,9,6,30,687,324
2018,12,9,7,30,354,357
2018,12,9,8,30,81,295
2018,12,9,9,30,0,38
2018,12,9,10,30,172,358
2018,12,9,11,30,35,213
2018,12,9,12,30,26,149
2018,12,9,13,30,453,159
2018,12,9,14,30,34,11
2018,12,9,15,30,0,0
2018,12,9,16,30,0,0
2018,12,9,17,30,0,0
2018,12,9,18,30,0,0
2018,12,9,19,30,0,0
2018,12,9,20,30,0,0
2018,12,9,21,30,0,0
2018,12,9,22,30,0,0
2018,12,9,23,30,0,0
2018,12,10,0,30,0,0
2018,12,10,1,30,0,0
2018,12,10,2,30,0,0
2018,12,10,3,30,0,0
2018,12,10,4,30,0,0
2018,12,10,5,30,429,141
2018,12,10,6,30,665,321
2018,12,10,7,30,778,472
2018,12,10,8,30,834,573
2018,12,10,9,30,880,615
2018,12,10,10,30,869,585
2018,12,10,11,30,824,492
2018,12,10,12,30,716,343
2018,12,10,13,30,521,165
2018,12,10,14,30,50,12
2018,12,10,15,30,0,0
2018,12,10,16,30,0,0
2018,12,10,17,30,0,0
2018,12,10,18,30,0,0
2018,12,10,19,30,0,0
2018,12,10,20,30,0,0
2018,12,10,21,30,0,0
2018,12,10,22,30,0,0
2018,12,10,23,30,0,0
2018,12,11,0,30,0,0
2018,12,11,1,30,0,0
2018,12,11,2,30,0,0
2018,12,11,3,30,0,0
2018,12,11,4,30,0,0
2018,12,11,5,30,373,135
2018,12,11,6,30,602,312
2018,12,11,7,30,706,461
2018,12,11,8,30,744,557
2018,12,11,9,30,836,608
2018,12,11,10,30,818,578
2018,12,11,11,30,757,482
2018,12,11,12,30,661,337
2018,12,11,13,30,439,159
2018,12,11,14,30,16,11
2018,12,11,15,30,0,0
2018,12,11,16,30,0,0
2018,12,11,17,30,0,0
2018,12,11,18,30,0,0
2018,12,11,19,30,0,0
2018,12,11,20,30,0,0
2018,12,11,21,30,0,0
2018,12,11,22,30,0,0
2018,12,11,23,30,0,0
2018,12,12,0,30,0,0
2018,12,12,1,30,0,0
2018,12,12,2,30,0,0
2018,12,12,3,30,0,0
2018,12,12,4,30,0,0
2018,12,12,5,30,343,129
2018,12,12,6,30,568,303
2018,12,12,7,30,668,450
2018,12,12,8,30,705,546
2018,12,12,9,30,758,588
2018,12,12,10,30,733,559
2018,12,12,11,30,674,467
2018,12,12,12,30,43,161
2018,12,12,13,30,349,151
2018,12,12,14,30,5,10
2018,12,12,15,30,0,0
2018,12,12,16,30,0,0
2018,12,12,17,30,0,0
2018,12,12,18,30,0,0
2018,12,12,19,30,0,0
2018,12,12,20,30,0,0
2018,12,12,21,30,0,0
2018,12,12,22,30,0,0
2018,12,12,23,30,0,0
2018,12,13,0,30,0,0
2018,12,13,1,30,0,0
2018,12,13,2,30,0,0
2018,12,13,3,30,0,0
2018,12,13,4,30,0,0
2018,12,13,5,30,513,141
2018,12,13,6,30,0,24
2018,12,13,7,30,0,39
2018,12,13,8,30,0,80
2018,12,13,9,30,408,471
2018,12,13,10,30,0,117
2018,12,13,11,30,835,494
2018,12,13,12,30,747,349
2018,12,13,13,30,566,171
2018,12,13,14,30,109,15
2018,12,13,15,30,0,0
2018,12,13,16,30,0,0
2018,12,13,17,30,0,0
2018,12,13,18,30,0,0
2018,12,13,19,30,0,0
2018,12,13,20,30,0,0
2018,12,13,21,30,0,0
2018,12,13,22,30,0,0
2018,12,13,23,30,0,0
2018,12,14,0,30,0,0
2018,12,14,1,30,0,0
2018,12,14,2,30,0,0
2018,12,14,3,30,0,0
2018,12,14,4,30,0,0
2018,12,14,5,30,578,146
2018,12,14,6,30,780,330
2018,12,14,7,30,875,486
2018,12,14,8,30,918,588
2018,12,14,9,30,927,626
2018,12,14,10,30,916,598
2018,12,14,11,30,878,506
2018,12,14,12,30,792,359
2018,12,14,13,30,614,177
2018,12,14,14,30,133,16
2018,12,14,15,30,0,0
2018,12,14,16,30,0,0
2018,12,14,17,30,0,0
2018,12,14,18,30,0,0
2018,12,14,19,30,0,0
2018,12,14,20,30,0,0
2018,12,14,21,30,0,0
2018,12,14,22,30,0,0
2018,12,14,23,30,0,0
2018,12,15,0,30,0,0
2018,12,15,1,30,0,0
2018,12,15,2,30,0,0
2018,12,15,3,30,0,0
2018,12,15,4,30,0,0
2018,12,15,5,30,468,135
2018,12,15,6,30,694,316
2018,12,15,7,30,795,469
2018,12,15,8,30,844,571
2018,12,15,9,30,868,611
2018,12,15,10,30,860,584
2018,12,15,11,30,819,493
2018,12,15,12,30,734,349
2018,12,15,13,30,538,170
2018,12,15,14,30,63,14
2018,12,15,15,30,0,0
2018,12,15,16,30,0,0
2018,12,15,17,30,0,0
2018,12,15,18,30,0,0
2018,12,15,19,30,0,0
2018,12,15,20,30,0,0
2018,12,15,21,30,0,0
2018,12,15,22,30,0,0
2018,12,15,23,30,0,0
2018,12,16,0,30,0,0
2018,12,16,1,30,0,0
2018,12,16,2,30,0,0
2018,12,16,3,30,0,0
2018,12,16,4,30,0,0
2018,12,16,5,30,0,24
2018,12,16,6,30,0,107
2018,12,16,7,30,7,164
2018,12,16,8,30,243,380
2018,12,16,9,30,126,344
2018,12,16,10,30,201,370
2018,12,16,11,30,21,194
2018,12,16,12,30,0,17
2018,12,16,13,30,0,16
2018,12,16,14,30,4,8
2018,12,16,15,30,0,0
2018,12,16,16,30,0,0
2018,12,16,17,30,0,0
2018,12,16,18,30,0,0
2018,12,16,19,30,0,0
2018,12,16,20,30,0,0
2018,12,16,21,30,0,0
2018,12,16,22,30,0,0
2018,12,16,23,30,0,0
2018,12,17,0,30,0,0
2018,12,17,1,30,0,0
2018,12,17,2,30,0,0
2018,12,17,3,30,0,0
2018,12,17,4,30,0,0
2018,12,17,5,30,225,110
2018,12,17,6,30,432,276
2018,12,17,7,30,529,421
2018,12,17,8,30,574,516
2018,12,17,9,30,675,570
2018,12,17,10,30,643,540
2018,12,17,11,30,578,453
2018,12,17,12,30,487,316
2018,12,17,13,30,0,46
2018,12,17,14,30,2,9
2018,12,17,15,30,0,0
2018,12,17,16,30,0,0
2018,12,17,17,30,0,0
2018,12,17,18,30,0,0
2018,12,17,19,30,0,0
2018,12,17,20,30,0,0
2018,12,17,21,30,0,0
2018,12,17,22,30,0,0
2018,12,17,23,30,0,0
2018,12,18,0,30,0,0
2018,12,18,1,30,0,0
2018,12,18,2,30,0,0
2018,12,18,3,30,0,0
2018,12,18,4,30,0,0
2018,12,18,5,30,361,122
2018,12,18,6,30,607,297
2018,12,18,7,30,730,450
2018,12,18,8,30,787,552
2018,12,18,9,30,824,595
2018,12,18,10,30,815,571
2018,12,18,11,30,774,483
2018,12,18,12,30,686,343
2018,12,18,13,30,490,167
2018,12,18,14,30,47,15
2018,12,18,15,30,0,0
2018,12,18,16,30,0,0
2018,12,18,17,30,0,0
2018,12,18,18,30,0,0
2018,12,18,19,30,0,0
2018,12,18,20,30,0,0
2018,12,18,21,30,0,0
2018,12,18,22,30,0,0
2018,12,18,23,30,0,0
2018,12,19,0,30,0,0
2018,12,19,1,30,0,0
2018,12,19,2,30,0,0
2018,12,19,3,30,0,0
2018,12,19,4,30,0,0
2018,12,19,5,30,313,116
2018,12,19,6,30,566,290
2018,12,19,7,30,690,442
2018,12,19,8,30,751,544
2018,12,19,9,30,797,591
2018,12,19,10,30,790,567
2018,12,19,11,30,737,479
2018,12,19,12,30,642,339
2018,12,19,13,30,0,71
2018,12,19,14,30,0,6
2018,12,19,15,30,0,0
2018,12,19,16,30,0,0
2018,12,19,17,30,0,0
2018,12,19,18,30,0,0
2018,12,19,19,30,0,0
2018,12,19,20,30,0,0
2018,12,19,21,30,0,0
2018,12,19,22,30,0,0
2018,12,19,23,30,0,0
2018,12,20,0,30,0,0
2018,12,20,1,30,0,0
2018,12,20,2,30,0,0
2018,12,20,3,30,0,0
2018,12,20,4,30,0,0
2018,12,20,5,30,0,9
2018,12,20,6,30,0,23
2018,12,20,7,30,0,45
2018,12,20,8,30,0,146
2018,12,20,9,30,0,53
2018,12,20,10,30,0,50
2018,12,20,11,30,0,99
2018,12,20,12,30,650,343
2018,12,20,13,30,0,12
2018,12,20,14,30,0,2
2018,12,20,15,30,0,0
2018,12,20,16,30,0,0
2018,12,20,17,30,0,0
2018,12,20,18,30,0,0
2018,12,20,19,30,0,0
2018,12,20,20,30,0,0
2018,12,20,21,30,0,0
2018,12,20,22,30,0,0
2018,12,20,23,30,0,0
2018,12,21,0,30,0,0
2018,12,21,1,30,0,0
2018,12,21,2,30,0,0
2018,12,21,3,30,0,0
2018,12,21,4,30,0,0
2018,12,21,5,30,444,123
2018,12,21,6,30,675,302
2018,12,21,7,30,795,457
2018,12,21,8,30,854,562
2018,12,21,9,30,96,321
2018,12,21,10,30,797,570
2018,12,21,11,30,764,485
2018,12,21,12,30,57,172
2018,12,21,13,30,417,167
2018,12,21,14,30,44,16
2018,12,21,15,30,0,0
2018,12,21,16,30,0,0
2018,12,21,17,30,0,0
2018,12,21,18,30,0,0
2018,12,21,19,30,0,0
2018,12,21,20,30,0,0
2018,12,21,21,30,0,0
2018,12,21,22,30,0,0
2018,12,21,23,30,0,0
2018,12,22,0,30,0,0
2018,12,22,1,30,0,0
2018,12,22,2,30,0,0
2018,12,22,3,30,0,0
2018,12,22,4,30,0,0
2018,12,22,5,30,511,127
2018,12,22,6,30,726,307
2018,12,22,7,30,831,463
2018,12,22,8,30,877,565
2018,12,22,9,30,860,602
2018,12,22,10,30,298,412
2018,12,22,11,30,819,494
2018,12,22,12,30,731,353
2018,12,22,13,30,551,178
2018,12,22,14,30,123,19
2018,12,22,15,30,0,0
2018,12,22,16,30,0,0
2018,12,22,17,30,0,0
2018,12,22,18,30,0,0
2018,12,22,19,30,0,0
2018,12,22,20,30,0,0
2018,12,22,21,30,0,0
2018,12,22,22,30,0,0
2018,12,22,23,30,0,0
2018,12,23,0,30,0,0
2018,12,23,1,30,0,0
2018,12,23,2,30,0,0
2018,12,23,3,30,0,0
2018,12,23,4,30,0,0
2018,12,23,5,30,517,127
2018,12,23,6,30,746,311
2018,12,23,7,30,848,468
2018,12,23,8,30,895,574
2018,12,23,9,30,844,604
2018,12,23,10,30,837,583
2018,12,23,11,30,799,497
2018,12,23,12,30,608,343
2018,12,23,13,30,411,170
2018,12,23,14,30,38,17
2018,12,23,15,30,0,0
2018,12,23,16,30,0,0
2018,12,23,17,30,0,0
2018,12,23,18,30,0,0
2018,12,23,19,30,0,0
2018,12,23,20,30,0,0
2018,12,23,21,30,0,0
2018,12,23,22,30,0,0
2018,12,23,23,30,0,0
2018,12,24,0,30,0,0
2018,12,24,1,30,0,0
2018,12,24,2,30,0,0
2018,12,24,3,30,0,0
2018,12,24,4,30,0,0
2018,12,24,5,30,481,123
2018,12,24,6,30,0,22
2018,12,24,7,30,825,460
2018,12,24,8,30,875,565
2018,12,24,9,30,854,603
2018,12,24,10,30,843,581
2018,12,24,11,30,806,496
2018,12,24,12,30,652,348
2018,12,24,13,30,463,175
2018,12,24,14,30,73,20
2018,12,24,15,30,0,0
2018,12,24,16,30,0,0
2018,12,24,17,30,0,0
2018,12,24,18,30,0,0
2018,12,24,19,30,0,0
2018,12,24,20,30,0,0
2018,12,24,21,30,0,0
2018,12,24,22,30,0,0
2018,12,24,23,30,0,0
2018,12,25,0,30,0,0
2018,12,25,1,30,0,0
2018,12,25,2,30,0,0
2018,12,25,3,30,0,0
2018,12,25,4,30,0,0
2018,12,25,5,30,461,122
2018,12,25,6,30,703,304
2018,12,25,7,30,816,462
2018,12,25,8,30,871,569
2018,12,25,9,30,895,615
2018,12,25,10,30,887,593
2018,12,25,11,30,850,508
2018,12,25,12,30,765,366
2018,12,25,13,30,589,188
2018,12,25,14,30,147,23
2018,12,25,15,30,0,0
2018,12,25,16,30,0,0
2018,12,25,17,30,0,0
2018,12,25,18,30,0,0
2018,12,25,19,30,0,0
2018,12,25,20,30,0,0
2018,12,25,21,30,0,0
2018,12,25,22,30,0,0
2018,12,25,23,30,0,0
2018,12,26,0,30,0,0
2018,12,26,1,30,0,0
2018,12,26,2,30,0,0
2018,12,26,3,30,0,0
2018,12,26,4,30,0,0
2018,12,26,5,30,411,116
2018,12,26,6,30,660,297
2018,12,26,7,30,185,284
2018,12,26,8,30,188,351
2018,12,26,9,30,209,391
2018,12,26,10,30,140,341
2018,12,26,11,30,800,500
2018,12,26,12,30,747,363
2018,12,26,13,30,569,186
2018,12,26,14,30,135,23
2018,12,26,15,30,0,0
2018,12,26,16,30,0,0
2018,12,26,17,30,0,0
2018,12,26,18,30,0,0
2018,12,26,19,30,0,0
2018,12,26,20,30,0,0
2018,12,26,21,30,0,0
2018,12,26,22,30,0,0
2018,12,26,23,30,0,0
2018,12,27,0,30,0,0
2018,12,27,1,30,0,0
2018,12,27,2,30,0,0
2018,12,27,3,30,0,0
2018,12,27,4,30,0,0
2018,12,27,5,30,0,8
2018,12,27,6,30,0,22
2018,12,27,7,30,10,167
2018,12,27,8,30,0,158
2018,12,27,9,30,101,326
2018,12,27,10,30,171,359
2018,12,27,11,30,0,141
2018,12,27,12,30,618,350
2018,12,27,13,30,0,55
2018,12,27,14,30,0,7
2018,12,27,15,30,0,0
2018,12,27,16,30,0,0
2018,12,27,17,30,0,0
2018,12,27,18,30,0,0
2018,12,27,19,30,0,0
2018,12,27,20,30,0,0
2018,12,27,21,30,0,0
2018,12,27,22,30,0,0
2018,12,27,23,30,0,0
2018,12,28,0,30,0,0
2018,12,28,1,30,0,0
2018,12,28,2,30,0,0
2018,12,28,3,30,0,0
2018,12,28,4,30,0,0
2018,12,28,5,30,0,41
2018,12,28,6,30,0,22
2018,12,28,7,30,94,241
2018,12,28,8,30,0,49
2018,12,28,9,30,0,113
2018,12,28,10,30,0,51
2018,12,28,11,30,0,43
2018,12,28,12,30,0,29
2018,12,28,13,30,435,179
2018,12,28,14,30,55,23
2018,12,28,15,30,0,0
2018,12,28,16,30,0,0
2018,12,28,17,30,0,0
2018,12,28,18,30,0,0
2018,12,28,19,30,0,0
2018,12,28,20,30,0,0
2018,12,28,21,30,0,0
2018,12,28,22,30,0,0
2018,12,28,23,30,0,0
2018,12,29,0,30,0,0
2018,12,29,1,30,0,0
2018,12,29,2,30,0,0
2018,12,29,3,30,0,0
2018,12,29,4,30,0,0
2018,12,29,5,30,339,108
2018,12,29,6,30,0,22
2018,12,29,7,30,0,38
2018,12,29,8,30,0,156
2018,12,29,9,30,0,131
2018,12,29,10,30,59,280
2018,12,29,11,30,173,311
2018,12,29,12,30,54,176
2018,12,29,13,30,0,14
2018,12,29,14,30,73,24
2018,12,29,15,30,0,0
2018,12,29,16,30,0,0
2018,12,29,17,30,0,0
2018,12,29,18,30,0,0
2018,12,29,19,30,0,0
2018,12,29,20,30,0,0
2018,12,29,21,30,0,0
2018,12,29,22,30,0,0
2018,12,29,23,30,0,0
2018,12,30,0,30,0,0
2018,12,30,1,30,0,0
2018,12,30,2,30,0,0
2018,12,30,3,30,0,0
2018,12,30,4,30,0,0
2018,12,30,5,30,0,8
2018,12,30,6,30,0,22
2018,12,30,7,30,0,37
2018,12,30,8,30,74,281
2018,12,30,9,30,109,333
2018,12,30,10,30,0,51
2018,12,30,11,30,0,105
2018,12,30,12,30,128,213
2018,12,30,13,30,498,188
2018,12,30,14,30,0,6
2018,12,30,15,30,0,0
2018,12,30,16,30,0,0
2018,12,30,17,30,0,0
2018,12,30,18,30,0,0
2018,12,30,19,30,0,0
2018,12,30,20,30,0,0
2018,12,30,21,30,0,0
2018,12,30,22,30,0,0
2018,12,30,23,30,0,0
2018,12,31,0,30,0,0
2018,12,31,1,30,0,0
2018,12,31,2,30,0,0
2018,12,31,3,30,0,0
2018,12,31,4,30,0,0
2018,12,31,5,30,0,50
2018,12,31,6,30,697,297
2018,12,31,7,30,811,454
2018,12,31,8,30,866,564
2018,12,31,9,30,853,606
2018,12,31,10,30,845,588
2018,12,31,11,30,811,507
2018,12,31,12,30,32,163
2018,12,31,13,30,0,38
2018,12,31,14,30,0,6
2018,12,31,15,30,0,0
2018,12,31,16,30,0,0
2018,12,31,17,30,0,0
2018,12,31,18,30,0,0
2018,12,31,19,30,0,0
2018,12,31,20,30,0,0
2018,12,31,21,30,0,0
2018,12,31,22,30,0,0
2018,12,31,23,30,0,0
