Source,Location ID,City,State,Country,Latitude,Longitude,Time Zone,Elevation,Local Time Zone,Clearsky DHI Units,Clearsky DNI Units,Clearsky GHI Units,Dew Point Units,DHI Units,DNI Units,GHI Units,Solar Zenith Angle Units,Temperature Units,Pressure Units,Relative Humidity Units,Precipitable Water Units,Wind Direction Units,Wind Speed Units,Cloud Type -15,Cloud Type 0,Cloud Type 1,Cloud Type 2,Cloud Type 3,Cloud Type 4,Cloud Type 5,Cloud Type 6,Cloud Type 7,Cloud Type 8,Cloud Type 9,Cloud Type 10,Cloud Type 11,Cloud Type 12,Fill Flag 0,Fill Flag 1,Fill Flag 2,Fill Flag 3,Fill Flag 4,Fill Flag 5,Surface Albedo Units,Version
NSRDB,1880147,-,-,-,31.25,34.82,0,295,2,w/m2,w/m2,w/m2,c,w/m2,w/m2,w/m2,Degree,c,mbar,%,cm,Degrees,m/s,N/A,Clear,Probably Clear,Fog,Water,Super-Cooled Water,Mixed,Opaque Ice,Cirrus,Overlapping,Overshooting,Unknown,Dust,Smoke,N/A,Missing Image,Low Irradiance,Exceeds Clearsky,Missing CLoud Properties,Rayleigh Violation,N/A,unknown
Year,Month,Day,Hour,Minute,DNI,GHI
2017,1,1,0,30,0,0
2017,1,1,1,30,0,0
2017,1,1,2,30,0,0
2017,1,1,3,30,0,0
2017,1,1,4,30,0,0
2017,1,1,5,30,47,61
2017,1,1,6,30,676,298
2017,1,1,7,30,799,459
2017,1,1,8,30,280,392
2017,1,1,9,30,889,622
2017,1,1,10,30,883,605
2017,1,1,11,30,858,526
2017,1,1,12,30,781,385
2017,1,1,13,30,617,207
2017,1,1,14,30,212,33
2017,1,1,15,30,0,0
2017,1,1,16,30,0,0
2017,1,1,17,30,0,0
2017,1,1,18,30,0,0
2017,1,1,19,30,0,0
2017,1,1,20,30,0,0
2017,1,1,21,30,0,0
2017,1,1,22,30,0,0
2017,1,1,23,30,0,0
2017,1,2,0,30,0,0
2017,1,2,1,30,0,0
2017,1,2,2,30,0,0
2017,1,2,3,30,0,0
2017,1,2,4,30,0,0
2017,1,2,5,30,495,119
2017,1,2,6,30,753,310
2017,1,2,7,30,864,474
2017,1,2,8,30,913,587
2017,1,2,9,30,944,640
2017,1,2,10,30,924,618
2017,1,2,11,30,878,531
2017,1,2,12,30,786,389
2017,1,2,13,30,609,207
2017,1,2,14,30,0,11
2017,1,2,15,30,0,0
2017,1,2,16,30,0,0
2017,1,2,17,30,0,0
2017,1,2,18,30,0,0
2017,1,2,19,30,0,0
2017,1,2,20,30,0,0
2017,1,2,21,30,0,0
2017,1,2,22,30,0,0
2017,1,2,23,30,0,0
2017,1,3,0,30,0,0
2017,1,3,1,30,0,0
2017,1,3,2,30,0,0
2017,1,3,3,30,0,0
2017,1,3,4,30,0,0
2017,1,3,5,30,492,117
2017,1,3,6,30,4,115
2017,1,3,7,30,851,466
2017,1,3,8,30,903,579
2017,1,3,9,30,882,622
2017,1,3,10,30,877,606
2017,1,3,11,30,208,333
2017,1,3,12,30,771,388
2017,1,3,13,30,6,87
2017,1,3,14,30,207,36
2017,1,3,15,30,0,0
2017,1,3,16,30,0,0
2017,1,3,17,30,0,0
2017,1,3,18,30,0,0
2017,1,3,19,30,0,0
2017,1,3,20,30,0,0
2017,1,3,21,30,0,0
2017,1,3,22,30,0,0
2017,1,3,23,30,0,0
2017,1,4,0,30,0,0
2017,1,4,1,30,0,0
2017,1,4,2,30,0,0
2017,1,4,3,30,0,0
2017,1,4,4,30,0,0
2017,1,4,5,30,434,112
2017,1,4,6,30,0,99
2017,1,4,7,30,808,457
2017,1,4,8,30,875,571
2017,1,4,9,30,166,374
2017,1,4,10,30,907,609
2017,1,4,11,30,878,529
2017,1,4,12,30,32,168
2017,1,4,13,30,605,210
2017,1,4,14,30,221,38
2017,1,4,15,30,0,0
2017,1,4,16,30,0,0
2017,1,4,17,30,0,0
2017,1,4,18,30,0,0
2017,1,4,19,30,0,0
2017,1,4,20,30,0,0
2017,1,4,21,30,0,0
2017,1,4,22,30,0,0
2017,1,4,23,30,0,0
2017,1,5,0,30,0,0
2017,1,5,1,30,0,0
2017,1,5,2,30,0,0
2017,1,5,3,30,0,0
2017,1,5,4,30,0,0
2017,1,5,5,30,513,118
2017,1,5,6,30,756,306
2017,1,5,7,30,866,472
2017,1,5,8,30,916,585
2017,1,5,9,30,932,639
2017,1,5,10,30,375,455
2017,1,5,11,30,272,361
2017,1,5,12,30,151,231
2017,1,5,13,30,0,68
2017,1,5,14,30,0,15
2017,1,5,15,30,0,0
2017,1,5,16,30,0,0
2017,1,5,17,30,0,0
2017,1,5,18,30,0,0
2017,1,5,19,30,0,0
2017,1,5,20,30,0,0
2017,1,5,21,30,0,0
2017,1,5,22,30,0,0
2017,1,5,23,30,0,0
2017,1,6,0,30,0,0
2017,1,6,1,30,0,0
2017,1,6,2,30,0,0
2017,1,6,3,30,0,0
2017,1,6,4,30,0,0
2017,1,6,5,30,544,122
2017,1,6,6,30,784,315
2017,1,6,7,30,888,482
2017,1,6,8,30,938,599
2017,1,6,9,30,923,646
2017,1,6,10,30,920,630
2017,1,6,11,30,891,549
2017,1,6,12,30,811,407
2017,1,6,13,30,653,225
2017,1,6,14,30,244,42
2017,1,6,15,30,0,0
2017,1,6,16,30,0,0
2017,1,6,17,30,0,0
2017,1,6,18,30,0,0
2017,1,6,19,30,0,0
2017,1,6,20,30,0,0
2017,1,6,21,30,0,0
2017,1,6,22,30,0,0
2017,1,6,23,30,0,0
2017,1,7,0,30,0,0
2017,1,7,1,30,0,0
2017,1,7,2,30,0,0
2017,1,7,3,30,0,0
2017,1,7,4,30,0,0
2017,1,7,5,30,317,106
2017,1,7,6,30,613,293
2017,1,7,7,30,758,460
2017,1,7,8,30,839,581
2017,1,7,9,30,858,634
2017,1,7,10,30,856,620
2017,1,7,11,30,808,536
2017,1,7,12,30,786,406
2017,1,7,13,30,608,222
2017,1,7,14,30,179,42
2017,1,7,15,30,0,0
2017,1,7,16,30,0,0
2017,1,7,17,30,0,0
2017,1,7,18,30,0,0
2017,1,7,19,30,0,0
2017,1,7,20,30,0,0
2017,1,7,21,30,0,0
2017,1,7,22,30,0,0
2017,1,7,23,30,0,0
2017,1,8,0,30,0,0
2017,1,8,1,30,0,0
2017,1,8,2,30,0,0
2017,1,8,3,30,0,0
2017,1,8,4,30,0,0
2017,1,8,5,30,216,99
2017,1,8,6,30,491,278
2017,1,8,7,30,628,439
2017,1,8,8,30,698,554
2017,1,8,9,30,696,601
2017,1,8,10,30,666,584
2017,1,8,11,30,606,502
2017,1,8,12,30,495,364
2017,1,8,13,30,302,191
2017,1,8,14,30,22,29
2017,1,8,15,30,0,0
2017,1,8,16,30,0,0
2017,1,8,17,30,0,0
2017,1,8,18,30,0,0
2017,1,8,19,30,0,0
2017,1,8,20,30,0,0
2017,1,8,21,30,0,0
2017,1,8,22,30,0,0
2017,1,8,23,30,0,0
2017,1,9,0,30,0,0
2017,1,9,1,30,0,0
2017,1,9,2,30,0,0
2017,1,9,3,30,0,0
2017,1,9,4,30,0,0
2017,1,9,5,30,108,88
2017,1,9,6,30,402,270
2017,1,9,7,30,578,433
2017,1,9,8,30,190,360
2017,1,9,9,30,759,614
2017,1,9,10,30,747,600
2017,1,9,11,30,694,518
2017,1,9,12,30,622,385
2017,1,9,13,30,444,211
2017,1,9,14,30,87,39
2017,1,9,15,30,0,0
2017,1,9,16,30,0,0
2017,1,9,17,30,0,0
2017,1,9,18,30,0,0
2017,1,9,19,30,0,0
2017,1,9,20,30,0,0
2017,1,9,21,30,0,0
2017,1,9,22,30,0,0
2017,1,9,23,30,0,0
2017,1,10,0,30,0,0
2017,1,10,1,30,0,0
2017,1,10,2,30,0,0
2017,1,10,3,30,0,0
2017,1,10,4,30,0,0
2017,1,10,5,30,428,114
2017,1,10,6,30,691,304
2017,1,10,7,30,123,260
2017,1,10,8,30,180,357
2017,1,10,9,30,213,407
2017,1,10,10,30,231,408
2017,1,10,11,30,831,545
2017,1,10,12,30,767,409
2017,1,10,13,30,64,118
2017,1,10,14,30,0,23
2017,1,10,15,30,0,0
2017,1,10,16,30,0,0
2017,1,10,17,30,0,0
2017,1,10,18,30,0,0
2017,1,10,19,30,0,0
2017,1,10,20,30,0,0
2017,1,10,21,30,0,0
2017,1,10,22,30,0,0
2017,1,10,23,30,0,0
2017,1,11,0,30,0,0
2017,1,11,1,30,0,0
2017,1,11,2,30,0,0
2017,1,11,3,30,0,0
2017,1,11,4,30,0,0
2017,1,11,5,30,347,109
2017,1,11,6,30,633,297
2017,1,11,7,30,768,465
2017,1,11,8,30,839,583
2017,1,11,9,30,881,642
2017,1,11,10,30,878,630
2017,1,11,11,30,844,550
2017,1,11,12,30,801,417
2017,1,11,13,30,183,150
2017,1,11,14,30,278,52
2017,1,11,15,30,0,0
2017,1,11,16,30,0,0
2017,1,11,17,30,0,0
2017,1,11,18,30,0,0
2017,1,11,19,30,0,0
2017,1,11,20,30,0,0
2017,1,11,21,30,0,0
2017,1,11,22,30,0,0
2017,1,11,23,30,0,0
2017,1,12,0,30,0,0
2017,1,12,1,30,0,0
2017,1,12,2,30,0,0
2017,1,12,3,30,0,0
2017,1,12,4,30,0,0
2017,1,12,5,30,0,41
2017,1,12,6,30,114,170
2017,1,12,7,30,426,365
2017,1,12,8,30,878,594
2017,1,12,9,30,883,645
2017,1,12,10,30,871,630
2017,1,12,11,30,837,550
2017,1,12,12,30,265,282
2017,1,12,13,30,37,111
2017,1,12,14,30,216,51
2017,1,12,15,30,0,0
2017,1,12,16,30,0,0
2017,1,12,17,30,0,0
2017,1,12,18,30,0,0
2017,1,12,19,30,0,0
2017,1,12,20,30,0,0
2017,1,12,21,30,0,0
2017,1,12,22,30,0,0
2017,1,12,23,30,0,0
2017,1,13,0,30,0,0
2017,1,13,1,30,0,0
2017,1,13,2,30,0,0
2017,1,13,3,30,0,0
2017,1,13,4,30,0,0
2017,1,13,5,30,0,8
2017,1,13,6,30,0,23
2017,1,13,7,30,0,129
2017,1,13,8,30,0,51
2017,1,13,9,30,49,289
2017,1,13,10,30,0,56
2017,1,13,11,30,264,376
2017,1,13,12,30,831,425
2017,1,13,13,30,0,67
2017,1,13,14,30,371,59
2017,1,13,15,30,0,0
2017,1,13,16,30,0,0
2017,1,13,17,30,0,0
2017,1,13,18,30,0,0
2017,1,13,19,30,0,0
2017,1,13,20,30,0,0
2017,1,13,21,30,0,0
2017,1,13,22,30,0,0
2017,1,13,23,30,0,0
2017,1,14,0,30,0,0
2017,1,14,1,30,0,0
2017,1,14,2,30,0,0
2017,1,14,3,30,0,0
2017,1,14,4,30,0,0
2017,1,14,5,30,0,11
2017,1,14,6,30,0,30
2017,1,14,7,30,706,450
2017,1,14,8,30,0,100
2017,1,14,9,30,97,341
2017,1,14,10,30,56,295
2017,1,14,11,30,21,215
2017,1,14,12,30,0,18
2017,1,14,13,30,0,53
2017,1,14,14,30,0,16
2017,1,14,15,30,0,0
2017,1,14,16,30,0,0
2017,1,14,17,30,0,0
2017,1,14,18,30,0,0
2017,1,14,19,30,0,0
2017,1,14,20,30,0,0
2017,1,14,21,30,0,0
2017,1,14,22,30,0,0
2017,1,14,23,30,0,0
2017,1,15,0,30,0,0
2017,1,15,1,30,0,0
2017,1,15,2,30,0,0
2017,1,15,3,30,0,0
2017,1,15,4,30,0,0
2017,1,15,5,30,0,8
2017,1,15,6,30,0,24
2017,1,15,7,30,632,440
2017,1,15,8,30,85,303
2017,1,15,9,30,52,297
2017,1,15,10,30,9,205
2017,1,15,11,30,162,335
2017,1,15,12,30,760,418
2017,1,15,13,30,612,241
2017,1,15,14,30,275,59
2017,1,15,15,30,0,0
2017,1,15,16,30,0,0
2017,1,15,17,30,0,0
2017,1,15,18,30,0,0
2017,1,15,19,30,0,0
2017,1,15,20,30,0,0
2017,1,15,21,30,0,0
2017,1,15,22,30,0,0
2017,1,15,23,30,0,0
2017,1,16,0,30,0,0
2017,1,16,1,30,0,0
2017,1,16,2,30,0,0
2017,1,16,3,30,0,0
2017,1,16,4,30,0,0
2017,1,16,5,30,0,26
2017,1,16,6,30,664,306
2017,1,16,7,30,180,293
2017,1,16,8,30,210,380
2017,1,16,9,30,228,426
2017,1,16,10,30,224,417
2017,1,16,11,30,199,356
2017,1,16,12,30,152,253
2017,1,16,13,30,83,133
2017,1,16,14,30,17,34
2017,1,16,15,30,0,0
2017,1,16,16,30,0,0
2017,1,16,17,30,0,0
2017,1,16,18,30,0,0
2017,1,16,19,30,0,0
2017,1,16,20,30,0,0
2017,1,16,21,30,0,0
2017,1,16,22,30,0,0
2017,1,16,23,30,0,0
2017,1,17,0,30,0,0
2017,1,17,1,30,0,0
2017,1,17,2,30,0,0
2017,1,17,3,30,0,0
2017,1,17,4,30,0,0
2017,1,17,5,30,113,74
2017,1,17,6,30,496,260
2017,1,17,7,30,737,439
2017,1,17,8,30,760,548
2017,1,17,9,30,673,576
2017,1,17,10,30,596,546
2017,1,17,11,30,632,491
2017,1,17,12,30,721,397
2017,1,17,13,30,506,218
2017,1,17,14,30,184,51
2017,1,17,15,30,0,0
2017,1,17,16,30,0,0
2017,1,17,17,30,0,0
2017,1,17,18,30,0,0
2017,1,17,19,30,0,0
2017,1,17,20,30,0,0
2017,1,17,21,30,0,0
2017,1,17,22,30,0,0
2017,1,17,23,30,0,0
2017,1,18,0,30,0,0
2017,1,18,1,30,0,0
2017,1,18,2,30,0,0
2017,1,18,3,30,0,0
2017,1,18,4,30,0,0
2017,1,18,5,30,164,96
2017,1,18,6,30,419,274
2017,1,18,7,30,561,437
2017,1,18,8,30,641,556
2017,1,18,9,30,796,611
2017,1,18,10,30,776,597
2017,1,18,11,30,747,522
2017,1,18,12,30,696,421
2017,1,18,13,30,526,242
2017,1,18,14,30,177,60
2017,1,18,15,30,0,0
2017,1,18,16,30,0,0
2017,1,18,17,30,0,0
2017,1,18,18,30,0,0
2017,1,18,19,30,0,0
2017,1,18,20,30,0,0
2017,1,18,21,30,0,0
2017,1,18,22,30,0,0
2017,1,18,23,30,0,0
2017,1,19,0,30,0,0
2017,1,19,1,30,0,0
2017,1,19,2,30,0,0
2017,1,19,3,30,0,0
2017,1,19,4,30,0,0
2017,1,19,5,30,0,33
2017,1,19,6,30,0,73
2017,1,19,7,30,0,144
2017,1,19,8,30,167,363
2017,1,19,9,30,825,652
2017,1,19,10,30,834,644
2017,1,19,11,30,811,569
2017,1,19,12,30,731,432
2017,1,19,13,30,583,253
2017,1,19,14,30,247,67
2017,1,19,15,30,0,0
2017,1,19,16,30,0,0
2017,1,19,17,30,0,0
2017,1,19,18,30,0,0
2017,1,19,19,30,0,0
2017,1,19,20,30,0,0
2017,1,19,21,30,0,0
2017,1,19,22,30,0,0
2017,1,19,23,30,0,0
2017,1,20,0,30,0,0
2017,1,20,1,30,0,0
2017,1,20,2,30,0,0
2017,1,20,3,30,0,0
2017,1,20,4,30,0,0
2017,1,20,5,30,169,83
2017,1,20,6,30,736,322
2017,1,20,7,30,860,497
2017,1,20,8,30,919,620
2017,1,20,9,30,927,677
2017,1,20,10,30,924,666
2017,1,20,11,30,897,589
2017,1,20,12,30,793,422
2017,1,20,13,30,597,240
2017,1,20,14,30,247,61
2017,1,20,15,30,0,0
2017,1,20,16,30,0,0
2017,1,20,17,30,0,0
2017,1,20,18,30,0,0
2017,1,20,19,30,0,0
2017,1,20,20,30,0,0
2017,1,20,21,30,0,0
2017,1,20,22,30,0,0
2017,1,20,23,30,0,0
2017,1,21,0,30,0,0
2017,1,21,1,30,0,0
2017,1,21,2,30,0,0
2017,1,21,3,30,0,0
2017,1,21,4,30,0,0
2017,1,21,5,30,0,27
2017,1,21,6,30,0,47
2017,1,21,7,30,0,67
2017,1,21,8,30,0,106
2017,1,21,9,30,0,116
2017,1,21,10,30,0,115
2017,1,21,11,30,0,115
2017,1,21,12,30,0,82
2017,1,21,13,30,0,37
2017,1,21,14,30,0,10
2017,1,21,15,30,0,0
2017,1,21,16,30,0,0
2017,1,21,17,30,0,0
2017,1,21,18,30,0,0
2017,1,21,19,30,0,0
2017,1,21,20,30,0,0
2017,1,21,21,30,0,0
2017,1,21,22,30,0,0
2017,1,21,23,30,0,0
2017,1,22,0,30,0,0
2017,1,22,1,30,0,0
2017,1,22,2,30,0,0
2017,1,22,3,30,0,0
2017,1,22,4,30,0,0
2017,1,22,5,30,0,24
2017,1,22,6,30,0,49
2017,1,22,7,30,0,66
2017,1,22,8,30,0,92
2017,1,22,9,30,0,128
2017,1,22,10,30,15,232
2017,1,22,11,30,31,241
2017,1,22,12,30,0,122
2017,1,22,13,30,0,54
2017,1,22,14,30,0,21
2017,1,22,15,30,0,0
2017,1,22,16,30,0,0
2017,1,22,17,30,0,0
2017,1,22,18,30,0,0
2017,1,22,19,30,0,0
2017,1,22,20,30,0,0
2017,1,22,21,30,0,0
2017,1,22,22,30,0,0
2017,1,22,23,30,0,0
2017,1,23,0,30,0,0
2017,1,23,1,30,0,0
2017,1,23,2,30,0,0
2017,1,23,3,30,0,0
2017,1,23,4,30,0,0
2017,1,23,5,30,534,133
2017,1,23,6,30,773,333
2017,1,23,7,30,878,508
2017,1,23,8,30,929,633
2017,1,23,9,30,944,693
2017,1,23,10,30,937,683
2017,1,23,11,30,887,602
2017,1,23,12,30,819,463
2017,1,23,13,30,703,282
2017,1,23,14,30,368,83
2017,1,23,15,30,0,0
2017,1,23,16,30,0,0
2017,1,23,17,30,0,0
2017,1,23,18,30,0,0
2017,1,23,19,30,0,0
2017,1,23,20,30,0,0
2017,1,23,21,30,0,0
2017,1,23,22,30,0,0
2017,1,23,23,30,0,0
2017,1,24,0,30,0,0
2017,1,24,1,30,0,0
2017,1,24,2,30,0,0
2017,1,24,3,30,0,0
2017,1,24,4,30,0,0
2017,1,24,5,30,234,95
2017,1,24,6,30,18,134
2017,1,24,7,30,175,303
2017,1,24,8,30,201,392
2017,1,24,9,30,261,461
2017,1,24,10,30,259,455
2017,1,24,11,30,237,393
2017,1,24,12,30,197,290
2017,1,24,13,30,0,101
2017,1,24,14,30,101,66
2017,1,24,15,30,0,0
2017,1,24,16,30,0,0
2017,1,24,17,30,0,0
2017,1,24,18,30,0,0
2017,1,24,19,30,0,0
2017,1,24,20,30,0,0
2017,1,24,21,30,0,0
2017,1,24,22,30,0,0
2017,1,24,23,30,0,0
2017,1,25,0,30,0,0
2017,1,25,1,30,0,0
2017,1,25,2,30,0,0
2017,1,25,3,30,0,0
2017,1,25,4,30,0,0
2017,1,25,5,30,0,10
2017,1,25,6,30,0,28
2017,1,25,7,30,0,27
2017,1,25,8,30,12,212
2017,1,25,9,30,69,333
2017,1,25,10,30,176,414
2017,1,25,11,30,41,261
2017,1,25,12,30,0,142
2017,1,25,13,30,0,52
2017,1,25,14,30,0,18
2017,1,25,15,30,0,0
2017,1,25,16,30,0,0
2017,1,25,17,30,0,0
2017,1,25,18,30,0,0
2017,1,25,19,30,0,0
2017,1,25,20,30,0,0
2017,1,25,21,30,0,0
2017,1,25,22,30,0,0
2017,1,25,23,30,0,0
2017,1,26,0,30,0,0
2017,1,26,1,30,0,0
2017,1,26,2,30,0,0
2017,1,26,3,30,0,0
2017,1,26,4,30,0,0
2017,1,26,5,30,0,8
2017,1,26,6,30,35,148
2017,1,26,7,30,93,263
2017,1,26,8,30,150,368
2017,1,26,9,30,37,291
2017,1,26,10,30,0,157
2017,1,26,11,30,0,130
2017,1,26,12,30,4,158
2017,1,26,13,30,0,72
2017,1,26,14,30,0,26
2017,1,26,15,30,0,0
2017,1,26,16,30,0,0
2017,1,26,17,30,0,0
2017,1,26,18,30,0,0
2017,1,26,19,30,0,0
2017,1,26,20,30,0,0
2017,1,26,21,30,0,0
2017,1,26,22,30,0,0
2017,1,26,23,30,0,0
2017,1,27,0,30,0,0
2017,1,27,1,30,0,0
2017,1,27,2,30,0,0
2017,1,27,3,30,0,0
2017,1,27,4,30,0,0
2017,1,27,5,30,0,7
2017,1,27,6,30,0,26
2017,1,27,7,30,0,42
2017,1,27,8,30,0,55
2017,1,27,9,30,0,86
2017,1,27,10,30,0,61
2017,1,27,11,30,0,54
2017,1,27,12,30,93,248
2017,1,27,13,30,0,22
2017,1,27,14,30,0,7
2017,1,27,15,30,0,0
2017,1,27,16,30,0,0
2017,1,27,17,30,0,0
2017,1,27,18,30,0,0
2017,1,27,19,30,0,0
2017,1,27,20,30,0,0
2017,1,27,21,30,0,0
2017,1,27,22,30,0,0
2017,1,27,23,30,0,0
2017,1,28,0,30,0,0
2017,1,28,1,30,0,0
2017,1,28,2,30,0,0
2017,1,28,3,30,0,0
2017,1,28,4,30,0,0
2017,1,28,5,30,329,126
2017,1,28,6,30,0,26
2017,1,28,7,30,0,43
2017,1,28,8,30,0,56
2017,1,28,9,30,0,122
2017,1,28,10,30,295,483
2017,1,28,11,30,0,54
2017,1,28,12,30,0,40
2017,1,28,13,30,0,23
2017,1,28,14,30,207,86
2017,1,28,15,30,0,0
2017,1,28,16,30,0,0
2017,1,28,17,30,0,0
2017,1,28,18,30,0,0
2017,1,28,19,30,0,0
2017,1,28,20,30,0,0
2017,1,28,21,30,0,0
2017,1,28,22,30,0,0
2017,1,28,23,30,0,0
2017,1,29,0,30,0,0
2017,1,29,1,30,0,0
2017,1,29,2,30,0,0
2017,1,29,3,30,0,0
2017,1,29,4,30,0,0
2017,1,29,5,30,546,144
2017,1,29,6,30,779,348
2017,1,29,7,30,882,527
2017,1,29,8,30,186,395
2017,1,29,9,30,97,370
2017,1,29,10,30,128,391
2017,1,29,11,30,17,225
2017,1,29,12,30,74,239
2017,1,29,13,30,740,307
2017,1,29,14,30,468,104
2017,1,29,15,30,0,0
2017,1,29,16,30,0,0
2017,1,29,17,30,0,0
2017,1,29,18,30,0,0
2017,1,29,19,30,0,0
2017,1,29,20,30,0,0
2017,1,29,21,30,0,0
2017,1,29,22,30,0,0
2017,1,29,23,30,0,0
2017,1,30,0,30,0,0
2017,1,30,1,30,0,0
2017,1,30,2,30,0,0
2017,1,30,3,30,0,0
2017,1,30,4,30,0,0
2017,1,30,5,30,543,145
2017,1,30,6,30,764,347
2017,1,30,7,30,861,524
2017,1,30,8,30,901,647
2017,1,30,9,30,916,709
2017,1,30,10,30,902,697
2017,1,30,11,30,866,621
2017,1,30,12,30,812,484
2017,1,30,13,30,0,77
2017,1,30,14,30,0,40
2017,1,30,15,30,0,0
2017,1,30,16,30,0,0
2017,1,30,17,30,0,0
2017,1,30,18,30,0,0
2017,1,30,19,30,0,0
2017,1,30,20,30,0,0
2017,1,30,21,30,0,0
2017,1,30,22,30,0,0
2017,1,30,23,30,0,0
2017,1,31,0,30,0,0
2017,1,31,1,30,0,0
2017,1,31,2,30,0,0
2017,1,31,3,30,0,0
2017,1,31,4,30,0,0
2017,1,31,5,30,0,7
2017,1,31,6,30,0,25
2017,1,31,7,30,0,43
2017,1,31,8,30,0,56
2017,1,31,9,30,25,272
2017,1,31,10,30,9,215
2017,1,31,11,30,9,205
2017,1,31,12,30,0,52
2017,1,31,13,30,0,23
2017,1,31,14,30,0,8
2017,1,31,15,30,0,0
2017,1,31,16,30,0,0
2017,1,31,17,30,0,0
2017,1,31,18,30,0,0
2017,1,31,19,30,0,0
2017,1,31,20,30,0,0
2017,1,31,21,30,0,0
2017,1,31,22,30,0,0
2017,1,31,23,30,0,0
2017,2,1,0,30,0,0
2017,2,1,1,30,0,0
2017,2,1,2,30,0,0
2017,2,1,3,30,0,0
2017,2,1,4,30,0,0
2017,2,1,5,30,0,10
2017,2,1,6,30,0,37
2017,2,1,7,30,791,518
2017,2,1,8,30,868,650
2017,2,1,9,30,154,422
2017,2,1,10,30,919,713
2017,2,1,11,30,902,641
2017,2,1,12,30,831,501
2017,2,1,13,30,714,315
2017,2,1,14,30,439,111
2017,2,1,15,30,0,0
2017,2,1,16,30,0,0
2017,2,1,17,30,0,0
2017,2,1,18,30,0,0
2017,2,1,19,30,0,0
2017,2,1,20,30,0,0
2017,2,1,21,30,0,0
2017,2,1,22,30,0,0
2017,2,1,23,30,0,0
2017,2,2,0,30,0,0
2017,2,2,1,30,0,0
2017,2,2,2,30,0,0
2017,2,2,3,30,0,0
2017,2,2,4,30,0,0
2017,2,2,5,30,541,153
2017,2,2,6,30,766,359
2017,2,2,7,30,868,540
2017,2,2,8,30,917,666
2017,2,2,9,30,914,727
2017,2,2,10,30,922,722
2017,2,2,11,30,904,647
2017,2,2,12,30,852,510
2017,2,2,13,30,742,323
2017,2,2,14,30,483,117
2017,2,2,15,30,0,0
2017,2,2,16,30,0,0
2017,2,2,17,30,0,0
2017,2,2,18,30,0,0
2017,2,2,19,30,0,0
2017,2,2,20,30,0,0
2017,2,2,21,30,0,0
2017,2,2,22,30,0,0
2017,2,2,23,30,0,0
2017,2,3,0,30,0,0
2017,2,3,1,30,0,0
2017,2,3,2,30,0,0
2017,2,3,3,30,0,0
2017,2,3,4,30,0,0
2017,2,3,5,30,616,161
2017,2,3,6,30,825,372
2017,2,3,7,30,920,554
2017,2,3,8,30,966,684
2017,2,3,9,30,982,748
2017,2,3,10,30,982,742
2017,2,3,11,30,960,665
2017,2,3,12,30,895,523
2017,2,3,13,30,788,334
2017,2,3,14,30,534,123
2017,2,3,15,30,0,0
2017,2,3,16,30,0,0
2017,2,3,17,30,0,0
2017,2,3,18,30,0,0
2017,2,3,19,30,0,0
2017,2,3,20,30,0,0
2017,2,3,21,30,0,0
2017,2,3,22,30,0,0
2017,2,3,23,30,0,0
2017,2,4,0,30,0,0
2017,2,4,1,30,0,0
2017,2,4,2,30,0,0
2017,2,4,3,30,0,0
2017,2,4,4,30,0,0
2017,2,4,5,30,0,35
2017,2,4,6,30,28,154
2017,2,4,7,30,904,553
2017,2,4,8,30,163,398
2017,2,4,9,30,373,543
2017,2,4,10,30,947,734
2017,2,4,11,30,411,496
2017,2,4,12,30,840,513
2017,2,4,13,30,0,45
2017,2,4,14,30,0,9
2017,2,4,15,30,0,0
2017,2,4,16,30,0,0
2017,2,4,17,30,0,0
2017,2,4,18,30,0,0
2017,2,4,19,30,0,0
2017,2,4,20,30,0,0
2017,2,4,21,30,0,0
2017,2,4,22,30,0,0
2017,2,4,23,30,0,0
2017,2,5,0,30,0,0
2017,2,5,1,30,0,0
2017,2,5,2,30,0,0
2017,2,5,3,30,0,0
2017,2,5,4,30,0,0
2017,2,5,5,30,508,155
2017,2,5,6,30,744,363
2017,2,5,7,30,857,546
2017,2,5,8,30,916,676
2017,2,5,9,30,933,741
2017,2,5,10,30,938,736
2017,2,5,11,30,918,661
2017,2,5,12,30,846,519
2017,2,5,13,30,735,332
2017,2,5,14,30,481,124
2017,2,5,15,30,0,0
2017,2,5,16,30,0,0
2017,2,5,17,30,0,0
2017,2,5,18,30,0,0
2017,2,5,19,30,0,0
2017,2,5,20,30,0,0
2017,2,5,21,30,0,0
2017,2,5,22,30,0,0
2017,2,5,23,30,0,0
2017,2,6,0,30,0,0
2017,2,6,1,30,0,0
2017,2,6,2,30,0,0
2017,2,6,3,30,0,0
2017,2,6,4,30,0,0
2017,2,6,5,30,522,158
2017,2,6,6,30,723,360
2017,2,6,7,30,831,538
2017,2,6,8,30,894,668
2017,2,6,9,30,910,731
2017,2,6,10,30,911,725
2017,2,6,11,30,887,651
2017,2,6,12,30,841,517
2017,2,6,13,30,731,332
2017,2,6,14,30,491,127
2017,2,6,15,30,0,0
2017,2,6,16,30,0,0
2017,2,6,17,30,0,0
2017,2,6,18,30,0,0
2017,2,6,19,30,0,0
2017,2,6,20,30,0,0
2017,2,6,21,30,0,0
2017,2,6,22,30,0,0
2017,2,6,23,30,0,0
2017,2,7,0,30,0,0
2017,2,7,1,30,0,0
2017,2,7,2,30,0,0
2017,2,7,3,30,0,0
2017,2,7,4,30,0,0
2017,2,7,5,30,632,174
2017,2,7,6,30,831,387
2017,2,7,7,30,920,570
2017,2,7,8,30,963,701
2017,2,7,9,30,929,755
2017,2,7,10,30,920,748
2017,2,7,11,30,886,666
2017,2,7,12,30,843,529
2017,2,7,13,30,735,343
2017,2,7,14,30,480,132
2017,2,7,15,30,0,0
2017,2,7,16,30,0,0
2017,2,7,17,30,0,0
2017,2,7,18,30,0,0
2017,2,7,19,30,0,0
2017,2,7,20,30,0,0
2017,2,7,21,30,0,0
2017,2,7,22,30,0,0
2017,2,7,23,30,0,0
2017,2,8,0,30,0,0
2017,2,8,1,30,0,0
2017,2,8,2,30,0,0
2017,2,8,3,30,0,0
2017,2,8,4,30,0,0
2017,2,8,5,30,0,40
2017,2,8,6,30,0,16
2017,2,8,7,30,189,344
2017,2,8,8,30,750,655
2017,2,8,9,30,787,722
2017,2,8,10,30,778,713
2017,2,8,11,30,720,630
2017,2,8,12,30,600,486
2017,2,8,13,30,416,296
2017,2,8,14,30,143,101
2017,2,8,15,30,0,0
2017,2,8,16,30,0,0
2017,2,8,17,30,0,0
2017,2,8,18,30,0,0
2017,2,8,19,30,0,0
2017,2,8,20,30,0,0
2017,2,8,21,30,0,0
2017,2,8,22,30,0,0
2017,2,8,23,30,0,0
2017,2,9,0,30,0,0
2017,2,9,1,30,0,0
2017,2,9,2,30,0,0
2017,2,9,3,30,0,0
2017,2,9,4,30,0,0
2017,2,9,5,30,473,161
2017,2,9,6,30,0,29
2017,2,9,7,30,32,231
2017,2,9,8,30,178,421
2017,2,9,9,30,830,729
2017,2,9,10,30,0,99
2017,2,9,11,30,0,60
2017,2,9,12,30,0,45
2017,2,9,13,30,0,26
2017,2,9,14,30,0,9
2017,2,9,15,30,0,0
2017,2,9,16,30,0,0
2017,2,9,17,30,0,0
2017,2,9,18,30,0,0
2017,2,9,19,30,0,0
2017,2,9,20,30,0,0
2017,2,9,21,30,0,0
2017,2,9,22,30,0,0
2017,2,9,23,30,0,0
2017,2,10,0,30,0,0
2017,2,10,1,30,0,0
2017,2,10,2,30,0,0
2017,2,10,3,30,0,0
2017,2,10,4,30,0,0
2017,2,10,5,30,471,166
2017,2,10,6,30,701,374
2017,2,10,7,30,811,556
2017,2,10,8,30,871,689
2017,2,10,9,30,855,743
2017,2,10,10,30,856,738
2017,2,10,11,30,829,662
2017,2,10,12,30,763,523
2017,2,10,13,30,636,336
2017,2,10,14,30,370,130
2017,2,10,15,30,0,0
2017,2,10,16,30,0,0
2017,2,10,17,30,0,0
2017,2,10,18,30,0,0
2017,2,10,19,30,0,0
2017,2,10,20,30,0,0
2017,2,10,21,30,0,0
2017,2,10,22,30,0,0
2017,2,10,23,30,0,0
2017,2,11,0,30,0,0
2017,2,11,1,30,0,0
2017,2,11,2,30,0,0
2017,2,11,3,30,0,0
2017,2,11,4,30,0,0
2017,2,11,5,30,418,163
2017,2,11,6,30,0,31
2017,2,11,7,30,142,328
2017,2,11,8,30,30,279
2017,2,11,9,30,179,469
2017,2,11,10,30,170,459
2017,2,11,11,30,171,413
2017,2,11,12,30,36,230
2017,2,11,13,30,16,141
2017,2,11,14,30,312,128
2017,2,11,15,30,0,0
2017,2,11,16,30,0,0
2017,2,11,17,30,0,0
2017,2,11,18,30,0,0
2017,2,11,19,30,0,0
2017,2,11,20,30,0,0
2017,2,11,21,30,0,0
2017,2,11,22,30,0,0
2017,2,11,23,30,0,0
2017,2,12,0,30,0,0
2017,2,12,1,30,0,0
2017,2,12,2,30,0,0
2017,2,12,3,30,0,0
2017,2,12,4,30,0,0
2017,2,12,5,30,0,10
2017,2,12,6,30,0,40
2017,2,12,7,30,48,257
2017,2,12,8,30,380,527
2017,2,12,9,30,200,486
2017,2,12,10,30,0,108
2017,2,12,11,30,857,665
2017,2,12,12,30,136,312
2017,2,12,13,30,683,343
2017,2,12,14,30,0,62
2017,2,12,15,30,0,0
2017,2,12,16,30,0,0
2017,2,12,17,30,0,0
2017,2,12,18,30,0,0
2017,2,12,19,30,0,0
2017,2,12,20,30,0,0
2017,2,12,21,30,0,0
2017,2,12,22,30,0,0
2017,2,12,23,30,0,0
2017,2,13,0,30,0,0
2017,2,13,1,30,0,0
2017,2,13,2,30,0,0
2017,2,13,3,30,0,0
2017,2,13,4,30,0,0
2017,2,13,5,30,0,13
2017,2,13,6,30,45,180
2017,2,13,7,30,730,548
2017,2,13,8,30,116,389
2017,2,13,9,30,816,743
2017,2,13,10,30,0,46
2017,2,13,11,30,0,62
2017,2,13,12,30,0,57
2017,2,13,13,30,0,28
2017,2,13,14,30,0,10
2017,2,13,15,30,0,0
2017,2,13,16,30,0,0
2017,2,13,17,30,0,0
2017,2,13,18,30,0,0
2017,2,13,19,30,0,0
2017,2,13,20,30,0,0
2017,2,13,21,30,0,0
2017,2,13,22,30,0,0
2017,2,13,23,30,0,0
2017,2,14,0,30,0,0
2017,2,14,1,30,0,0
2017,2,14,2,30,0,0
2017,2,14,3,30,0,0
2017,2,14,4,30,31,11
2017,2,14,5,30,0,13
2017,2,14,6,30,0,32
2017,2,14,7,30,0,49
2017,2,14,8,30,174,434
2017,2,14,9,30,900,768
2017,2,14,10,30,898,762
2017,2,14,11,30,175,424
2017,2,14,12,30,783,539
2017,2,14,13,30,146,214
2017,2,14,14,30,378,141
2017,2,14,15,30,0,0
2017,2,14,16,30,0,0
2017,2,14,17,30,0,0
2017,2,14,18,30,0,0
2017,2,14,19,30,0,0
2017,2,14,20,30,0,0
2017,2,14,21,30,0,0
2017,2,14,22,30,0,0
2017,2,14,23,30,0,0
2017,2,15,0,30,0,0
2017,2,15,1,30,0,0
2017,2,15,2,30,0,0
2017,2,15,3,30,0,0
2017,2,15,4,30,9,10
2017,2,15,5,30,0,13
2017,2,15,6,30,0,32
2017,2,15,7,30,108,316
2017,2,15,8,30,856,702
2017,2,15,9,30,0,72
2017,2,15,10,30,0,97
2017,2,15,11,30,0,63
2017,2,15,12,30,0,54
2017,2,15,13,30,0,34
2017,2,15,14,30,0,50
2017,2,15,15,30,0,0
2017,2,15,16,30,0,0
2017,2,15,17,30,0,0
2017,2,15,18,30,0,0
2017,2,15,19,30,0,0
2017,2,15,20,30,0,0
2017,2,15,21,30,0,0
2017,2,15,22,30,0,0
2017,2,15,23,30,0,0
2017,2,16,0,30,0,0
2017,2,16,1,30,0,0
2017,2,16,2,30,0,0
2017,2,16,3,30,0,0
2017,2,16,4,30,0,2
2017,2,16,5,30,0,14
2017,2,16,6,30,0,32
2017,2,16,7,30,0,51
2017,2,16,8,30,0,64
2017,2,16,9,30,0,71
2017,2,16,10,30,0,70
2017,2,16,11,30,0,62
2017,2,16,12,30,0,48
2017,2,16,13,30,0,20
2017,2,16,14,30,0,9
2017,2,16,15,30,0,0
2017,2,16,16,30,0,0
2017,2,16,17,30,0,0
2017,2,16,18,30,0,0
2017,2,16,19,30,0,0
2017,2,16,20,30,0,0
2017,2,16,21,30,0,0
2017,2,16,22,30,0,0
2017,2,16,23,30,0,0
2017,2,17,0,30,0,0
2017,2,17,1,30,0,0
2017,2,17,2,30,0,0
2017,2,17,3,30,0,0
2017,2,17,4,30,16,5
2017,2,17,5,30,625,204
2017,2,17,6,30,813,421
2017,2,17,7,30,892,604
2017,2,17,8,30,933,735
2017,2,17,9,30,952,801
2017,2,17,10,30,941,791
2017,2,17,11,30,90,367
2017,2,17,12,30,867,573
2017,2,17,13,30,47,174
2017,2,17,14,30,553,165
2017,2,17,15,30,0,0
2017,2,17,16,30,0,0
2017,2,17,17,30,0,0
2017,2,17,18,30,0,0
2017,2,17,19,30,0,0
2017,2,17,20,30,0,0
2017,2,17,21,30,0,0
2017,2,17,22,30,0,0
2017,2,17,23,30,0,0
2017,2,18,0,30,0,0
2017,2,18,1,30,0,0
2017,2,18,2,30,0,0
2017,2,18,3,30,0,0
2017,2,18,4,30,141,19
2017,2,18,5,30,633,209
2017,2,18,6,30,825,429
2017,2,18,7,30,914,616
2017,2,18,8,30,961,749
2017,2,18,9,30,962,811
2017,2,18,10,30,960,805
2017,2,18,11,30,936,726
2017,2,18,12,30,882,583
2017,2,18,13,30,777,388
2017,2,18,14,30,552,168
2017,2,18,15,30,0,0
2017,2,18,16,30,0,0
2017,2,18,17,30,0,0
2017,2,18,18,30,0,0
2017,2,18,19,30,0,0
2017,2,18,20,30,0,0
2017,2,18,21,30,0,0
2017,2,18,22,30,0,0
2017,2,18,23,30,0,0
2017,2,19,0,30,0,0
2017,2,19,1,30,0,0
2017,2,19,2,30,0,0
2017,2,19,3,30,0,0
2017,2,19,4,30,153,22
2017,2,19,5,30,668,220
2017,2,19,6,30,849,443
2017,2,19,7,30,934,633
2017,2,19,8,30,977,768
2017,2,19,9,30,985,828
2017,2,19,10,30,984,821
2017,2,19,11,30,964,742
2017,2,19,12,30,897,594
2017,2,19,13,30,797,398
2017,2,19,14,30,580,175
2017,2,19,15,30,0,0
2017,2,19,16,30,0,0
2017,2,19,17,30,0,0
2017,2,19,18,30,0,0
2017,2,19,19,30,0,0
2017,2,19,20,30,0,0
2017,2,19,21,30,0,0
2017,2,19,22,30,0,0
2017,2,19,23,30,0,0
2017,2,20,0,30,0,0
2017,2,20,1,30,0,0
2017,2,20,2,30,0,0
2017,2,20,3,30,0,0
2017,2,20,4,30,110,22
2017,2,20,5,30,620,219
2017,2,20,6,30,814,441
2017,2,20,7,30,906,631
2017,2,20,8,30,949,766
2017,2,20,9,30,975,834
2017,2,20,10,30,959,820
2017,2,20,11,30,928,739
2017,2,20,12,30,881,595
2017,2,20,13,30,770,397
2017,2,20,14,30,544,175
2017,2,20,15,30,0,0
2017,2,20,16,30,0,0
2017,2,20,17,30,0,0
2017,2,20,18,30,0,0
2017,2,20,19,30,0,0
2017,2,20,20,30,0,0
2017,2,20,21,30,0,0
2017,2,20,22,30,0,0
2017,2,20,23,30,0,0
2017,2,21,0,30,0,0
2017,2,21,1,30,0,0
2017,2,21,2,30,0,0
2017,2,21,3,30,0,0
2017,2,21,4,30,71,21
2017,2,21,5,30,519,206
2017,2,21,6,30,717,421
2017,2,21,7,30,824,607
2017,2,21,8,30,884,741
2017,2,21,9,30,904,806
2017,2,21,10,30,909,802
2017,2,21,11,30,889,725
2017,2,21,12,30,826,578
2017,2,21,13,30,711,385
2017,2,21,14,30,478,168
2017,2,21,15,30,0,0
2017,2,21,16,30,0,0
2017,2,21,17,30,0,0
2017,2,21,18,30,0,0
2017,2,21,19,30,0,0
2017,2,21,20,30,0,0
2017,2,21,21,30,0,0
2017,2,21,22,30,0,0
2017,2,21,23,30,0,0
2017,2,22,0,30,0,0
2017,2,22,1,30,0,0
2017,2,22,2,30,0,0
2017,2,22,3,30,0,0
2017,2,22,4,30,23,18
2017,2,22,5,30,371,194
2017,2,22,6,30,562,400
2017,2,22,7,30,643,574
2017,2,22,8,30,4,189
2017,2,22,9,30,4,177
2017,2,22,10,30,0,125
2017,2,22,11,30,11,232
2017,2,22,12,30,0,79
2017,2,22,13,30,0,24
2017,2,22,14,30,0,10
2017,2,22,15,30,0,0
2017,2,22,16,30,0,0
2017,2,22,17,30,0,0
2017,2,22,18,30,0,0
2017,2,22,19,30,0,0
2017,2,22,20,30,0,0
2017,2,22,21,30,0,0
2017,2,22,22,30,0,0
2017,2,22,23,30,0,0
2017,2,23,0,30,0,0
2017,2,23,1,30,0,0
2017,2,23,2,30,0,0
2017,2,23,3,30,0,0
2017,2,23,4,30,24,20
2017,2,23,5,30,383,199
2017,2,23,6,30,607,410
2017,2,23,7,30,730,592
2017,2,23,8,30,193,475
2017,2,23,9,30,753,776
2017,2,23,10,30,754,770
2017,2,23,11,30,727,693
2017,2,23,12,30,620,546
2017,2,23,13,30,508,362
2017,2,23,14,30,289,157
2017,2,23,15,30,0,0
2017,2,23,16,30,0,0
2017,2,23,17,30,0,0
2017,2,23,18,30,0,0
2017,2,23,19,30,0,0
2017,2,23,20,30,0,0
2017,2,23,21,30,0,0
2017,2,23,22,30,0,0
2017,2,23,23,30,0,0
2017,2,24,0,30,0,0
2017,2,24,1,30,0,0
2017,2,24,2,30,0,0
2017,2,24,3,30,0,0
2017,2,24,4,30,86,27
2017,2,24,5,30,531,220
2017,2,24,6,30,732,438
2017,2,24,7,30,834,626
2017,2,24,8,30,881,758
2017,2,24,9,30,846,811
2017,2,24,10,30,846,805
2017,2,24,11,30,816,725
2017,2,24,12,30,704,573
2017,2,24,13,30,576,380
2017,2,24,14,30,326,164
2017,2,24,15,30,0,0
2017,2,24,16,30,0,0
2017,2,24,17,30,0,0
2017,2,24,18,30,0,0
2017,2,24,19,30,0,0
2017,2,24,20,30,0,0
2017,2,24,21,30,0,0
2017,2,24,22,30,0,0
2017,2,24,23,30,0,0
2017,2,25,0,30,0,0
2017,2,25,1,30,0,0
2017,2,25,2,30,0,0
2017,2,25,3,30,0,0
2017,2,25,4,30,54,27
2017,2,25,5,30,480,221
2017,2,25,6,30,685,438
2017,2,25,7,30,793,626
2017,2,25,8,30,852,761
2017,2,25,9,30,866,825
2017,2,25,10,30,875,820
2017,2,25,11,30,857,742
2017,2,25,12,30,805,597
2017,2,25,13,30,696,402
2017,2,25,14,30,464,180
2017,2,25,15,30,0,0
2017,2,25,16,30,0,0
2017,2,25,17,30,0,0
2017,2,25,18,30,0,0
2017,2,25,19,30,0,0
2017,2,25,20,30,0,0
2017,2,25,21,30,0,0
2017,2,25,22,30,0,0
2017,2,25,23,30,0,0
2017,2,26,0,30,0,0
2017,2,26,1,30,0,0
2017,2,26,2,30,0,0
2017,2,26,3,30,0,0
2017,2,26,4,30,66,30
2017,2,26,5,30,492,227
2017,2,26,6,30,693,447
2017,2,26,7,30,788,631
2017,2,26,8,30,839,763
2017,2,26,9,30,797,816
2017,2,26,10,30,797,809
2017,2,26,11,30,768,729
2017,2,26,12,30,704,582
2017,2,26,13,30,578,388
2017,2,26,14,30,332,171
2017,2,26,15,30,0,0
2017,2,26,16,30,0,0
2017,2,26,17,30,0,0
2017,2,26,18,30,0,0
2017,2,26,19,30,0,0
2017,2,26,20,30,0,0
2017,2,26,21,30,0,0
2017,2,26,22,30,0,0
2017,2,26,23,30,0,0
2017,2,27,0,30,0,0
2017,2,27,1,30,0,0
2017,2,27,2,30,0,0
2017,2,27,3,30,0,0
2017,2,27,4,30,0,21
2017,2,27,5,30,67,125
2017,2,27,6,30,325,332
2017,2,27,7,30,745,629
2017,2,27,8,30,800,761
2017,2,27,9,30,806,819
2017,2,27,10,30,802,811
2017,2,27,11,30,769,728
2017,2,27,12,30,688,578
2017,2,27,13,30,23,169
2017,2,27,14,30,191,129
2017,2,27,15,30,2,7
2017,2,27,16,30,0,0
2017,2,27,17,30,0,0
2017,2,27,18,30,0,0
2017,2,27,19,30,0,0
2017,2,27,20,30,0,0
2017,2,27,21,30,0,0
2017,2,27,22,30,0,0
2017,2,27,23,30,0,0
2017,2,28,0,30,0,0
2017,2,28,1,30,0,0
2017,2,28,2,30,0,0
2017,2,28,3,30,0,0
2017,2,28,4,30,0,6
2017,2,28,5,30,0,91
2017,2,28,6,30,0,32
2017,2,28,7,30,0,42
2017,2,28,8,30,0,57
2017,2,28,9,30,55,392
2017,2,28,10,30,286,587
2017,2,28,11,30,75,377
2017,2,28,12,30,55,285
2017,2,28,13,30,0,136
2017,2,28,14,30,0,14
2017,2,28,15,30,0,3
2017,2,28,16,30,0,0
2017,2,28,17,30,0,0
2017,2,28,18,30,0,0
2017,2,28,19,30,0,0
2017,2,28,20,30,0,0
2017,2,28,21,30,0,0
2017,2,28,22,30,0,0
2017,2,28,23,30,0,0
2017,3,1,0,30,0,0
2017,3,1,1,30,0,0
2017,3,1,2,30,0,0
2017,3,1,3,30,0,0
2017,3,1,4,30,0,5
2017,3,1,5,30,0,12
2017,3,1,6,30,0,122
2017,3,1,7,30,41,284
2017,3,1,8,30,32,319
2017,3,1,9,30,390,650
2017,3,1,10,30,294,595
2017,3,1,11,30,0,154
2017,3,1,12,30,0,91
2017,3,1,13,30,0,86
2017,3,1,14,30,0,39
2017,3,1,15,30,0,1
2017,3,1,16,30,0,0
2017,3,1,17,30,0,0
2017,3,1,18,30,0,0
2017,3,1,19,30,0,0
2017,3,1,20,30,0,0
2017,3,1,21,30,0,0
2017,3,1,22,30,0,0
2017,3,1,23,30,0,0
2017,3,2,0,30,0,0
2017,3,2,1,30,0,0
2017,3,2,2,30,0,0
2017,3,2,3,30,0,0
2017,3,2,4,30,69,37
2017,3,2,5,30,443,229
2017,3,2,6,30,0,38
2017,3,2,7,30,755,627
2017,3,2,8,30,184,493
2017,3,2,9,30,814,816
2017,3,2,10,30,258,577
2017,3,2,11,30,795,734
2017,3,2,12,30,695,584
2017,3,2,13,30,589,394
2017,3,2,14,30,377,182
2017,3,2,15,30,9,11
2017,3,2,16,30,0,0
2017,3,2,17,30,0,0
2017,3,2,18,30,0,0
2017,3,2,19,30,0,0
2017,3,2,20,30,0,0
2017,3,2,21,30,0,0
2017,3,2,22,30,0,0
2017,3,2,23,30,0,0
2017,3,3,0,30,0,0
2017,3,3,1,30,0,0
2017,3,3,2,30,0,0
2017,3,3,3,30,0,0
2017,3,3,4,30,133,44
2017,3,3,5,30,551,245
2017,3,3,6,30,753,465
2017,3,3,7,30,863,653
2017,3,3,8,30,917,786
2017,3,3,9,30,853,834
2017,3,3,10,30,853,826
2017,3,3,11,30,827,746
2017,3,3,12,30,794,607
2017,3,3,13,30,706,415
2017,3,3,14,30,527,199
2017,3,3,15,30,66,17
2017,3,3,16,30,0,0
2017,3,3,17,30,0,0
2017,3,3,18,30,0,0
2017,3,3,19,30,0,0
2017,3,3,20,30,0,0
2017,3,3,21,30,0,0
2017,3,3,22,30,0,0
2017,3,3,23,30,0,0
2017,3,4,0,30,0,0
2017,3,4,1,30,0,0
2017,3,4,2,30,0,0
2017,3,4,3,30,0,0
2017,3,4,4,30,0,5
2017,3,4,5,30,0,19
2017,3,4,6,30,0,40
2017,3,4,7,30,890,668
2017,3,4,8,30,938,799
2017,3,4,9,30,943,860
2017,3,4,10,30,945,852
2017,3,4,11,30,927,772
2017,3,4,12,30,881,628
2017,3,4,13,30,791,433
2017,3,4,14,30,604,209
2017,3,4,15,30,116,19
2017,3,4,16,30,0,0
2017,3,4,17,30,0,0
2017,3,4,18,30,0,0
2017,3,4,19,30,0,0
2017,3,4,20,30,0,0
2017,3,4,21,30,0,0
2017,3,4,22,30,0,0
2017,3,4,23,30,0,0
2017,3,5,0,30,0,0
2017,3,5,1,30,0,0
2017,3,5,2,30,0,0
2017,3,5,3,30,0,0
2017,3,5,4,30,239,56
2017,3,5,5,30,626,266
2017,3,5,6,30,800,488
2017,3,5,7,30,891,675
2017,3,5,8,30,937,807
2017,3,5,9,30,950,870
2017,3,5,10,30,954,861
2017,3,5,11,30,941,784
2017,3,5,12,30,885,635
2017,3,5,13,30,800,439
2017,3,5,14,30,618,214
2017,3,5,15,30,136,20
2017,3,5,16,30,0,0
2017,3,5,17,30,0,0
2017,3,5,18,30,0,0
2017,3,5,19,30,0,0
2017,3,5,20,30,0,0
2017,3,5,21,30,0,0
2017,3,5,22,30,0,0
2017,3,5,23,30,0,0
2017,3,6,0,30,0,0
2017,3,6,1,30,0,0
2017,3,6,2,30,0,0
2017,3,6,3,30,0,0
2017,3,6,4,30,292,61
2017,3,6,5,30,664,277
2017,3,6,6,30,822,500
2017,3,6,7,30,901,688
2017,3,6,8,30,943,820
2017,3,6,9,30,957,884
2017,3,6,10,30,954,874
2017,3,6,11,30,927,788
2017,3,6,12,30,878,640
2017,3,6,13,30,785,441
2017,3,6,14,30,586,214
2017,3,6,15,30,98,20
2017,3,6,16,30,0,0
2017,3,6,17,30,0,0
2017,3,6,18,30,0,0
2017,3,6,19,30,0,0
2017,3,6,20,30,0,0
2017,3,6,21,30,0,0
2017,3,6,22,30,0,0
2017,3,6,23,30,0,0
2017,3,7,0,30,0,0
2017,3,7,1,30,0,0
2017,3,7,2,30,0,0
2017,3,7,3,30,0,0
2017,3,7,4,30,137,54
2017,3,7,5,30,0,21
2017,3,7,6,30,55,234
2017,3,7,7,30,764,657
2017,3,7,8,30,819,787
2017,3,7,9,30,904,864
2017,3,7,10,30,902,853
2017,3,7,11,30,880,771
2017,3,7,12,30,798,621
2017,3,7,13,30,704,427
2017,3,7,14,30,520,208
2017,3,7,15,30,78,21
2017,3,7,16,30,0,0
2017,3,7,17,30,0,0
2017,3,7,18,30,0,0
2017,3,7,19,30,0,0
2017,3,7,20,30,0,0
2017,3,7,21,30,0,0
2017,3,7,22,30,0,0
2017,3,7,23,30,0,0
2017,3,8,0,30,0,0
2017,3,8,1,30,0,0
2017,3,8,2,30,0,0
2017,3,8,3,30,0,0
2017,3,8,4,30,208,63
2017,3,8,5,30,560,272
2017,3,8,6,30,726,489
2017,3,8,7,30,814,672
2017,3,8,8,30,865,803
2017,3,8,9,30,910,871
2017,3,8,10,30,914,863
2017,3,8,11,30,895,782
2017,3,8,12,30,850,636
2017,3,8,13,30,757,439
2017,3,8,14,30,560,214
2017,3,8,15,30,83,22
2017,3,8,16,30,0,0
2017,3,8,17,30,0,0
2017,3,8,18,30,0,0
2017,3,8,19,30,0,0
2017,3,8,20,30,0,0
2017,3,8,21,30,0,0
2017,3,8,22,30,0,0
2017,3,8,23,30,0,0
2017,3,9,0,30,0,0
2017,3,9,1,30,0,0
2017,3,9,2,30,0,0
2017,3,9,3,30,0,0
2017,3,9,4,30,198,64
2017,3,9,5,30,581,279
2017,3,9,6,30,757,502
2017,3,9,7,30,850,690
2017,3,9,8,30,900,822
2017,3,9,9,30,910,884
2017,3,9,10,30,911,874
2017,3,9,11,30,894,795
2017,3,9,12,30,860,650
2017,3,9,13,30,767,450
2017,3,9,14,30,569,220
2017,3,9,15,30,95,24
2017,3,9,16,30,0,0
2017,3,9,17,30,0,0
2017,3,9,18,30,0,0
2017,3,9,19,30,0,0
2017,3,9,20,30,0,0
2017,3,9,21,30,0,0
2017,3,9,22,30,0,0
2017,3,9,23,30,0,0
2017,3,10,0,30,0,0
2017,3,10,1,30,0,0
2017,3,10,2,30,0,0
2017,3,10,3,30,0,0
2017,3,10,4,30,85,57
2017,3,10,5,30,0,22
2017,3,10,6,30,0,134
2017,3,10,7,30,0,98
2017,3,10,8,30,39,353
2017,3,10,9,30,83,461
2017,3,10,10,30,15,279
2017,3,10,11,30,441,626
2017,3,10,12,30,611,588
2017,3,10,13,30,463,394
2017,3,10,14,30,212,180
2017,3,10,15,30,1,9
2017,3,10,16,30,0,0
2017,3,10,17,30,0,0
2017,3,10,18,30,0,0
2017,3,10,19,30,0,0
2017,3,10,20,30,0,0
2017,3,10,21,30,0,0
2017,3,10,22,30,0,0
2017,3,10,23,30,0,0
2017,3,11,0,30,0,0
2017,3,11,1,30,0,0
2017,3,11,2,30,0,0
2017,3,11,3,30,0,0
2017,3,11,4,30,0,6
2017,3,11,5,30,19,126
2017,3,11,6,30,0,44
2017,3,11,7,30,296,498
2017,3,11,8,30,279,583
2017,3,11,9,30,359,672
2017,3,11,10,30,9,226
2017,3,11,11,30,253,546
2017,3,11,12,30,607,597
2017,3,11,13,30,106,248
2017,3,11,14,30,125,136
2017,3,11,15,30,5,15
2017,3,11,16,30,0,0
2017,3,11,17,30,0,0
2017,3,11,18,30,0,0
2017,3,11,19,30,0,0
2017,3,11,20,30,0,0
2017,3,11,21,30,0,0
2017,3,11,22,30,0,0
2017,3,11,23,30,0,0
2017,3,12,0,30,0,0
2017,3,12,1,30,0,0
2017,3,12,2,30,0,0
2017,3,12,3,30,0,0
2017,3,12,4,30,56,60
2017,3,12,5,30,316,259
2017,3,12,6,30,476,466
2017,3,12,7,30,565,642
2017,3,12,8,30,598,761
2017,3,12,9,30,701,838
2017,3,12,10,30,602,805
2017,3,12,11,30,283,565
2017,3,12,12,30,1,168
2017,3,12,13,30,0,40
2017,3,12,14,30,0,17
2017,3,12,15,30,0,2
2017,3,12,16,30,0,0
2017,3,12,17,30,0,0
2017,3,12,18,30,0,0
2017,3,12,19,30,0,0
2017,3,12,20,30,0,0
2017,3,12,21,30,0,0
2017,3,12,22,30,0,0
2017,3,12,23,30,0,0
2017,3,13,0,30,0,0
2017,3,13,1,30,0,0
2017,3,13,2,30,0,0
2017,3,13,3,30,0,0
2017,3,13,4,30,187,77
2017,3,13,5,30,542,289
2017,3,13,6,30,731,511
2017,3,13,7,30,43,314
2017,3,13,8,30,207,545
2017,3,13,9,30,6,189
2017,3,13,10,30,913,880
2017,3,13,11,30,896,798
2017,3,13,12,30,852,651
2017,3,13,13,30,769,456
2017,3,13,14,30,591,230
2017,3,13,15,30,148,31
2017,3,13,16,30,0,0
2017,3,13,17,30,0,0
2017,3,13,18,30,0,0
2017,3,13,19,30,0,0
2017,3,13,20,30,0,0
2017,3,13,21,30,0,0
2017,3,13,22,30,0,0
2017,3,13,23,30,0,0
2017,3,14,0,30,0,0
2017,3,14,1,30,0,0
2017,3,14,2,30,0,0
2017,3,14,3,30,0,0
2017,3,14,4,30,370,90
2017,3,14,5,30,691,312
2017,3,14,6,30,840,535
2017,3,14,7,30,911,720
2017,3,14,8,30,947,849
2017,3,14,9,30,898,893
2017,3,14,10,30,82,461
2017,3,14,11,30,235,542
2017,3,14,12,30,800,646
2017,3,14,13,30,710,449
2017,3,14,14,30,527,227
2017,3,14,15,30,111,31
2017,3,14,16,30,0,0
2017,3,14,17,30,0,0
2017,3,14,18,30,0,0
2017,3,14,19,30,0,0
2017,3,14,20,30,0,0
2017,3,14,21,30,0,0
2017,3,14,22,30,0,0
2017,3,14,23,30,0,0
2017,3,15,0,30,0,0
2017,3,15,1,30,0,0
2017,3,15,2,30,0,0
2017,3,15,3,30,0,0
2017,3,15,4,30,286,89
2017,3,15,5,30,598,303
2017,3,15,6,30,749,521
2017,3,15,7,30,826,703
2017,3,15,8,30,866,830
2017,3,15,9,30,861,885
2017,3,15,10,30,839,866
2017,3,15,11,30,261,560
2017,3,15,12,30,0,72
2017,3,15,13,30,637,438
2017,3,15,14,30,71,126
2017,3,15,15,30,0,16
2017,3,15,16,30,0,0
2017,3,15,17,30,0,0
2017,3,15,18,30,0,0
2017,3,15,19,30,0,0
2017,3,15,20,30,0,0
2017,3,15,21,30,0,0
2017,3,15,22,30,0,0
2017,3,15,23,30,0,0
2017,3,16,0,30,0,0
2017,3,16,1,30,0,0
2017,3,16,2,30,0,0
2017,3,16,3,30,0,0
2017,3,16,4,30,0,8
2017,3,16,5,30,0,80
2017,3,16,6,30,0,90
2017,3,16,7,30,75,365
2017,3,16,8,30,147,509
2017,3,16,9,30,192,585
2017,3,16,10,30,59,429
2017,3,16,11,30,49,371
2017,3,16,12,30,237,447
2017,3,16,13,30,693,451
2017,3,16,14,30,498,227
2017,3,16,15,30,0,15
2017,3,16,16,30,0,0
2017,3,16,17,30,0,0
2017,3,16,18,30,0,0
2017,3,16,19,30,0,0
2017,3,16,20,30,0,0
2017,3,16,21,30,0,0
2017,3,16,22,30,0,0
2017,3,16,23,30,0,0
2017,3,17,0,30,0,0
2017,3,17,1,30,0,0
2017,3,17,2,30,0,0
2017,3,17,3,30,0,0
2017,3,17,4,30,82,75
2017,3,17,5,30,0,31
2017,3,17,6,30,6,178
2017,3,17,7,30,270,507
2017,3,17,8,30,264,595
2017,3,17,9,30,306,663
2017,3,17,10,30,369,689
2017,3,17,11,30,48,371
2017,3,17,12,30,237,449
2017,3,17,13,30,310,393
2017,3,17,14,30,0,37
2017,3,17,15,30,0,9
2017,3,17,16,30,0,0
2017,3,17,17,30,0,0
2017,3,17,18,30,0,0
2017,3,17,19,30,0,0
2017,3,17,20,30,0,0
2017,3,17,21,30,0,0
2017,3,17,22,30,0,0
2017,3,17,23,30,0,0
2017,3,18,0,30,0,0
2017,3,18,1,30,0,0
2017,3,18,2,30,0,0
2017,3,18,3,30,0,0
2017,3,18,4,30,0,16
2017,3,18,5,30,169,207
2017,3,18,6,30,330,405
2017,3,18,7,30,25,284
2017,3,18,8,30,350,646
2017,3,18,9,30,13,265
2017,3,18,10,30,311,660
2017,3,18,11,30,82,425
2017,3,18,12,30,69,333
2017,3,18,13,30,0,50
2017,3,18,14,30,0,24
2017,3,18,15,30,0,7
2017,3,18,16,30,0,0
2017,3,18,17,30,0,0
2017,3,18,18,30,0,0
2017,3,18,19,30,0,0
2017,3,18,20,30,0,0
2017,3,18,21,30,0,0
2017,3,18,22,30,0,0
2017,3,18,23,30,0,0
2017,3,19,0,30,0,0
2017,3,19,1,30,0,0
2017,3,19,2,30,0,0
2017,3,19,3,30,0,0
2017,3,19,4,30,74,81
2017,3,19,5,30,0,26
2017,3,19,6,30,80,285
2017,3,19,7,30,41,323
2017,3,19,8,30,141,513
2017,3,19,9,30,105,510
2017,3,19,10,30,303,658
2017,3,19,11,30,233,555
2017,3,19,12,30,60,323
2017,3,19,13,30,58,228
2017,3,19,14,30,355,220
2017,3,19,15,30,47,32
2017,3,19,16,30,0,0
2017,3,19,17,30,0,0
2017,3,19,18,30,0,0
2017,3,19,19,30,0,0
2017,3,19,20,30,0,0
2017,3,19,21,30,0,0
2017,3,19,22,30,0,0
2017,3,19,23,30,0,0
2017,3,20,0,30,0,0
2017,3,20,1,30,0,0
2017,3,20,2,30,0,0
2017,3,20,3,30,0,0
2017,3,20,4,30,383,113
2017,3,20,5,30,0,40
2017,3,20,6,30,7,184
2017,3,20,7,30,206,482
2017,3,20,8,30,206,568
2017,3,20,9,30,233,626
2017,3,20,10,30,900,902
2017,3,20,11,30,878,816
2017,3,20,12,30,844,670
2017,3,20,13,30,760,471
2017,3,20,14,30,602,248
2017,3,20,15,30,207,41
2017,3,20,16,30,0,0
2017,3,20,17,30,0,0
2017,3,20,18,30,0,0
2017,3,20,19,30,0,0
2017,3,20,20,30,0,0
2017,3,20,21,30,0,0
2017,3,20,22,30,0,0
2017,3,20,23,30,0,0
2017,3,21,0,30,0,0
2017,3,21,1,30,0,0
2017,3,21,2,30,0,0
2017,3,21,3,30,0,0
2017,3,21,4,30,0,7
2017,3,21,5,30,0,18
2017,3,21,6,30,9,191
2017,3,21,7,30,21,277
2017,3,21,8,30,168,541
2017,3,21,9,30,902,917
2017,3,21,10,30,899,901
2017,3,21,11,30,336,616
2017,3,21,12,30,257,468
2017,3,21,13,30,299,345
2017,3,21,14,30,0,13
2017,3,21,15,30,0,23
2017,3,21,16,30,0,0
2017,3,21,17,30,0,0
2017,3,21,18,30,0,0
2017,3,21,19,30,0,0
2017,3,21,20,30,0,0
2017,3,21,21,30,0,0
2017,3,21,22,30,0,0
2017,3,21,23,30,0,0
2017,3,22,0,30,0,0
2017,3,22,1,30,0,0
2017,3,22,2,30,0,0
2017,3,22,3,30,0,0
2017,3,22,4,30,0,9
2017,3,22,5,30,0,107
2017,3,22,6,30,28,233
2017,3,22,7,30,197,484
2017,3,22,8,30,15,276
2017,3,22,9,30,105,518
2017,3,22,10,30,287,657
2017,3,22,11,30,177,524
2017,3,22,12,30,0,47
2017,3,22,13,30,0,88
2017,3,22,14,30,0,44
2017,3,22,15,30,2,18
2017,3,22,16,30,0,0
2017,3,22,17,30,0,0
2017,3,22,18,30,0,0
2017,3,22,19,30,0,0
2017,3,22,20,30,0,0
2017,3,22,21,30,0,0
2017,3,22,22,30,0,0
2017,3,22,23,30,0,0
2017,3,23,0,30,0,0
2017,3,23,1,30,0,0
2017,3,23,2,30,0,0
2017,3,23,3,30,0,0
2017,3,23,4,30,0,49
2017,3,23,5,30,346,270
2017,3,23,6,30,493,508
2017,3,23,7,30,563,679
2017,3,23,8,30,595,796
2017,3,23,9,30,173,590
2017,3,23,10,30,333,687
2017,3,23,11,30,591,755
2017,3,23,12,30,463,599
2017,3,23,13,30,364,413
2017,3,23,14,30,195,205
2017,3,23,15,30,8,24
2017,3,23,16,30,0,0
2017,3,23,17,30,0,0
2017,3,23,18,30,0,0
2017,3,23,19,30,0,0
2017,3,23,20,30,0,0
2017,3,23,21,30,0,0
2017,3,23,22,30,0,0
2017,3,23,23,30,0,0
2017,3,24,0,30,0,0
2017,3,24,1,30,0,0
2017,3,24,2,30,0,0
2017,3,24,3,30,0,0
2017,3,24,4,30,320,123
2017,3,24,5,30,614,348
2017,3,24,6,30,760,569
2017,3,24,7,30,833,751
2017,3,24,8,30,869,876
2017,3,24,9,30,888,934
2017,3,24,10,30,883,916
2017,3,24,11,30,860,829
2017,3,24,12,30,798,678
2017,3,24,13,30,704,477
2017,3,24,14,30,531,251
2017,3,24,15,30,160,45
2017,3,24,16,30,0,0
2017,3,24,17,30,0,0
2017,3,24,18,30,0,0
2017,3,24,19,30,0,0
2017,3,24,20,30,0,0
2017,3,24,21,30,0,0
2017,3,24,22,30,0,0
2017,3,24,23,30,0,0
2017,3,25,0,30,0,0
2017,3,25,1,30,0,0
2017,3,25,2,30,0,0
2017,3,25,3,30,0,0
2017,3,25,4,30,407,133
2017,3,25,5,30,681,362
2017,3,25,6,30,814,585
2017,3,25,7,30,881,767
2017,3,25,8,30,916,893
2017,3,25,9,30,321,697
2017,3,25,10,30,115,527
2017,3,25,11,30,345,631
2017,3,25,12,30,127,398
2017,3,25,13,30,652,470
2017,3,25,14,30,470,246
2017,3,25,15,30,110,44
2017,3,25,16,30,0,0
2017,3,25,17,30,0,0
2017,3,25,18,30,0,0
2017,3,25,19,30,0,0
2017,3,25,20,30,0,0
2017,3,25,21,30,0,0
2017,3,25,22,30,0,0
2017,3,25,23,30,0,0
2017,3,26,0,30,0,0
2017,3,26,1,30,0,0
2017,3,26,2,30,0,0
2017,3,26,3,30,0,0
2017,3,26,4,30,399,135
2017,3,26,5,30,672,364
2017,3,26,6,30,804,586
2017,3,26,7,30,874,769
2017,3,26,8,30,912,894
2017,3,26,9,30,949,956
2017,3,26,10,30,947,940
2017,3,26,11,30,928,853
2017,3,26,12,30,895,703
2017,3,26,13,30,819,501
2017,3,26,14,30,667,270
2017,3,26,15,30,299,55
2017,3,26,16,30,0,0
2017,3,26,17,30,0,0
2017,3,26,18,30,0,0
2017,3,26,19,30,0,0
2017,3,26,20,30,0,0
2017,3,26,21,30,0,0
2017,3,26,22,30,0,0
2017,3,26,23,30,0,0
2017,3,27,0,30,0,0
2017,3,27,1,30,0,0
2017,3,27,2,30,0,0
2017,3,27,3,30,0,0
2017,3,27,4,30,0,61
2017,3,27,5,30,99,205
2017,3,27,6,30,384,456
2017,3,27,7,30,261,537
2017,3,27,8,30,385,691
2017,3,27,9,30,394,736
2017,3,27,10,30,548,804
2017,3,27,11,30,588,737
2017,3,27,12,30,790,689
2017,3,27,13,30,693,486
2017,3,27,14,30,502,256
2017,3,27,15,30,117,48
2017,3,27,16,30,0,0
2017,3,27,17,30,0,0
2017,3,27,18,30,0,0
2017,3,27,19,30,0,0
2017,3,27,20,30,0,0
2017,3,27,21,30,0,0
2017,3,27,22,30,0,0
2017,3,27,23,30,0,0
2017,3,28,0,30,0,0
2017,3,28,1,30,0,0
2017,3,28,2,30,0,0
2017,3,28,3,30,0,0
2017,3,28,4,30,316,136
2017,3,28,5,30,592,361
2017,3,28,6,30,731,579
2017,3,28,7,30,803,761
2017,3,28,8,30,846,885
2017,3,28,9,30,866,940
2017,3,28,10,30,859,920
2017,3,28,11,30,836,832
2017,3,28,12,30,836,690
2017,3,28,13,30,745,489
2017,3,28,14,30,571,260
2017,3,28,15,30,66,37
2017,3,28,16,30,0,0
2017,3,28,17,30,0,0
2017,3,28,18,30,0,0
2017,3,28,19,30,0,0
2017,3,28,20,30,0,0
2017,3,28,21,30,0,0
2017,3,28,22,30,0,0
2017,3,28,23,30,0,0
2017,3,29,0,30,0,0
2017,3,29,1,30,0,0
2017,3,29,2,30,0,0
2017,3,29,3,30,0,0
2017,3,29,4,30,216,130
2017,3,29,5,30,481,348
2017,3,29,6,30,637,560
2017,3,29,7,30,720,737
2017,3,29,8,30,766,859
2017,3,29,9,30,812,922
2017,3,29,10,30,811,906
2017,3,29,11,30,790,820
2017,3,29,12,30,743,672
2017,3,29,13,30,650,475
2017,3,29,14,30,476,253
2017,3,29,15,30,118,49
2017,3,29,16,30,0,0
2017,3,29,17,30,0,0
2017,3,29,18,30,0,0
2017,3,29,19,30,0,0
2017,3,29,20,30,0,0
2017,3,29,21,30,0,0
2017,3,29,22,30,0,0
2017,3,29,23,30,0,0
2017,3,30,0,30,0,0
2017,3,30,1,30,0,0
2017,3,30,2,30,0,0
2017,3,30,3,30,0,0
2017,3,30,4,30,208,113
2017,3,30,5,30,346,294
2017,3,30,6,30,670,572
2017,3,30,7,30,368,599
2017,3,30,8,30,802,871
2017,3,30,9,30,244,662
2017,3,30,10,30,135,559
2017,3,30,11,30,94,461
2017,3,30,12,30,707,665
2017,3,30,13,30,586,465
2017,3,30,14,30,386,243
2017,3,30,15,30,67,46
2017,3,30,16,30,0,0
2017,3,30,17,30,0,0
2017,3,30,18,30,0,0
2017,3,30,19,30,0,0
2017,3,30,20,30,0,0
2017,3,30,21,30,0,0
2017,3,30,22,30,0,0
2017,3,30,23,30,0,0
2017,3,31,0,30,0,0
2017,3,31,1,30,0,0
2017,3,31,2,30,0,0
2017,3,31,3,30,0,0
2017,3,31,4,30,364,149
2017,3,31,5,30,621,374
2017,3,31,6,30,743,590
2017,3,31,7,30,804,766
2017,3,31,8,30,830,884
2017,3,31,9,30,834,935
2017,3,31,10,30,451,758
2017,3,31,11,30,790,825
2017,3,31,12,30,401,552
2017,3,31,13,30,347,380
2017,3,31,14,30,279,232
2017,3,31,15,30,23,38
2017,3,31,16,30,0,0
2017,3,31,17,30,0,0
2017,3,31,18,30,0,0
2017,3,31,19,30,0,0
2017,3,31,20,30,0,0
2017,3,31,21,30,0,0
2017,3,31,22,30,0,0
2017,3,31,23,30,0,0
2017,4,1,0,30,0,0
2017,4,1,1,30,0,0
2017,4,1,2,30,0,0
2017,4,1,3,30,0,0
2017,4,1,4,30,218,140
2017,4,1,5,30,463,358
2017,4,1,6,30,601,570
2017,4,1,7,30,680,746
2017,4,1,8,30,724,864
2017,4,1,9,30,759,921
2017,4,1,10,30,781,909
2017,4,1,11,30,219,574
2017,4,1,12,30,220,470
2017,4,1,13,30,642,479
2017,4,1,14,30,472,256
2017,4,1,15,30,141,55
2017,4,1,16,30,0,0
2017,4,1,17,30,0,0
2017,4,1,18,30,0,0
2017,4,1,19,30,0,0
2017,4,1,20,30,0,0
2017,4,1,21,30,0,0
2017,4,1,22,30,0,0
2017,4,1,23,30,0,0
2017,4,2,0,30,0,0
2017,4,2,1,30,0,0
2017,4,2,2,30,0,0
2017,4,2,3,30,0,0
2017,4,2,4,30,398,162
2017,4,2,5,30,75,207
2017,4,2,6,30,798,610
2017,4,2,7,30,50,368
2017,4,2,8,30,139,547
2017,4,2,9,30,5,167
2017,4,2,10,30,218,637
2017,4,2,11,30,861,847
2017,4,2,12,30,143,423
2017,4,2,13,30,29,213
2017,4,2,14,30,633,278
2017,4,2,15,30,286,64
2017,4,2,16,30,0,0
2017,4,2,17,30,0,0
2017,4,2,18,30,0,0
2017,4,2,19,30,0,0
2017,4,2,20,30,0,0
2017,4,2,21,30,0,0
2017,4,2,22,30,0,0
2017,4,2,23,30,0,0
2017,4,3,0,30,0,0
2017,4,3,1,30,0,0
2017,4,3,2,30,0,0
2017,4,3,3,30,0,0
2017,4,3,4,30,506,175
2017,4,3,5,30,745,408
2017,4,3,6,30,858,628
2017,4,3,7,30,919,809
2017,4,3,8,30,951,931
2017,4,3,9,30,957,982
2017,4,3,10,30,287,686
2017,4,3,11,30,228,583
2017,4,3,12,30,864,714
2017,4,3,13,30,779,511
2017,4,3,14,30,618,281
2017,4,3,15,30,261,66
2017,4,3,16,30,0,0
2017,4,3,17,30,0,0
2017,4,3,18,30,0,0
2017,4,3,19,30,0,0
2017,4,3,20,30,0,0
2017,4,3,21,30,0,0
2017,4,3,22,30,0,0
2017,4,3,23,30,0,0
2017,4,4,0,30,0,0
2017,4,4,1,30,0,0
2017,4,4,2,30,0,0
2017,4,4,3,30,0,0
2017,4,4,4,30,535,182
2017,4,4,5,30,759,419
2017,4,4,6,30,867,640
2017,4,4,7,30,930,823
2017,4,4,8,30,962,946
2017,4,4,9,30,962,996
2017,4,4,10,30,958,977
2017,4,4,11,30,938,885
2017,4,4,12,30,877,726
2017,4,4,13,30,799,522
2017,4,4,14,30,647,289
2017,4,4,15,30,286,68
2017,4,4,16,30,0,0
2017,4,4,17,30,0,0
2017,4,4,18,30,0,0
2017,4,4,19,30,0,0
2017,4,4,20,30,0,0
2017,4,4,21,30,0,0
2017,4,4,22,30,0,0
2017,4,4,23,30,0,0
2017,4,5,0,30,0,0
2017,4,5,1,30,0,0
2017,4,5,2,30,0,0
2017,4,5,3,30,0,0
2017,4,5,4,30,477,182
2017,4,5,5,30,701,416
2017,4,5,6,30,802,632
2017,4,5,7,30,851,810
2017,4,5,8,30,867,924
2017,4,5,9,30,807,958
2017,4,5,10,30,796,937
2017,4,5,11,30,764,845
2017,4,5,12,30,668,682
2017,4,5,13,30,581,484
2017,4,5,14,30,436,264
2017,4,5,15,30,138,61
2017,4,5,16,30,0,0
2017,4,5,17,30,0,0
2017,4,5,18,30,0,0
2017,4,5,19,30,0,0
2017,4,5,20,30,0,0
2017,4,5,21,30,0,0
2017,4,5,22,30,0,0
2017,4,5,23,30,0,0
2017,4,6,0,30,0,0
2017,4,6,1,30,0,0
2017,4,6,2,30,0,0
2017,4,6,3,30,0,0
2017,4,6,4,30,462,184
2017,4,6,5,30,688,418
2017,4,6,6,30,801,638
2017,4,6,7,30,863,818
2017,4,6,8,30,890,935
2017,4,6,9,30,857,977
2017,4,6,10,30,842,951
2017,4,6,11,30,791,852
2017,4,6,12,30,596,669
2017,4,6,13,30,409,454
2017,4,6,14,30,174,227
2017,4,6,15,30,5,30
2017,4,6,16,30,0,0
2017,4,6,17,30,0,0
2017,4,6,18,30,0,0
2017,4,6,19,30,0,0
2017,4,6,20,30,0,0
2017,4,6,21,30,0,0
2017,4,6,22,30,0,0
2017,4,6,23,30,0,0
2017,4,7,0,30,0,0
2017,4,7,1,30,0,0
2017,4,7,2,30,0,0
2017,4,7,3,30,15,11
2017,4,7,4,30,428,187
2017,4,7,5,30,216,281
2017,4,7,6,30,224,427
2017,4,7,7,30,871,823
2017,4,7,8,30,904,943
2017,4,7,9,30,922,996
2017,4,7,10,30,912,974
2017,4,7,11,30,884,881
2017,4,7,12,30,831,725
2017,4,7,13,30,738,519
2017,4,7,14,30,564,287
2017,4,7,15,30,212,70
2017,4,7,16,30,0,0
2017,4,7,17,30,0,0
2017,4,7,18,30,0,0
2017,4,7,19,30,0,0
2017,4,7,20,30,0,0
2017,4,7,21,30,0,0
2017,4,7,22,30,0,0
2017,4,7,23,30,0,0
2017,4,8,0,30,0,0
2017,4,8,1,30,0,0
2017,4,8,2,30,0,0
2017,4,8,3,30,1,7
2017,4,8,4,30,278,174
2017,4,8,5,30,526,397
2017,4,8,6,30,297,463
2017,4,8,7,30,697,777
2017,4,8,8,30,217,627
2017,4,8,9,30,504,837
2017,4,8,10,30,706,911
2017,4,8,11,30,662,817
2017,4,8,12,30,567,659
2017,4,8,13,30,516,473
2017,4,8,14,30,282,247
2017,4,8,15,30,12,41
2017,4,8,16,30,0,0
2017,4,8,17,30,0,0
2017,4,8,18,30,0,0
2017,4,8,19,30,0,0
2017,4,8,20,30,0,0
2017,4,8,21,30,0,0
2017,4,8,22,30,0,0
2017,4,8,23,30,0,0
2017,4,9,0,30,0,0
2017,4,9,1,30,0,0
2017,4,9,2,30,0,0
2017,4,9,3,30,0,1
2017,4,9,4,30,85,144
2017,4,9,5,30,122,248
2017,4,9,6,30,364,493
2017,4,9,7,30,595,752
2017,4,9,8,30,676,877
2017,4,9,9,30,454,801
2017,4,9,10,30,451,780
2017,4,9,11,30,321,650
2017,4,9,12,30,602,633
2017,4,9,13,30,429,420
2017,4,9,14,30,240,207
2017,4,9,15,30,0,23
2017,4,9,16,30,0,0
2017,4,9,17,30,0,0
2017,4,9,18,30,0,0
2017,4,9,19,30,0,0
2017,4,9,20,30,0,0
2017,4,9,21,30,0,0
2017,4,9,22,30,0,0
2017,4,9,23,30,0,0
2017,4,10,0,30,0,0
2017,4,10,1,30,0,0
2017,4,10,2,30,0,0
2017,4,10,3,30,0,3
2017,4,10,4,30,0,11
2017,4,10,5,30,0,62
2017,4,10,6,30,0,113
2017,4,10,7,30,3,164
2017,4,10,8,30,60,459
2017,4,10,9,30,18,327
2017,4,10,10,30,479,805
2017,4,10,11,30,554,795
2017,4,10,12,30,350,620
2017,4,10,13,30,240,429
2017,4,10,14,30,0,111
2017,4,10,15,30,1,26
2017,4,10,16,30,0,0
2017,4,10,17,30,0,0
2017,4,10,18,30,0,0
2017,4,10,19,30,0,0
2017,4,10,20,30,0,0
2017,4,10,21,30,0,0
2017,4,10,22,30,0,0
2017,4,10,23,30,0,0
2017,4,11,0,30,0,0
2017,4,11,1,30,0,0
2017,4,11,2,30,0,0
2017,4,11,3,30,0,2
2017,4,11,4,30,0,69
2017,4,11,5,30,8,159
2017,4,11,6,30,106,363
2017,4,11,7,30,457,716
2017,4,11,8,30,513,829
2017,4,11,9,30,439,798
2017,4,11,10,30,663,889
2017,4,11,11,30,648,805
2017,4,11,12,30,639,667
2017,4,11,13,30,318,389
2017,4,11,14,30,65,155
2017,4,11,15,30,0,33
2017,4,11,16,30,0,0
2017,4,11,17,30,0,0
2017,4,11,18,30,0,0
2017,4,11,19,30,0,0
2017,4,11,20,30,0,0
2017,4,11,21,30,0,0
2017,4,11,22,30,0,0
2017,4,11,23,30,0,0
2017,4,12,0,30,0,0
2017,4,12,1,30,0,0
2017,4,12,2,30,0,0
2017,4,12,3,30,0,4
2017,4,12,4,30,0,16
2017,4,12,5,30,289,367
2017,4,12,6,30,444,573
2017,4,12,7,30,541,742
2017,4,12,8,30,122,552
2017,4,12,9,30,457,816
2017,4,12,10,30,65,486
2017,4,12,11,30,22,322
2017,4,12,12,30,318,608
2017,4,12,13,30,0,31
2017,4,12,14,30,0,15
2017,4,12,15,30,0,15
2017,4,12,16,30,0,0
2017,4,12,17,30,0,0
2017,4,12,18,30,0,0
2017,4,12,19,30,0,0
2017,4,12,20,30,0,0
2017,4,12,21,30,0,0
2017,4,12,22,30,0,0
2017,4,12,23,30,0,0
2017,4,13,0,30,0,0
2017,4,13,1,30,0,0
2017,4,13,2,30,0,0
2017,4,13,3,30,0,1
2017,4,13,4,30,50,140
2017,4,13,5,30,207,351
2017,4,13,6,30,325,548
2017,4,13,7,30,375,703
2017,4,13,8,30,411,810
2017,4,13,9,30,399,848
2017,4,13,10,30,371,821
2017,4,13,11,30,269,628
2017,4,13,12,30,0,54
2017,4,13,13,30,123,306
2017,4,13,14,30,0,71
2017,4,13,15,30,0,19
2017,4,13,16,30,0,0
2017,4,13,17,30,0,0
2017,4,13,18,30,0,0
2017,4,13,19,30,0,0
2017,4,13,20,30,0,0
2017,4,13,21,30,0,0
2017,4,13,22,30,0,0
2017,4,13,23,30,0,0
2017,4,14,0,30,0,0
2017,4,14,1,30,0,0
2017,4,14,2,30,0,0
2017,4,14,3,30,0,15
2017,4,14,4,30,0,35
2017,4,14,5,30,223,303
2017,4,14,6,30,76,340
2017,4,14,7,30,348,634
2017,4,14,8,30,440,762
2017,4,14,9,30,450,813
2017,4,14,10,30,849,962
2017,4,14,11,30,126,518
2017,4,14,12,30,411,581
2017,4,14,13,30,353,405
2017,4,14,14,30,455,282
2017,4,14,15,30,144,74
2017,4,14,16,30,0,0
2017,4,14,17,30,0,0
2017,4,14,18,30,0,0
2017,4,14,19,30,0,0
2017,4,14,20,30,0,0
2017,4,14,21,30,0,0
2017,4,14,22,30,0,0
2017,4,14,23,30,0,0
2017,4,15,0,30,0,0
2017,4,15,1,30,0,0
2017,4,15,2,30,0,0
2017,4,15,3,30,99,27
2017,4,15,4,30,518,220
2017,4,15,5,30,716,452
2017,4,15,6,30,815,665
2017,4,15,7,30,867,838
2017,4,15,8,30,888,949
2017,4,15,9,30,810,975
2017,4,15,10,30,790,949
2017,4,15,11,30,758,856
2017,4,15,12,30,676,698
2017,4,15,13,30,591,502
2017,4,15,14,30,439,282
2017,4,15,15,30,149,76
2017,4,15,16,30,0,0
2017,4,15,17,30,0,0
2017,4,15,18,30,0,0
2017,4,15,19,30,0,0
2017,4,15,20,30,0,0
2017,4,15,21,30,0,0
2017,4,15,22,30,0,0
2017,4,15,23,30,0,0
2017,4,16,0,30,0,0
2017,4,16,1,30,0,0
2017,4,16,2,30,0,0
2017,4,16,3,30,90,29
2017,4,16,4,30,501,222
2017,4,16,5,30,718,454
2017,4,16,6,30,828,672
2017,4,16,7,30,886,846
2017,4,16,8,30,916,962
2017,4,16,9,30,898,1000
2017,4,16,10,30,890,976
2017,4,16,11,30,867,885
2017,4,16,12,30,103,408
2017,4,16,13,30,731,529
2017,4,16,14,30,572,300
2017,4,16,15,30,256,85
2017,4,16,16,30,0,0
2017,4,16,17,30,0,0
2017,4,16,18,30,0,0
2017,4,16,19,30,0,0
2017,4,16,20,30,0,0
2017,4,16,21,30,0,0
2017,4,16,22,30,0,0
2017,4,16,23,30,0,0
2017,4,17,0,30,0,0
2017,4,17,1,30,0,0
2017,4,17,2,30,0,0
2017,4,17,3,30,83,30
2017,4,17,4,30,488,224
2017,4,17,5,30,697,456
2017,4,17,6,30,806,671
2017,4,17,7,30,865,845
2017,4,17,8,30,895,960
2017,4,17,9,30,908,1008
2017,4,17,10,30,903,985
2017,4,17,11,30,878,893
2017,4,17,12,30,804,734
2017,4,17,13,30,715,531
2017,4,17,14,30,552,302
2017,4,17,15,30,232,86
2017,4,17,16,30,0,0
2017,4,17,17,30,0,0
2017,4,17,18,30,0,0
2017,4,17,19,30,0,0
2017,4,17,20,30,0,0
2017,4,17,21,30,0,0
2017,4,17,22,30,0,0
2017,4,17,23,30,0,0
2017,4,18,0,30,0,0
2017,4,18,1,30,0,0
2017,4,18,2,30,0,0
2017,4,18,3,30,75,31
2017,4,18,4,30,389,215
2017,4,18,5,30,539,429
2017,4,18,6,30,652,639
2017,4,18,7,30,739,813
2017,4,18,8,30,797,932
2017,4,18,9,30,816,981
2017,4,18,10,30,825,964
2017,4,18,11,30,810,874
2017,4,18,12,30,780,727
2017,4,18,13,30,708,528
2017,4,18,14,30,558,302
2017,4,18,15,30,227,85
2017,4,18,16,30,0,0
2017,4,18,17,30,0,0
2017,4,18,18,30,0,0
2017,4,18,19,30,0,0
2017,4,18,20,30,0,0
2017,4,18,21,30,0,0
2017,4,18,22,30,0,0
2017,4,18,23,30,0,0
2017,4,19,0,30,0,0
2017,4,19,1,30,0,0
2017,4,19,2,30,0,0
2017,4,19,3,30,184,39
2017,4,19,4,30,604,246
2017,4,19,5,30,793,484
2017,4,19,6,30,888,701
2017,4,19,7,30,938,876
2017,4,19,8,30,963,992
2017,4,19,9,30,899,1020
2017,4,19,10,30,884,993
2017,4,19,11,30,844,892
2017,4,19,12,30,605,695
2017,4,19,13,30,462,488
2017,4,19,14,30,264,265
2017,4,19,15,30,34,61
2017,4,19,16,30,0,0
2017,4,19,17,30,0,0
2017,4,19,18,30,0,0
2017,4,19,19,30,0,0
2017,4,19,20,30,0,0
2017,4,19,21,30,0,0
2017,4,19,22,30,0,0
2017,4,19,23,30,0,0
2017,4,20,0,30,0,0
2017,4,20,1,30,0,0
2017,4,20,2,30,0,0
2017,4,20,3,30,30,30
2017,4,20,4,30,367,222
2017,4,20,5,30,575,448
2017,4,20,6,30,699,662
2017,4,20,7,30,773,835
2017,4,20,8,30,815,952
2017,4,20,9,30,793,990
2017,4,20,10,30,806,970
2017,4,20,11,30,784,876
2017,4,20,12,30,640,701
2017,4,20,13,30,539,501
2017,4,20,14,30,369,280
2017,4,20,15,30,89,75
2017,4,20,16,30,0,0
2017,4,20,17,30,0,0
2017,4,20,18,30,0,0
2017,4,20,19,30,0,0
2017,4,20,20,30,0,0
2017,4,20,21,30,0,0
2017,4,20,22,30,0,0
2017,4,20,23,30,0,0
2017,4,21,0,30,0,0
2017,4,21,1,30,0,0
2017,4,21,2,30,0,0
2017,4,21,3,30,7,23
2017,4,21,4,30,240,206
2017,4,21,5,30,446,425
2017,4,21,6,30,569,631
2017,4,21,7,30,640,798
2017,4,21,8,30,682,910
2017,4,21,9,30,610,939
2017,4,21,10,30,615,914
2017,4,21,11,30,598,827
2017,4,21,12,30,520,675
2017,4,21,13,30,449,487
2017,4,21,14,30,318,277
2017,4,21,15,30,89,78
2017,4,21,16,30,0,0
2017,4,21,17,30,0,0
2017,4,21,18,30,0,0
2017,4,21,19,30,0,0
2017,4,21,20,30,0,0
2017,4,21,21,30,0,0
2017,4,21,22,30,0,0
2017,4,21,23,30,0,0
2017,4,22,0,30,0,0
2017,4,22,1,30,0,0
2017,4,22,2,30,0,0
2017,4,22,3,30,20,31
2017,4,22,4,30,267,214
2017,4,22,5,30,439,429
2017,4,22,6,30,532,625
2017,4,22,7,30,577,783
2017,4,22,8,30,595,892
2017,4,22,9,30,566,927
2017,4,22,10,30,573,909
2017,4,22,11,30,559,818
2017,4,22,12,30,470,664
2017,4,22,13,30,378,475
2017,4,22,14,30,222,264
2017,4,22,15,30,32,66
2017,4,22,16,30,0,0
2017,4,22,17,30,0,0
2017,4,22,18,30,0,0
2017,4,22,19,30,0,0
2017,4,22,20,30,0,0
2017,4,22,21,30,0,0
2017,4,22,22,30,0,0
2017,4,22,23,30,0,0
2017,4,23,0,30,0,0
2017,4,23,1,30,0,0
2017,4,23,2,30,0,0
2017,4,23,3,30,5,23
2017,4,23,4,30,0,63
2017,4,23,5,30,0,109
2017,4,23,6,30,120,397
2017,4,23,7,30,14,270
2017,4,23,8,30,18,326
2017,4,23,9,30,151,628
2017,4,23,10,30,346,757
2017,4,23,11,30,724,857
2017,4,23,12,30,677,711
2017,4,23,13,30,600,520
2017,4,23,14,30,465,302
2017,4,23,15,30,199,93
2017,4,23,16,30,0,0
2017,4,23,17,30,0,0
2017,4,23,18,30,0,0
2017,4,23,19,30,0,0
2017,4,23,20,30,0,0
2017,4,23,21,30,0,0
2017,4,23,22,30,0,0
2017,4,23,23,30,0,0
2017,4,24,0,30,0,0
2017,4,24,1,30,0,0
2017,4,24,2,30,0,0
2017,4,24,3,30,0,5
2017,4,24,4,30,0,20
2017,4,24,5,30,0,117
2017,4,24,6,30,213,462
2017,4,24,7,30,882,872
2017,4,24,8,30,918,988
2017,4,24,9,30,932,1034
2017,4,24,10,30,453,813
2017,4,24,11,30,257,634
2017,4,24,12,30,268,530
2017,4,24,13,30,414,440
2017,4,24,14,30,615,323
2017,4,24,15,30,306,102
2017,4,24,16,30,0,0
2017,4,24,17,30,0,0
2017,4,24,18,30,0,0
2017,4,24,19,30,0,0
2017,4,24,20,30,0,0
2017,4,24,21,30,0,0
2017,4,24,22,30,0,0
2017,4,24,23,30,0,0
2017,4,25,0,30,0,0
2017,4,25,1,30,0,0
2017,4,25,2,30,0,0
2017,4,25,3,30,202,53
2017,4,25,4,30,583,262
2017,4,25,5,30,766,497
2017,4,25,6,30,859,710
2017,4,25,7,30,911,882
2017,4,25,8,30,937,995
2017,4,25,9,30,912,1033
2017,4,25,10,30,912,1008
2017,4,25,11,30,890,915
2017,4,25,12,30,845,759
2017,4,25,13,30,750,552
2017,4,25,14,30,594,322
2017,4,25,15,30,272,100
2017,4,25,16,30,0,0
2017,4,25,17,30,0,0
2017,4,25,18,30,0,0
2017,4,25,19,30,0,0
2017,4,25,20,30,0,0
2017,4,25,21,30,0,0
2017,4,25,22,30,0,0
2017,4,25,23,30,0,0
2017,4,26,0,30,0,0
2017,4,26,1,30,0,0
2017,4,26,2,30,0,0
2017,4,26,3,30,80,39
2017,4,26,4,30,415,243
2017,4,26,5,30,586,466
2017,4,26,6,30,673,670
2017,4,26,7,30,707,828
2017,4,26,8,30,725,934
2017,4,26,9,30,351,885
2017,4,26,10,30,376,869
2017,4,26,11,30,369,785
2017,4,26,12,30,227,618
2017,4,26,13,30,153,432
2017,4,26,14,30,0,80
2017,4,26,15,30,0,22
2017,4,26,16,30,0,0
2017,4,26,17,30,0,0
2017,4,26,18,30,0,0
2017,4,26,19,30,0,0
2017,4,26,20,30,0,0
2017,4,26,21,30,0,0
2017,4,26,22,30,0,0
2017,4,26,23,30,0,0
2017,4,27,0,30,0,0
2017,4,27,1,30,0,0
2017,4,27,2,30,0,0
2017,4,27,3,30,4,26
2017,4,27,4,30,154,211
2017,4,27,5,30,338,422
2017,4,27,6,30,478,624
2017,4,27,7,30,555,785
2017,4,27,8,30,581,891
2017,4,27,9,30,596,934
2017,4,27,10,30,588,910
2017,4,27,11,30,570,825
2017,4,27,12,30,474,672
2017,4,27,13,30,402,488
2017,4,27,14,30,234,274
2017,4,27,15,30,5,53
2017,4,27,16,30,0,0
2017,4,27,17,30,0,0
2017,4,27,18,30,0,0
2017,4,27,19,30,0,0
2017,4,27,20,30,0,0
2017,4,27,21,30,0,0
2017,4,27,22,30,0,0
2017,4,27,23,30,0,0
2017,4,28,0,30,0,0
2017,4,28,1,30,0,0
2017,4,28,2,30,0,0
2017,4,28,3,30,72,50
2017,4,28,4,30,432,254
2017,4,28,5,30,665,489
2017,4,28,6,30,789,706
2017,4,28,7,30,860,880
2017,4,28,8,30,905,1000
2017,4,28,9,30,911,1044
2017,4,28,10,30,907,1018
2017,4,28,11,30,887,925
2017,4,28,12,30,780,755
2017,4,28,13,30,681,550
2017,4,28,14,30,519,323
2017,4,28,15,30,216,103
2017,4,28,16,30,0,0
2017,4,28,17,30,0,0
2017,4,28,18,30,0,0
2017,4,28,19,30,0,0
2017,4,28,20,30,0,0
2017,4,28,21,30,0,0
2017,4,28,22,30,0,0
2017,4,28,23,30,0,0
2017,4,29,0,30,0,0
2017,4,29,1,30,0,0
2017,4,29,2,30,0,0
2017,4,29,3,30,159,60
2017,4,29,4,30,520,269
2017,4,29,5,30,697,501
2017,4,29,6,30,791,714
2017,4,29,7,30,845,884
2017,4,29,8,30,873,997
2017,4,29,9,30,837,1025
2017,4,29,10,30,841,1002
2017,4,29,11,30,817,908
2017,4,29,12,30,701,736
2017,4,29,13,30,629,537
2017,4,29,14,30,477,314
2017,4,29,15,30,186,100
2017,4,29,16,30,0,0
2017,4,29,17,30,0,0
2017,4,29,18,30,0,0
2017,4,29,19,30,0,0
2017,4,29,20,30,0,0
2017,4,29,21,30,0,0
2017,4,29,22,30,0,0
2017,4,29,23,30,0,0
2017,4,30,0,30,0,0
2017,4,30,1,30,0,0
2017,4,30,2,30,0,0
2017,4,30,3,30,17,39
2017,4,30,4,30,0,99
2017,4,30,5,30,368,435
2017,4,30,6,30,458,629
2017,4,30,7,30,489,728
2017,4,30,8,30,525,884
2017,4,30,9,30,433,833
2017,4,30,10,30,412,794
2017,4,30,11,30,493,765
2017,4,30,12,30,5,186
2017,4,30,13,30,401,490
2017,4,30,14,30,56,168
2017,4,30,15,30,46,79
2017,4,30,16,30,0,0
2017,4,30,17,30,0,0
2017,4,30,18,30,0,0
2017,4,30,19,30,0,0
2017,4,30,20,30,0,0
2017,4,30,21,30,0,0
2017,4,30,22,30,0,0
2017,4,30,23,30,0,0
2017,5,1,0,30,0,0
2017,5,1,1,30,0,0
2017,5,1,2,30,0,0
2017,5,1,3,30,0,6
2017,5,1,4,30,24,125
2017,5,1,5,30,0,102
2017,5,1,6,30,51,334
2017,5,1,7,30,197,576
2017,5,1,8,30,456,812
2017,5,1,9,30,169,657
2017,5,1,10,30,24,378
2017,5,1,11,30,449,738
2017,5,1,12,30,491,682
2017,5,1,13,30,364,433
2017,5,1,14,30,161,213
2017,5,1,15,30,38,77
2017,5,1,16,30,0,0
2017,5,1,17,30,0,0
2017,5,1,18,30,0,0
2017,5,1,19,30,0,0
2017,5,1,20,30,0,0
2017,5,1,21,30,0,0
2017,5,1,22,30,0,0
2017,5,1,23,30,0,0
2017,5,2,0,30,0,0
2017,5,2,1,30,0,0
2017,5,2,2,30,0,0
2017,5,2,3,30,30,46
2017,5,2,4,30,268,235
2017,5,2,5,30,455,449
2017,5,2,6,30,565,648
2017,5,2,7,30,627,807
2017,5,2,8,30,664,913
2017,5,2,9,30,727,968
2017,5,2,10,30,696,935
2017,5,2,11,30,655,842
2017,5,2,12,30,581,693
2017,5,2,13,30,472,501
2017,5,2,14,30,305,288
2017,5,2,15,30,75,88
2017,5,2,16,30,0,0
2017,5,2,17,30,0,0
2017,5,2,18,30,0,0
2017,5,2,19,30,0,0
2017,5,2,20,30,0,0
2017,5,2,21,30,0,0
2017,5,2,22,30,0,0
2017,5,2,23,30,0,0
2017,5,3,0,30,0,0
2017,5,3,1,30,0,0
2017,5,3,2,30,0,0
2017,5,3,3,30,112,63
2017,5,3,4,30,423,262
2017,5,3,5,30,618,486
2017,5,3,6,30,734,693
2017,5,3,7,30,802,859
2017,5,3,8,30,842,970
2017,5,3,9,30,840,1010
2017,5,3,10,30,837,985
2017,5,3,11,30,812,891
2017,5,3,12,30,644,715
2017,5,3,13,30,530,518
2017,5,3,14,30,370,303
2017,5,3,15,30,117,98
2017,5,3,16,30,0,0
2017,5,3,17,30,0,0
2017,5,3,18,30,0,0
2017,5,3,19,30,0,0
2017,5,3,20,30,0,0
2017,5,3,21,30,0,0
2017,5,3,22,30,0,0
2017,5,3,23,30,0,0
2017,5,4,0,30,0,0
2017,5,4,1,30,0,0
2017,5,4,2,30,0,0
2017,5,4,3,30,100,64
2017,5,4,4,30,394,261
2017,5,4,5,30,602,484
2017,5,4,6,30,724,691
2017,5,4,7,30,795,856
2017,5,4,8,30,832,965
2017,5,4,9,30,839,1006
2017,5,4,10,30,836,981
2017,5,4,11,30,817,890
2017,5,4,12,30,755,738
2017,5,4,13,30,683,545
2017,5,4,14,30,556,328
2017,5,4,15,30,299,116
2017,5,4,16,30,0,0
2017,5,4,17,30,0,0
2017,5,4,18,30,0,0
2017,5,4,19,30,0,0
2017,5,4,20,30,0,0
2017,5,4,21,30,0,0
2017,5,4,22,30,0,0
2017,5,4,23,30,0,0
2017,5,5,0,30,0,0
2017,5,5,1,30,0,0
2017,5,5,2,30,0,0
2017,5,5,3,30,190,72
2017,5,5,4,30,510,277
2017,5,5,5,30,678,501
2017,5,5,6,30,768,704
2017,5,5,7,30,818,867
2017,5,5,8,30,841,974
2017,5,5,9,30,861,1019
2017,5,5,10,30,849,989
2017,5,5,11,30,816,895
2017,5,5,12,30,500,636
2017,5,5,13,30,439,463
2017,5,5,14,30,219,235
2017,5,5,15,30,0,42
2017,5,5,16,30,0,0
2017,5,5,17,30,0,0
2017,5,5,18,30,0,0
2017,5,5,19,30,0,0
2017,5,5,20,30,0,0
2017,5,5,21,30,0,0
2017,5,5,22,30,0,0
2017,5,5,23,30,0,0
2017,5,6,0,30,0,0
2017,5,6,1,30,0,0
2017,5,6,2,30,0,0
2017,5,6,3,30,171,73
2017,5,6,4,30,0,72
2017,5,6,5,30,692,504
2017,5,6,6,30,799,712
2017,5,6,7,30,859,877
2017,5,6,8,30,891,986
2017,5,6,9,30,861,1019
2017,5,6,10,30,857,993
2017,5,6,11,30,836,901
2017,5,6,12,30,787,750
2017,5,6,13,30,717,556
2017,5,6,14,30,591,337
2017,5,6,15,30,334,122
2017,5,6,16,30,0,0
2017,5,6,17,30,0,0
2017,5,6,18,30,0,0
2017,5,6,19,30,0,0
2017,5,6,20,30,0,0
2017,5,6,21,30,0,0
2017,5,6,22,30,0,0
2017,5,6,23,30,0,0
2017,5,7,0,30,0,0
2017,5,7,1,30,0,0
2017,5,7,2,30,0,0
2017,5,7,3,30,268,80
2017,5,7,4,30,586,290
2017,5,7,5,30,736,514
2017,5,7,6,30,818,718
2017,5,7,7,30,868,882
2017,5,7,8,30,894,990
2017,5,7,9,30,907,1032
2017,5,7,10,30,891,1003
2017,5,7,11,30,853,906
2017,5,7,12,30,740,741
2017,5,7,13,30,622,541
2017,5,7,14,30,464,321
2017,5,7,15,30,202,112
2017,5,7,16,30,0,0
2017,5,7,17,30,0,0
2017,5,7,18,30,0,0
2017,5,7,19,30,0,0
2017,5,7,20,30,0,0
2017,5,7,21,30,0,0
2017,5,7,22,30,0,0
2017,5,7,23,30,0,0
2017,5,8,0,30,0,0
2017,5,8,1,30,0,0
2017,5,8,2,30,0,0
2017,5,8,3,30,255,80
2017,5,8,4,30,559,287
2017,5,8,5,30,710,510
2017,5,8,6,30,796,714
2017,5,8,7,30,847,877
2017,5,8,8,30,879,988
2017,5,8,9,30,891,1032
2017,5,8,10,30,886,1006
2017,5,8,11,30,864,913
2017,5,8,12,30,766,750
2017,5,8,13,30,686,554
2017,5,8,14,30,544,334
2017,5,8,15,30,274,120
2017,5,8,16,30,0,0
2017,5,8,17,30,0,0
2017,5,8,18,30,0,0
2017,5,8,19,30,0,0
2017,5,8,20,30,0,0
2017,5,8,21,30,0,0
2017,5,8,22,30,0,0
2017,5,8,23,30,0,0
2017,5,9,0,30,0,0
2017,5,9,1,30,0,0
2017,5,9,2,30,0,0
2017,5,9,3,30,219,80
2017,5,9,4,30,538,287
2017,5,9,5,30,696,509
2017,5,9,6,30,785,713
2017,5,9,7,30,835,876
2017,5,9,8,30,863,986
2017,5,9,9,30,813,1012
2017,5,9,10,30,801,985
2017,5,9,11,30,772,892
2017,5,9,12,30,722,741
2017,5,9,13,30,638,547
2017,5,9,14,30,491,328
2017,5,9,15,30,224,117
2017,5,9,16,30,0,0
2017,5,9,17,30,0,0
2017,5,9,18,30,0,0
2017,5,9,19,30,0,0
2017,5,9,20,30,0,0
2017,5,9,21,30,0,0
2017,5,9,22,30,0,0
2017,5,9,23,30,0,0
2017,5,10,0,30,0,0
2017,5,10,1,30,0,0
2017,5,10,2,30,0,0
2017,5,10,3,30,164,78
2017,5,10,4,30,480,282
2017,5,10,5,30,652,506
2017,5,10,6,30,750,711
2017,5,10,7,30,807,875
2017,5,10,8,30,838,983
2017,5,10,9,30,816,1016
2017,5,10,10,30,810,988
2017,5,10,11,30,788,897
2017,5,10,12,30,722,745
2017,5,10,13,30,634,549
2017,5,10,14,30,489,330
2017,5,10,15,30,228,119
2017,5,10,16,30,0,0
2017,5,10,17,30,0,0
2017,5,10,18,30,0,0
2017,5,10,19,30,0,0
2017,5,10,20,30,0,0
2017,5,10,21,30,0,0
2017,5,10,22,30,0,0
2017,5,10,23,30,0,0
2017,5,11,0,30,0,0
2017,5,11,1,30,0,0
2017,5,11,2,30,0,0
2017,5,11,3,30,40,60
2017,5,11,4,30,265,251
2017,5,11,5,30,456,467
2017,5,11,6,30,584,668
2017,5,11,7,30,672,834
2017,5,11,8,30,734,946
2017,5,11,9,30,778,998
2017,5,11,10,30,800,982
2017,5,11,11,30,798,898
2017,5,11,12,30,802,762
2017,5,11,13,30,747,572
2017,5,11,14,30,627,353
2017,5,11,15,30,365,134
2017,5,11,16,30,0,0
2017,5,11,17,30,0,0
2017,5,11,18,30,0,0
2017,5,11,19,30,0,0
2017,5,11,20,30,0,0
2017,5,11,21,30,0,0
2017,5,11,22,30,0,0
2017,5,11,23,30,0,0
2017,5,12,0,30,0,0
2017,5,12,1,30,0,0
2017,5,12,2,30,0,0
2017,5,12,3,30,218,88
2017,5,12,4,30,526,295
2017,5,12,5,30,716,523
2017,5,12,6,30,817,729
2017,5,12,7,30,874,893
2017,5,12,8,30,904,1000
2017,5,12,9,30,928,1048
2017,5,12,10,30,916,1019
2017,5,12,11,30,894,926
2017,5,12,12,30,768,757
2017,5,12,13,30,676,560
2017,5,12,14,30,520,338
2017,5,12,15,30,247,124
2017,5,12,16,30,0,0
2017,5,12,17,30,0,0
2017,5,12,18,30,0,0
2017,5,12,19,30,0,0
2017,5,12,20,30,0,0
2017,5,12,21,30,0,0
2017,5,12,22,30,0,0
2017,5,12,23,30,0,0
2017,5,13,0,30,0,0
2017,5,13,1,30,0,0
2017,5,13,2,30,0,0
2017,5,13,3,30,230,88
2017,5,13,4,30,551,298
2017,5,13,5,30,714,522
2017,5,13,6,30,800,726
2017,5,13,7,30,846,888
2017,5,13,8,30,869,992
2017,5,13,9,30,935,1052
2017,5,13,10,30,928,1025
2017,5,13,11,30,900,928
2017,5,13,12,30,815,768
2017,5,13,13,30,714,566
2017,5,13,14,30,544,340
2017,5,13,15,30,252,125
2017,5,13,16,30,0,0
2017,5,13,17,30,0,0
2017,5,13,18,30,0,0
2017,5,13,19,30,0,0
2017,5,13,20,30,0,0
2017,5,13,21,30,0,0
2017,5,13,22,30,0,0
2017,5,13,23,30,0,0
2017,5,14,0,30,0,0
2017,5,14,1,30,0,0
2017,5,14,2,30,0,0
2017,5,14,3,30,119,80
2017,5,14,4,30,385,277
2017,5,14,5,30,535,490
2017,5,14,6,30,614,682
2017,5,14,7,30,651,834
2017,5,14,8,30,668,933
2017,5,14,9,30,670,970
2017,5,14,10,30,654,941
2017,5,14,11,30,613,848
2017,5,14,12,30,503,692
2017,5,14,13,30,387,502
2017,5,14,14,30,227,294
2017,5,14,15,30,48,97
2017,5,14,16,30,0,0
2017,5,14,17,30,0,0
2017,5,14,18,30,0,0
2017,5,14,19,30,0,0
2017,5,14,20,30,0,0
2017,5,14,21,30,0,0
2017,5,14,22,30,0,0
2017,5,14,23,30,0,0
2017,5,15,0,30,0,0
2017,5,15,1,30,0,0
2017,5,15,2,30,0,0
2017,5,15,3,30,60,72
2017,5,15,4,30,313,268
2017,5,15,5,30,509,486
2017,5,15,6,30,634,687
2017,5,15,7,30,713,852
2017,5,15,8,30,756,960
2017,5,15,9,30,718,991
2017,5,15,10,30,745,971
2017,5,15,11,30,751,891
2017,5,15,12,30,654,733
2017,5,15,13,30,639,553
2017,5,15,14,30,557,346
2017,5,15,15,30,342,136
2017,5,15,16,30,0,0
2017,5,15,17,30,0,0
2017,5,15,18,30,0,0
2017,5,15,19,30,0,0
2017,5,15,20,30,0,0
2017,5,15,21,30,0,0
2017,5,15,22,30,0,0
2017,5,15,23,30,0,0
2017,5,16,0,30,0,0
2017,5,16,1,30,0,0
2017,5,16,2,30,0,0
2017,5,16,3,30,319,98
2017,5,16,4,30,609,308
2017,5,16,5,30,751,532
2017,5,16,6,30,831,734
2017,5,16,7,30,876,894
2017,5,16,8,30,901,1000
2017,5,16,9,30,906,1042
2017,5,16,10,30,899,1015
2017,5,16,11,30,875,924
2017,5,16,12,30,825,771
2017,5,16,13,30,740,575
2017,5,16,14,30,598,355
2017,5,16,15,30,337,138
2017,5,16,16,30,0,0
2017,5,16,17,30,0,0
2017,5,16,18,30,0,0
2017,5,16,19,30,0,0
2017,5,16,20,30,0,0
2017,5,16,21,30,0,0
2017,5,16,22,30,0,0
2017,5,16,23,30,0,0
2017,5,17,0,30,0,0
2017,5,17,1,30,0,0
2017,5,17,2,30,0,0
2017,5,17,3,30,325,100
2017,5,17,4,30,613,311
2017,5,17,5,30,752,534
2017,5,17,6,30,827,736
2017,5,17,7,30,869,897
2017,5,17,8,30,886,999
2017,5,17,9,30,848,1027
2017,5,17,10,30,840,1001
2017,5,17,11,30,811,906
2017,5,17,12,30,752,754
2017,5,17,13,30,655,558
2017,5,17,14,30,493,338
2017,5,17,15,30,235,130
2017,5,17,16,30,0,0
2017,5,17,17,30,0,0
2017,5,17,18,30,0,0
2017,5,17,19,30,0,0
2017,5,17,20,30,0,0
2017,5,17,21,30,0,0
2017,5,17,22,30,0,0
2017,5,17,23,30,0,0
2017,5,18,0,30,0,0
2017,5,18,1,30,0,0
2017,5,18,2,30,0,0
2017,5,18,3,30,37,71
2017,5,18,4,30,0,79
2017,5,18,5,30,405,470
2017,5,18,6,30,511,663
2017,5,18,7,30,608,827
2017,5,18,8,30,681,939
2017,5,18,9,30,698,981
2017,5,18,10,30,650,944
2017,5,18,11,30,549,815
2017,5,18,12,30,99,431
2017,5,18,13,30,201,386
2017,5,18,14,30,6,138
2017,5,18,15,30,0,59
2017,5,18,16,30,0,0
2017,5,18,17,30,0,0
2017,5,18,18,30,0,0
2017,5,18,19,30,0,0
2017,5,18,20,30,0,0
2017,5,18,21,30,0,0
2017,5,18,22,30,0,0
2017,5,18,23,30,0,0
2017,5,19,0,30,0,0
2017,5,19,1,30,0,0
2017,5,19,2,30,0,0
2017,5,19,3,30,37,69
2017,5,19,4,30,241,260
2017,5,19,5,30,423,471
2017,5,19,6,30,56,355
2017,5,19,7,30,68,455
2017,5,19,8,30,74,521
2017,5,19,9,30,73,543
2017,5,19,10,30,214,691
2017,5,19,11,30,745,879
2017,5,19,12,30,662,727
2017,5,19,13,30,577,542
2017,5,19,14,30,435,332
2017,5,19,15,30,204,129
2017,5,19,16,30,0,0
2017,5,19,17,30,0,0
2017,5,19,18,30,0,0
2017,5,19,19,30,0,0
2017,5,19,20,30,0,0
2017,5,19,21,30,0,0
2017,5,19,22,30,0,0
2017,5,19,23,30,0,0
2017,5,20,0,30,0,0
2017,5,20,1,30,0,0
2017,5,20,2,30,0,0
2017,5,20,3,30,254,97
2017,5,20,4,30,572,306
2017,5,20,5,30,90,290
2017,5,20,6,30,59,358
2017,5,20,7,30,885,891
2017,5,20,8,30,909,996
2017,5,20,9,30,797,1006
2017,5,20,10,30,780,978
2017,5,20,11,30,749,888
2017,5,20,12,30,708,745
2017,5,20,13,30,622,555
2017,5,20,14,30,493,343
2017,5,20,15,30,268,138
2017,5,20,16,30,0,0
2017,5,20,17,30,0,0
2017,5,20,18,30,0,0
2017,5,20,19,30,0,0
2017,5,20,20,30,0,0
2017,5,20,21,30,0,0
2017,5,20,22,30,0,0
2017,5,20,23,30,0,0
2017,5,21,0,30,0,0
2017,5,21,1,30,0,0
2017,5,21,2,30,0,0
2017,5,21,3,30,310,105
2017,5,21,4,30,609,317
2017,5,21,5,30,141,324
2017,5,21,6,30,206,490
2017,5,21,7,30,412,711
2017,5,21,8,30,309,747
2017,5,21,9,30,956,1063
2017,5,21,10,30,953,1041
2017,5,21,11,30,929,949
2017,5,21,12,30,834,789
2017,5,21,13,30,746,591
2017,5,21,14,30,609,369
2017,5,21,15,30,372,151
2017,5,21,16,30,0,0
2017,5,21,17,30,0,0
2017,5,21,18,30,0,0
2017,5,21,19,30,0,0
2017,5,21,20,30,0,0
2017,5,21,21,30,0,0
2017,5,21,22,30,0,0
2017,5,21,23,30,0,0
2017,5,22,0,30,0,0
2017,5,22,1,30,0,0
2017,5,22,2,30,0,0
2017,5,22,3,30,388,110
2017,5,22,4,30,648,321
2017,5,22,5,30,763,539
2017,5,22,6,30,820,734
2017,5,22,7,30,851,890
2017,5,22,8,30,868,993
2017,5,22,9,30,863,1029
2017,5,22,10,30,861,1004
2017,5,22,11,30,833,913
2017,5,22,12,30,760,759
2017,5,22,13,30,670,565
2017,5,22,14,30,527,351
2017,5,22,15,30,211,116
2017,5,22,16,30,0,0
2017,5,22,17,30,0,0
2017,5,22,18,30,0,0
2017,5,22,19,30,0,0
2017,5,22,20,30,0,0
2017,5,22,21,30,0,0
2017,5,22,22,30,0,0
2017,5,22,23,30,0,0
2017,5,23,0,30,0,0
2017,5,23,1,30,0,0
2017,5,23,2,30,0,0
2017,5,23,3,30,55,79
2017,5,23,4,30,286,270
2017,5,23,5,30,484,485
2017,5,23,6,30,626,688
2017,5,23,7,30,727,857
2017,5,23,8,30,789,968
2017,5,23,9,30,839,1021
2017,5,23,10,30,850,999
2017,5,23,11,30,848,917
2017,5,23,12,30,806,772
2017,5,23,13,30,735,583
2017,5,23,14,30,614,367
2017,5,23,15,30,390,153
2017,5,23,16,30,0,0
2017,5,23,17,30,0,0
2017,5,23,18,30,0,0
2017,5,23,19,30,0,0
2017,5,23,20,30,0,0
2017,5,23,21,30,0,0
2017,5,23,22,30,0,0
2017,5,23,23,30,0,0
2017,5,24,0,30,0,0
2017,5,24,1,30,0,0
2017,5,24,2,30,0,0
2017,5,24,3,30,285,106
2017,5,24,4,30,566,315
2017,5,24,5,30,730,537
2017,5,24,6,30,822,739
2017,5,24,7,30,876,900
2017,5,24,8,30,904,1006
2017,5,24,9,30,911,1047
2017,5,24,10,30,920,1026
2017,5,24,11,30,916,942
2017,5,24,12,30,874,794
2017,5,24,13,30,789,597
2017,5,24,14,30,669,378
2017,5,24,15,30,418,157
2017,5,24,16,30,0,0
2017,5,24,17,30,0,0
2017,5,24,18,30,0,0
2017,5,24,19,30,0,0
2017,5,24,20,30,0,0
2017,5,24,21,30,0,0
2017,5,24,22,30,0,0
2017,5,24,23,30,0,0
2017,5,25,0,30,0,0
2017,5,25,1,30,0,0
2017,5,25,2,30,0,0
2017,5,25,3,30,225,102
2017,5,25,4,30,520,309
2017,5,25,5,30,681,529
2017,5,25,6,30,761,728
2017,5,25,7,30,808,887
2017,5,25,8,30,832,988
2017,5,25,9,30,818,1026
2017,5,25,10,30,836,1005
2017,5,25,11,30,457,766
2017,5,25,12,30,20,286
2017,5,25,13,30,474,495
2017,5,25,14,30,444,346
2017,5,25,15,30,11,75
2017,5,25,16,30,0,0
2017,5,25,17,30,0,0
2017,5,25,18,30,0,0
2017,5,25,19,30,0,0
2017,5,25,20,30,0,0
2017,5,25,21,30,0,0
2017,5,25,22,30,0,0
2017,5,25,23,30,0,0
2017,5,26,0,30,0,0
2017,5,26,1,30,0,0
2017,5,26,2,30,0,0
2017,5,26,3,30,332,110
2017,5,26,4,30,625,322
2017,5,26,5,30,776,544
2017,5,26,6,30,863,748
2017,5,26,7,30,915,911
2017,5,26,8,30,941,1018
2017,5,26,9,30,935,1056
2017,5,26,10,30,937,1033
2017,5,26,11,30,918,941
2017,5,26,12,30,854,789
2017,5,26,13,30,794,599
2017,5,26,14,30,688,382
2017,5,26,15,30,477,165
2017,5,26,16,30,0,0
2017,5,26,17,30,0,0
2017,5,26,18,30,0,0
2017,5,26,19,30,0,0
2017,5,26,20,30,0,0
2017,5,26,21,30,0,0
2017,5,26,22,30,0,0
2017,5,26,23,30,0,0
2017,5,27,0,30,0,0
2017,5,27,1,30,0,0
2017,5,27,2,30,0,0
2017,5,27,3,30,242,101
2017,5,27,4,30,510,305
2017,5,27,5,30,652,520
2017,5,27,6,30,733,716
2017,5,27,7,30,778,872
2017,5,27,8,30,797,973
2017,5,27,9,30,832,1024
2017,5,27,10,30,809,995
2017,5,27,11,30,752,898
2017,5,27,12,30,686,750
2017,5,27,13,30,586,559
2017,5,27,14,30,430,345
2017,5,27,15,30,187,138
2017,5,27,16,30,0,0
2017,5,27,17,30,0,0
2017,5,27,18,30,0,0
2017,5,27,19,30,0,0
2017,5,27,20,30,0,0
2017,5,27,21,30,0,0
2017,5,27,22,30,0,0
2017,5,27,23,30,0,0
2017,5,28,0,30,0,0
2017,5,28,1,30,0,0
2017,5,28,2,30,0,0
2017,5,28,3,30,155,94
2017,5,28,4,30,459,296
2017,5,28,5,30,650,517
2017,5,28,6,30,766,721
2017,5,28,7,30,833,882
2017,5,28,8,30,871,991
2017,5,28,9,30,908,1044
2017,5,28,10,30,910,1021
2017,5,28,11,30,898,937
2017,5,28,12,30,808,778
2017,5,28,13,30,724,586
2017,5,28,14,30,587,370
2017,5,28,15,30,341,155
2017,5,28,16,30,2,6
2017,5,28,17,30,0,0
2017,5,28,18,30,0,0
2017,5,28,19,30,0,0
2017,5,28,20,30,0,0
2017,5,28,21,30,0,0
2017,5,28,22,30,0,0
2017,5,28,23,30,0,0
2017,5,29,0,30,0,0
2017,5,29,1,30,0,0
2017,5,29,2,30,0,0
2017,5,29,3,30,262,105
2017,5,29,4,30,536,310
2017,5,29,5,30,677,527
2017,5,29,6,30,755,724
2017,5,29,7,30,803,881
2017,5,29,8,30,823,982
2017,5,29,9,30,873,1035
2017,5,29,10,30,850,1004
2017,5,29,11,30,800,905
2017,5,29,12,30,746,758
2017,5,29,13,30,662,570
2017,5,29,14,30,521,358
2017,5,29,15,30,278,149
2017,5,29,16,30,1,6
2017,5,29,17,30,0,0
2017,5,29,18,30,0,0
2017,5,29,19,30,0,0
2017,5,29,20,30,0,0
2017,5,29,21,30,0,0
2017,5,29,22,30,0,0
2017,5,29,23,30,0,0
2017,5,30,0,30,0,0
2017,5,30,1,30,0,0
2017,5,30,2,30,0,0
2017,5,30,3,30,154,95
2017,5,30,4,30,443,292
2017,5,30,5,30,617,506
2017,5,30,6,30,707,699
2017,5,30,7,30,746,850
2017,5,30,8,30,759,950
2017,5,30,9,30,813,1002
2017,5,30,10,30,805,978
2017,5,30,11,30,776,890
2017,5,30,12,30,688,739
2017,5,30,13,30,607,557
2017,5,30,14,30,488,351
2017,5,30,15,30,255,147
2017,5,30,16,30,0,5
2017,5,30,17,30,0,0
2017,5,30,18,30,0,0
2017,5,30,19,30,0,0
2017,5,30,20,30,0,0
2017,5,30,21,30,0,0
2017,5,30,22,30,0,0
2017,5,30,23,30,0,0
2017,5,31,0,30,0,0
2017,5,31,1,30,0,0
2017,5,31,2,30,0,0
2017,5,31,3,30,141,95
2017,5,31,4,30,393,288
2017,5,31,5,30,546,497
2017,5,31,6,30,644,691
2017,5,31,7,30,701,847
2017,5,31,8,30,724,947
2017,5,31,9,30,837,1015
2017,5,31,10,30,827,990
2017,5,31,11,30,799,904
2017,5,31,12,30,752,760
2017,5,31,13,30,707,583
2017,5,31,14,30,611,375
2017,5,31,15,30,410,165
2017,5,31,16,30,19,11
2017,5,31,17,30,0,0
2017,5,31,18,30,0,0
2017,5,31,19,30,0,0
2017,5,31,20,30,0,0
2017,5,31,21,30,0,0
2017,5,31,22,30,0,0
2017,5,31,23,30,0,0
2017,6,1,0,30,0,0
2017,6,1,1,30,0,0
2017,6,1,2,30,0,0
2017,6,1,3,30,342,116
2017,6,1,4,30,613,326
2017,6,1,5,30,746,543
2017,6,1,6,30,799,737
2017,6,1,7,30,833,893
2017,6,1,8,30,885,1006
2017,6,1,9,30,918,1055
2017,6,1,10,30,933,1036
2017,6,1,11,30,920,950
2017,6,1,12,30,880,804
2017,6,1,13,30,816,613
2017,6,1,14,30,707,395
2017,6,1,15,30,496,176
2017,6,1,16,30,53,13
2017,6,1,17,30,0,0
2017,6,1,18,30,0,0
2017,6,1,19,30,0,0
2017,6,1,20,30,0,0
2017,6,1,21,30,0,0
2017,6,1,22,30,0,0
2017,6,1,23,30,0,0
2017,6,2,0,30,0,0
2017,6,2,1,30,0,0
2017,6,2,2,30,0,0
2017,6,2,3,30,287,111
2017,6,2,4,30,568,318
2017,6,2,5,30,724,536
2017,6,2,6,30,803,731
2017,6,2,7,30,849,888
2017,6,2,8,30,875,992
2017,6,2,9,30,878,1033
2017,6,2,10,30,874,1010
2017,6,2,11,30,851,921
2017,6,2,12,30,825,781
2017,6,2,13,30,758,596
2017,6,2,14,30,646,383
2017,6,2,15,30,448,171
2017,6,2,16,30,52,13
2017,6,2,17,30,0,0
2017,6,2,18,30,0,0
2017,6,2,19,30,0,0
2017,6,2,20,30,0,0
2017,6,2,21,30,0,0
2017,6,2,22,30,0,0
2017,6,2,23,30,0,0
2017,6,3,0,30,0,0
2017,6,3,1,30,0,0
2017,6,3,2,30,0,0
2017,6,3,3,30,322,114
2017,6,3,4,30,602,322
2017,6,3,5,30,754,542
2017,6,3,6,30,834,741
2017,6,3,7,30,876,898
2017,6,3,8,30,897,1002
2017,6,3,9,30,911,1046
2017,6,3,10,30,906,1022
2017,6,3,11,30,883,934
2017,6,3,12,30,846,791
2017,6,3,13,30,770,601
2017,6,3,14,30,649,386
2017,6,3,15,30,420,170
2017,6,3,16,30,25,12
2017,6,3,17,30,0,0
2017,6,3,18,30,0,0
2017,6,3,19,30,0,0
2017,6,3,20,30,0,0
2017,6,3,21,30,0,0
2017,6,3,22,30,0,0
2017,6,3,23,30,0,0
2017,6,4,0,30,0,0
2017,6,4,1,30,0,0
2017,6,4,2,30,0,0
2017,6,4,3,30,219,105
2017,6,4,4,30,488,305
2017,6,4,5,30,635,518
2017,6,4,6,30,719,709
2017,6,4,7,30,769,865
2017,6,4,8,30,798,968
2017,6,4,9,30,808,1012
2017,6,4,10,30,815,993
2017,6,4,11,30,799,908
2017,6,4,12,30,729,761
2017,6,4,13,30,655,578
2017,6,4,14,30,534,369
2017,6,4,15,30,320,162
2017,6,4,16,30,9,11
2017,6,4,17,30,0,0
2017,6,4,18,30,0,0
2017,6,4,19,30,0,0
2017,6,4,20,30,0,0
2017,6,4,21,30,0,0
2017,6,4,22,30,0,0
2017,6,4,23,30,0,0
2017,6,5,0,30,0,0
2017,6,5,1,30,0,0
2017,6,5,2,30,0,0
2017,6,5,3,30,276,111
2017,6,5,4,30,559,315
2017,6,5,5,30,710,532
2017,6,5,6,30,796,730
2017,6,5,7,30,844,886
2017,6,5,8,30,871,991
2017,6,5,9,30,823,1018
2017,6,5,10,30,826,1000
2017,6,5,11,30,813,916
2017,6,5,12,30,815,786
2017,6,5,13,30,759,601
2017,6,5,14,30,662,391
2017,6,5,15,30,470,178
2017,6,5,16,30,56,15
2017,6,5,17,30,0,0
2017,6,5,18,30,0,0
2017,6,5,19,30,0,0
2017,6,5,20,30,0,0
2017,6,5,21,30,0,0
2017,6,5,22,30,0,0
2017,6,5,23,30,0,0
2017,6,6,0,30,0,0
2017,6,6,1,30,0,0
2017,6,6,2,30,0,0
2017,6,6,3,30,433,124
2017,6,6,4,30,676,336
2017,6,6,5,30,794,556
2017,6,6,6,30,862,754
2017,6,6,7,30,903,914
2017,6,6,8,30,925,1019
2017,6,6,9,30,937,1064
2017,6,6,10,30,925,1039
2017,6,6,11,30,902,953
2017,6,6,12,30,812,797
2017,6,6,13,30,745,609
2017,6,6,14,30,633,394
2017,6,6,15,30,429,178
2017,6,6,16,30,36,15
2017,6,6,17,30,0,0
2017,6,6,18,30,0,0
2017,6,6,19,30,0,0
2017,6,6,20,30,0,0
2017,6,6,21,30,0,0
2017,6,6,22,30,0,0
2017,6,6,23,30,0,0
2017,6,7,0,30,0,0
2017,6,7,1,30,0,0
2017,6,7,2,30,0,0
2017,6,7,3,30,425,124
2017,6,7,4,30,672,337
2017,6,7,5,30,793,558
2017,6,7,6,30,861,758
2017,6,7,7,30,900,917
2017,6,7,8,30,918,1019
2017,6,7,9,30,943,1067
2017,6,7,10,30,932,1040
2017,6,7,11,30,903,949
2017,6,7,12,30,864,804
2017,6,7,13,30,790,612
2017,6,7,14,30,676,397
2017,6,7,15,30,465,180
2017,6,7,16,30,47,16
2017,6,7,17,30,0,0
2017,6,7,18,30,0,0
2017,6,7,19,30,0,0
2017,6,7,20,30,0,0
2017,6,7,21,30,0,0
2017,6,7,22,30,0,0
2017,6,7,23,30,0,0
2017,6,8,0,30,0,0
2017,6,8,1,30,0,0
2017,6,8,2,30,0,0
2017,6,8,3,30,339,114
2017,6,8,4,30,605,320
2017,6,8,5,30,740,537
2017,6,8,6,30,819,735
2017,6,8,7,30,862,893
2017,6,8,8,30,886,999
2017,6,8,9,30,879,1038
2017,6,8,10,30,869,1015
2017,6,8,11,30,839,927
2017,6,8,12,30,775,778
2017,6,8,13,30,686,589
2017,6,8,14,30,537,374
2017,6,8,15,30,291,164
2017,6,8,16,30,3,10
2017,6,8,17,30,0,0
2017,6,8,18,30,0,0
2017,6,8,19,30,0,0
2017,6,8,20,30,0,0
2017,6,8,21,30,0,0
2017,6,8,22,30,0,0
2017,6,8,23,30,0,0
2017,6,9,0,30,0,0
2017,6,9,1,30,0,0
2017,6,9,2,30,0,0
2017,6,9,3,30,125,97
2017,6,9,4,30,379,292
2017,6,9,5,30,542,502
2017,6,9,6,30,643,696
2017,6,9,7,30,705,853
2017,6,9,8,30,739,957
2017,6,9,9,30,715,991
2017,6,9,10,30,722,973
2017,6,9,11,30,707,891
2017,6,9,12,30,693,759
2017,6,9,13,30,621,577
2017,6,9,14,30,492,369
2017,6,9,15,30,263,162
2017,6,9,16,30,3,10
2017,6,9,17,30,0,0
2017,6,9,18,30,0,0
2017,6,9,19,30,0,0
2017,6,9,20,30,0,0
2017,6,9,21,30,0,0
2017,6,9,22,30,0,0
2017,6,9,23,30,0,0
2017,6,10,0,30,0,0
2017,6,10,1,30,0,0
2017,6,10,2,30,0,0
2017,6,10,3,30,143,103
2017,6,10,4,30,0,117
2017,6,10,5,30,615,520
2017,6,10,6,30,726,719
2017,6,10,7,30,790,880
2017,6,10,8,30,825,986
2017,6,10,9,30,871,1039
2017,6,10,10,30,877,1019
2017,6,10,11,30,871,939
2017,6,10,12,30,846,800
2017,6,10,13,30,795,617
2017,6,10,14,30,696,405
2017,6,10,15,30,501,189
2017,6,10,16,30,69,20
2017,6,10,17,30,0,0
2017,6,10,18,30,0,0
2017,6,10,19,30,0,0
2017,6,10,20,30,0,0
2017,6,10,21,30,0,0
2017,6,10,22,30,0,0
2017,6,10,23,30,0,0
2017,6,11,0,30,0,0
2017,6,11,1,30,0,0
2017,6,11,2,30,0,0
2017,6,11,3,30,273,115
2017,6,11,4,30,570,324
2017,6,11,5,30,737,546
2017,6,11,6,30,829,747
2017,6,11,7,30,880,908
2017,6,11,8,30,906,1012
2017,6,11,9,30,906,1053
2017,6,11,10,30,906,1033
2017,6,11,11,30,892,949
2017,6,11,12,30,814,799
2017,6,11,13,30,741,611
2017,6,11,14,30,617,396
2017,6,11,15,30,392,180
2017,6,11,16,30,21,17
2017,6,11,17,30,0,0
2017,6,11,18,30,0,0
2017,6,11,19,30,0,0
2017,6,11,20,30,0,0
2017,6,11,21,30,0,0
2017,6,11,22,30,0,0
2017,6,11,23,30,0,0
2017,6,12,0,30,0,0
2017,6,12,1,30,0,0
2017,6,12,2,30,0,0
2017,6,12,3,30,204,108
2017,6,12,4,30,484,310
2017,6,12,5,30,645,525
2017,6,12,6,30,741,723
2017,6,12,7,30,798,881
2017,6,12,8,30,830,987
2017,6,12,9,30,854,1035
2017,6,12,10,30,850,1014
2017,6,12,11,30,829,929
2017,6,12,12,30,786,788
2017,6,12,13,30,725,604
2017,6,12,14,30,614,393
2017,6,12,15,30,402,180
2017,6,12,16,30,27,18
2017,6,12,17,30,0,0
2017,6,12,18,30,0,0
2017,6,12,19,30,0,0
2017,6,12,20,30,0,0
2017,6,12,21,30,0,0
2017,6,12,22,30,0,0
2017,6,12,23,30,0,0
2017,6,13,0,30,0,0
2017,6,13,1,30,0,0
2017,6,13,2,30,0,0
2017,6,13,3,30,309,115
2017,6,13,4,30,592,321
2017,6,13,5,30,745,539
2017,6,13,6,30,826,736
2017,6,13,7,30,866,889
2017,6,13,8,30,885,991
2017,6,13,9,30,904,1034
2017,6,13,10,30,899,1013
2017,6,13,11,30,868,925
2017,6,13,12,30,678,751
2017,6,13,13,30,551,562
2017,6,13,14,30,392,355
2017,6,13,15,30,179,154
2017,6,13,16,30,1,8
2017,6,13,17,30,0,0
2017,6,13,18,30,0,0
2017,6,13,19,30,0,0
2017,6,13,20,30,0,0
2017,6,13,21,30,0,0
2017,6,13,22,30,0,0
2017,6,13,23,30,0,0
2017,6,14,0,30,0,0
2017,6,14,1,30,0,0
2017,6,14,2,30,0,0
2017,6,14,3,30,136,96
2017,6,14,4,30,373,287
2017,6,14,5,30,520,492
2017,6,14,6,30,611,680
2017,6,14,7,30,675,835
2017,6,14,8,30,714,941
2017,6,14,9,30,838,1014
2017,6,14,10,30,817,989
2017,6,14,11,30,783,904
2017,6,14,12,30,731,764
2017,6,14,13,30,671,586
2017,6,14,14,30,564,381
2017,6,14,15,30,365,175
2017,6,14,16,30,30,18
2017,6,14,17,30,0,0
2017,6,14,18,30,0,0
2017,6,14,19,30,0,0
2017,6,14,20,30,0,0
2017,6,14,21,30,0,0
2017,6,14,22,30,0,0
2017,6,14,23,30,0,0
2017,6,15,0,30,0,0
2017,6,15,1,30,0,0
2017,6,15,2,30,0,0
2017,6,15,3,30,275,111
2017,6,15,4,30,561,316
2017,6,15,5,30,727,534
2017,6,15,6,30,816,732
2017,6,15,7,30,866,890
2017,6,15,8,30,893,996
2017,6,15,9,30,925,1046
2017,6,15,10,30,922,1026
2017,6,15,11,30,904,943
2017,6,15,12,30,805,787
2017,6,15,13,30,729,602
2017,6,15,14,30,604,391
2017,6,15,15,30,380,179
2017,6,15,16,30,28,18
2017,6,15,17,30,0,0
2017,6,15,18,30,0,0
2017,6,15,19,30,0,0
2017,6,15,20,30,0,0
2017,6,15,21,30,0,0
2017,6,15,22,30,0,0
2017,6,15,23,30,0,0
2017,6,16,0,30,0,0
2017,6,16,1,30,0,0
2017,6,16,2,30,0,0
2017,6,16,3,30,286,111
2017,6,16,4,30,566,315
2017,6,16,5,30,720,531
2017,6,16,6,30,806,729
2017,6,16,7,30,854,887
2017,6,16,8,30,879,993
2017,6,16,9,30,913,1044
2017,6,16,10,30,909,1024
2017,6,16,11,30,891,941
2017,6,16,12,30,852,800
2017,6,16,13,30,789,616
2017,6,16,14,30,684,405
2017,6,16,15,30,497,192
2017,6,16,16,30,98,23
2017,6,16,17,30,0,0
2017,6,16,18,30,0,0
2017,6,16,19,30,0,0
2017,6,16,20,30,0,0
2017,6,16,21,30,0,0
2017,6,16,22,30,0,0
2017,6,16,23,30,0,0
2017,6,17,0,30,0,0
2017,6,17,1,30,0,0
2017,6,17,2,30,0,0
2017,6,17,3,30,338,114
2017,6,17,4,30,605,318
2017,6,17,5,30,738,532
2017,6,17,6,30,815,727
2017,6,17,7,30,860,884
2017,6,17,8,30,888,991
2017,6,17,9,30,901,1037
2017,6,17,10,30,896,1017
2017,6,17,11,30,877,936
2017,6,17,12,30,834,795
2017,6,17,13,30,770,612
2017,6,17,14,30,669,403
2017,6,17,15,30,475,190
2017,6,17,16,30,73,22
2017,6,17,17,30,0,0
2017,6,17,18,30,0,0
2017,6,17,19,30,0,0
2017,6,17,20,30,0,0
2017,6,17,21,30,0,0
2017,6,17,22,30,0,0
2017,6,17,23,30,0,0
2017,6,18,0,30,0,0
2017,6,18,1,30,0,0
2017,6,18,2,30,0,0
2017,6,18,3,30,294,110
2017,6,18,4,30,569,312
2017,6,18,5,30,716,528
2017,6,18,6,30,796,725
2017,6,18,7,30,846,885
2017,6,18,8,30,874,994
2017,6,18,9,30,890,1040
2017,6,18,10,30,885,1022
2017,6,18,11,30,866,939
2017,6,18,12,30,841,804
2017,6,18,13,30,781,621
2017,6,18,14,30,679,409
2017,6,18,15,30,491,195
2017,6,18,16,30,104,24
2017,6,18,17,30,0,0
2017,6,18,18,30,0,0
2017,6,18,19,30,0,0
2017,6,18,20,30,0,0
2017,6,18,21,30,0,0
2017,6,18,22,30,0,0
2017,6,18,23,30,0,0
2017,6,19,0,30,0,0
2017,6,19,1,30,0,0
2017,6,19,2,30,0,0
2017,6,19,3,30,326,113
2017,6,19,4,30,572,314
2017,6,19,5,30,703,527
2017,6,19,6,30,787,723
2017,6,19,7,30,842,881
2017,6,19,8,30,876,987
2017,6,19,9,30,884,1030
2017,6,19,10,30,867,1004
2017,6,19,11,30,823,915
2017,6,19,12,30,749,769
2017,6,19,13,30,647,583
2017,6,19,14,30,502,375
2017,6,19,15,30,282,171
2017,6,19,16,30,11,16
2017,6,19,17,30,0,0
2017,6,19,18,30,0,0
2017,6,19,19,30,0,0
2017,6,19,20,30,0,0
2017,6,19,21,30,0,0
2017,6,19,22,30,0,0
2017,6,19,23,30,0,0
2017,6,20,0,30,0,0
2017,6,20,1,30,0,0
2017,6,20,2,30,0,0
2017,6,20,3,30,190,99
2017,6,20,4,30,430,288
2017,6,20,5,30,577,493
2017,6,20,6,30,690,688
2017,6,20,7,30,782,852
2017,6,20,8,30,828,961
2017,6,20,9,30,850,1008
2017,6,20,10,30,843,990
2017,6,20,11,30,822,911
2017,6,20,12,30,749,768
2017,6,20,13,30,663,587
2017,6,20,14,30,524,379
2017,6,20,15,30,310,174
2017,6,20,16,30,16,18
2017,6,20,17,30,0,0
2017,6,20,18,30,0,0
2017,6,20,19,30,0,0
2017,6,20,20,30,0,0
2017,6,20,21,30,0,0
2017,6,20,22,30,0,0
2017,6,20,23,30,0,0
2017,6,21,0,30,0,0
2017,6,21,1,30,0,0
2017,6,21,2,30,0,0
2017,6,21,3,30,130,93
2017,6,21,4,30,388,284
2017,6,21,5,30,18,207
2017,6,21,6,30,380,578
2017,6,21,7,30,346,686
2017,6,21,8,30,432,815
2017,6,21,9,30,739,979
2017,6,21,10,30,706,960
2017,6,21,11,30,699,887
2017,6,21,12,30,740,775
2017,6,21,13,30,704,603
2017,6,21,14,30,605,396
2017,6,21,15,30,411,187
2017,6,21,16,30,49,22
2017,6,21,17,30,0,0
2017,6,21,18,30,0,0
2017,6,21,19,30,0,0
2017,6,21,20,30,0,0
2017,6,21,21,30,0,0
2017,6,21,22,30,0,0
2017,6,21,23,30,0,0
2017,6,22,0,30,0,0
2017,6,22,1,30,0,0
2017,6,22,2,30,0,0
2017,6,22,3,30,335,112
2017,6,22,4,30,633,320
2017,6,22,5,30,788,540
2017,6,22,6,30,869,738
2017,6,22,7,30,916,900
2017,6,22,8,30,939,1007
2017,6,22,9,30,947,1053
2017,6,22,10,30,940,1034
2017,6,22,11,30,919,951
2017,6,22,12,30,857,808
2017,6,22,13,30,782,621
2017,6,22,14,30,663,408
2017,6,22,15,30,457,192
2017,6,22,16,30,68,24
2017,6,22,17,30,0,0
2017,6,22,18,30,0,0
2017,6,22,19,30,0,0
2017,6,22,20,30,0,0
2017,6,22,21,30,0,0
2017,6,22,22,30,0,0
2017,6,22,23,30,0,0
2017,6,23,0,30,0,0
2017,6,23,1,30,0,0
2017,6,23,2,30,0,0
2017,6,23,3,30,331,110
2017,6,23,4,30,604,315
2017,6,23,5,30,755,533
2017,6,23,6,30,836,731
2017,6,23,7,30,883,890
2017,6,23,8,30,908,998
2017,6,23,9,30,921,1045
2017,6,23,10,30,917,1027
2017,6,23,11,30,898,945
2017,6,23,12,30,871,809
2017,6,23,13,30,810,625
2017,6,23,14,30,709,414
2017,6,23,15,30,526,199
2017,6,23,16,30,130,27
2017,6,23,17,30,0,0
2017,6,23,18,30,0,0
2017,6,23,19,30,0,0
2017,6,23,20,30,0,0
2017,6,23,21,30,0,0
2017,6,23,22,30,0,0
2017,6,23,23,30,0,0
2017,6,24,0,30,0,0
2017,6,24,1,30,0,0
2017,6,24,2,30,0,0
2017,6,24,3,30,365,113
2017,6,24,4,30,633,318
2017,6,24,5,30,776,538
2017,6,24,6,30,850,736
2017,6,24,7,30,892,895
2017,6,24,8,30,914,1002
2017,6,24,9,30,931,1050
2017,6,24,10,30,926,1032
2017,6,24,11,30,907,950
2017,6,24,12,30,868,809
2017,6,24,13,30,804,626
2017,6,24,14,30,695,414
2017,6,24,15,30,496,198
2017,6,24,16,30,109,26
2017,6,24,17,30,0,0
2017,6,24,18,30,0,0
2017,6,24,19,30,0,0
2017,6,24,20,30,0,0
2017,6,24,21,30,0,0
2017,6,24,22,30,0,0
2017,6,24,23,30,0,0
2017,6,25,0,30,0,0
2017,6,25,1,30,0,0
2017,6,25,2,30,0,0
2017,6,25,3,30,358,112
2017,6,25,4,30,634,318
2017,6,25,5,30,774,537
2017,6,25,6,30,846,733
2017,6,25,7,30,886,892
2017,6,25,8,30,905,996
2017,6,25,9,30,917,1044
2017,6,25,10,30,909,1025
2017,6,25,11,30,885,941
2017,6,25,12,30,855,805
2017,6,25,13,30,787,621
2017,6,25,14,30,674,409
2017,6,25,15,30,473,195
2017,6,25,16,30,90,25
2017,6,25,17,30,0,0
2017,6,25,18,30,0,0
2017,6,25,19,30,0,0
2017,6,25,20,30,0,0
2017,6,25,21,30,0,0
2017,6,25,22,30,0,0
2017,6,25,23,30,0,0
2017,6,26,0,30,0,0
2017,6,26,1,30,0,0
2017,6,26,2,30,0,0
2017,6,26,3,30,265,103
2017,6,26,4,30,548,304
2017,6,26,5,30,702,520
2017,6,26,6,30,784,714
2017,6,26,7,30,833,873
2017,6,26,8,30,859,980
2017,6,26,9,30,875,1028
2017,6,26,10,30,869,1010
2017,6,26,11,30,847,929
2017,6,26,12,30,809,792
2017,6,26,13,30,743,611
2017,6,26,14,30,631,402
2017,6,26,15,30,433,190
2017,6,26,16,30,70,24
2017,6,26,17,30,0,0
2017,6,26,18,30,0,0
2017,6,26,19,30,0,0
2017,6,26,20,30,0,0
2017,6,26,21,30,0,0
2017,6,26,22,30,0,0
2017,6,26,23,30,0,0
2017,6,27,0,30,0,0
2017,6,27,1,30,0,0
2017,6,27,2,30,0,0
2017,6,27,3,30,242,100
2017,6,27,4,30,524,299
2017,6,27,5,30,681,513
2017,6,27,6,30,768,709
2017,6,27,7,30,817,869
2017,6,27,8,30,842,976
2017,6,27,9,30,841,1020
2017,6,27,10,30,837,1004
2017,6,27,11,30,818,926
2017,6,27,12,30,769,787
2017,6,27,13,30,693,606
2017,6,27,14,30,571,396
2017,6,27,15,30,361,185
2017,6,27,16,30,33,21
2017,6,27,17,30,0,0
2017,6,27,18,30,0,0
2017,6,27,19,30,0,0
2017,6,27,20,30,0,0
2017,6,27,21,30,0,0
2017,6,27,22,30,0,0
2017,6,27,23,30,0,0
2017,6,28,0,30,0,0
2017,6,28,1,30,0,0
2017,6,28,2,30,0,0
2017,6,28,3,30,193,96
2017,6,28,4,30,0,85
2017,6,28,5,30,635,505
2017,6,28,6,30,734,704
2017,6,28,7,30,795,867
2017,6,28,8,30,829,976
2017,6,28,9,30,851,1026
2017,6,28,10,30,848,1009
2017,6,28,11,30,830,931
2017,6,28,12,30,807,797
2017,6,28,13,30,745,617
2017,6,28,14,30,632,406
2017,6,28,15,30,428,193
2017,6,28,16,30,55,24
2017,6,28,17,30,0,0
2017,6,28,18,30,0,0
2017,6,28,19,30,0,0
2017,6,28,20,30,0,0
2017,6,28,21,30,0,0
2017,6,28,22,30,0,0
2017,6,28,23,30,0,0
2017,6,29,0,30,0,0
2017,6,29,1,30,0,0
2017,6,29,2,30,0,0
2017,6,29,3,30,246,101
2017,6,29,4,30,545,305
2017,6,29,5,30,710,524
2017,6,29,6,30,804,727
2017,6,29,7,30,857,889
2017,6,29,8,30,888,1000
2017,6,29,9,30,919,1054
2017,6,29,10,30,920,1040
2017,6,29,11,30,902,958
2017,6,29,12,30,789,801
2017,6,29,13,30,709,615
2017,6,29,14,30,580,402
2017,6,29,15,30,364,188
2017,6,29,16,30,27,21
2017,6,29,17,30,0,0
2017,6,29,18,30,0,0
2017,6,29,19,30,0,0
2017,6,29,20,30,0,0
2017,6,29,21,30,0,0
2017,6,29,22,30,0,0
2017,6,29,23,30,0,0
2017,6,30,0,30,0,0
2017,6,30,1,30,0,0
2017,6,30,2,30,0,0
2017,6,30,3,30,226,96
2017,6,30,4,30,492,291
2017,6,30,5,30,645,503
2017,6,30,6,30,735,696
2017,6,30,7,30,791,855
2017,6,30,8,30,822,961
2017,6,30,9,30,843,1010
2017,6,30,10,30,840,994
2017,6,30,11,30,825,917
2017,6,30,12,30,786,784
2017,6,30,13,30,733,609
2017,6,30,14,30,646,406
2017,6,30,15,30,472,196
2017,6,30,16,30,95,26
2017,6,30,17,30,0,0
2017,6,30,18,30,0,0
2017,6,30,19,30,0,0
2017,6,30,20,30,0,0
2017,6,30,21,30,0,0
2017,6,30,22,30,0,0
2017,6,30,23,30,0,0
2017,7,1,0,30,0,0
2017,7,1,1,30,0,0
2017,7,1,2,30,0,0
2017,7,1,3,30,254,98
2017,7,1,4,30,531,296
2017,7,1,5,30,687,508
2017,7,1,6,30,776,705
2017,7,1,7,30,827,864
2017,7,1,8,30,855,972
2017,7,1,9,30,877,1022
2017,7,1,10,30,874,1006
2017,7,1,11,30,855,926
2017,7,1,12,30,794,785
2017,7,1,13,30,726,607
2017,7,1,14,30,610,398
2017,7,1,15,30,406,187
2017,7,1,16,30,58,23
2017,7,1,17,30,0,0
2017,7,1,18,30,0,0
2017,7,1,19,30,0,0
2017,7,1,20,30,0,0
2017,7,1,21,30,0,0
2017,7,1,22,30,0,0
2017,7,1,23,30,0,0
2017,7,2,0,30,0,0
2017,7,2,1,30,0,0
2017,7,2,2,30,0,0
2017,7,2,3,30,233,94
2017,7,2,4,30,515,292
2017,7,2,5,30,671,506
2017,7,2,6,30,763,706
2017,7,2,7,30,816,866
2017,7,2,8,30,844,975
2017,7,2,9,30,887,1033
2017,7,2,10,30,884,1017
2017,7,2,11,30,865,937
2017,7,2,12,30,829,800
2017,7,2,13,30,766,618
2017,7,2,14,30,656,408
2017,7,2,15,30,457,194
2017,7,2,16,30,80,24
2017,7,2,17,30,0,0
2017,7,2,18,30,0,0
2017,7,2,19,30,0,0
2017,7,2,20,30,0,0
2017,7,2,21,30,0,0
2017,7,2,22,30,0,0
2017,7,2,23,30,0,0
2017,7,3,0,30,0,0
2017,7,3,1,30,0,0
2017,7,3,2,30,0,0
2017,7,3,3,30,316,100
2017,7,3,4,30,586,301
2017,7,3,5,30,725,517
2017,7,3,6,30,802,714
2017,7,3,7,30,847,874
2017,7,3,8,30,867,979
2017,7,3,9,30,883,1029
2017,7,3,10,30,874,1011
2017,7,3,11,30,849,928
2017,7,3,12,30,808,792
2017,7,3,13,30,744,612
2017,7,3,14,30,636,403
2017,7,3,15,30,445,191
2017,7,3,16,30,78,24
2017,7,3,17,30,0,0
2017,7,3,18,30,0,0
2017,7,3,19,30,0,0
2017,7,3,20,30,0,0
2017,7,3,21,30,0,0
2017,7,3,22,30,0,0
2017,7,3,23,30,0,0
2017,7,4,0,30,0,0
2017,7,4,1,30,0,0
2017,7,4,2,30,0,0
2017,7,4,3,30,269,94
2017,7,4,4,30,540,292
2017,7,4,5,30,684,504
2017,7,4,6,30,767,702
2017,7,4,7,30,815,861
2017,7,4,8,30,841,969
2017,7,4,9,30,824,1010
2017,7,4,10,30,814,990
2017,7,4,11,30,789,911
2017,7,4,12,30,742,774
2017,7,4,13,30,662,592
2017,7,4,14,30,540,386
2017,7,4,15,30,339,180
2017,7,4,16,30,32,20
2017,7,4,17,30,0,0
2017,7,4,18,30,0,0
2017,7,4,19,30,0,0
2017,7,4,20,30,0,0
2017,7,4,21,30,0,0
2017,7,4,22,30,0,0
2017,7,4,23,30,0,0
2017,7,5,0,30,0,0
2017,7,5,1,30,0,0
2017,7,5,2,30,0,0
2017,7,5,3,30,109,82
2017,7,5,4,30,367,270
2017,7,5,5,30,552,481
2017,7,5,6,30,662,676
2017,7,5,7,30,727,833
2017,7,5,8,30,762,941
2017,7,5,9,30,811,998
2017,7,5,10,30,803,980
2017,7,5,11,30,780,902
2017,7,5,12,30,730,767
2017,7,5,13,30,653,588
2017,7,5,14,30,531,384
2017,7,5,15,30,327,179
2017,7,5,16,30,26,20
2017,7,5,17,30,0,0
2017,7,5,18,30,0,0
2017,7,5,19,30,0,0
2017,7,5,20,30,0,0
2017,7,5,21,30,0,0
2017,7,5,22,30,0,0
2017,7,5,23,30,0,0
2017,7,6,0,30,0,0
2017,7,6,1,30,0,0
2017,7,6,2,30,0,0
2017,7,6,3,30,106,81
2017,7,6,4,30,0,100
2017,7,6,5,30,549,480
2017,7,6,6,30,665,678
2017,7,6,7,30,735,837
2017,7,6,8,30,774,946
2017,7,6,9,30,788,993
2017,7,6,10,30,785,978
2017,7,6,11,30,763,902
2017,7,6,12,30,664,757
2017,7,6,13,30,595,580
2017,7,6,14,30,478,378
2017,7,6,15,30,282,175
2017,7,6,16,30,16,18
2017,7,6,17,30,0,0
2017,7,6,18,30,0,0
2017,7,6,19,30,0,0
2017,7,6,20,30,0,0
2017,7,6,21,30,0,0
2017,7,6,22,30,0,0
2017,7,6,23,30,0,0
2017,7,7,0,30,0,0
2017,7,7,1,30,0,0
2017,7,7,2,30,0,0
2017,7,7,3,30,95,79
2017,7,7,4,30,358,269
2017,7,7,5,30,23,211
2017,7,7,6,30,681,680
2017,7,7,7,30,290,646
2017,7,7,8,30,794,954
2017,7,7,9,30,810,1003
2017,7,7,10,30,807,990
2017,7,7,11,30,784,911
2017,7,7,12,30,769,783
2017,7,7,13,30,697,602
2017,7,7,14,30,580,395
2017,7,7,15,30,377,186
2017,7,7,16,30,38,22
2017,7,7,17,30,0,0
2017,7,7,18,30,0,0
2017,7,7,19,30,0,0
2017,7,7,20,30,0,0
2017,7,7,21,30,0,0
2017,7,7,22,30,0,0
2017,7,7,23,30,0,0
2017,7,8,0,30,0,0
2017,7,8,1,30,0,0
2017,7,8,2,30,0,0
2017,7,8,3,30,162,85
2017,7,8,4,30,450,279
2017,7,8,5,30,637,494
2017,7,8,6,30,748,693
2017,7,8,7,30,810,855
2017,7,8,8,30,843,965
2017,7,8,9,30,880,1020
2017,7,8,10,30,876,1005
2017,7,8,11,30,856,926
2017,7,8,12,30,792,787
2017,7,8,13,30,718,605
2017,7,8,14,30,599,397
2017,7,8,15,30,394,186
2017,7,8,16,30,44,22
2017,7,8,17,30,0,0
2017,7,8,18,30,0,0
2017,7,8,19,30,0,0
2017,7,8,20,30,0,0
2017,7,8,21,30,0,0
2017,7,8,22,30,0,0
2017,7,8,23,30,0,0
2017,7,9,0,30,0,0
2017,7,9,1,30,0,0
2017,7,9,2,30,0,0
2017,7,9,3,30,171,84
2017,7,9,4,30,460,277
2017,7,9,5,30,629,489
2017,7,9,6,30,724,686
2017,7,9,7,30,776,843
2017,7,9,8,30,802,950
2017,7,9,9,30,834,1004
2017,7,9,10,30,824,987
2017,7,9,11,30,799,908
2017,7,9,12,30,786,780
2017,7,9,13,30,720,601
2017,7,9,14,30,611,395
2017,7,9,15,30,416,186
2017,7,9,16,30,57,22
2017,7,9,17,30,0,0
2017,7,9,18,30,0,0
2017,7,9,19,30,0,0
2017,7,9,20,30,0,0
2017,7,9,21,30,0,0
2017,7,9,22,30,0,0
2017,7,9,23,30,0,0
2017,7,10,0,30,0,0
2017,7,10,1,30,0,0
2017,7,10,2,30,0,0
2017,7,10,3,30,166,82
2017,7,10,4,30,441,273
2017,7,10,5,30,604,485
2017,7,10,6,30,698,679
2017,7,10,7,30,756,841
2017,7,10,8,30,787,950
2017,7,10,9,30,858,1015
2017,7,10,10,30,845,996
2017,7,10,11,30,809,913
2017,7,10,12,30,719,766
2017,7,10,13,30,599,580
2017,7,10,14,30,427,369
2017,7,10,15,30,194,164
2017,7,10,16,30,2,11
2017,7,10,17,30,0,0
2017,7,10,18,30,0,0
2017,7,10,19,30,0,0
2017,7,10,20,30,0,0
2017,7,10,21,30,0,0
2017,7,10,22,30,0,0
2017,7,10,23,30,0,0
2017,7,11,0,30,0,0
2017,7,11,1,30,0,0
2017,7,11,2,30,0,0
2017,7,11,3,30,0,29
2017,7,11,4,30,0,107
2017,7,11,5,30,153,317
2017,7,11,6,30,567,651
2017,7,11,7,30,618,805
2017,7,11,8,30,639,910
2017,7,11,9,30,556,935
2017,7,11,10,30,542,917
2017,7,11,11,30,182,616
2017,7,11,12,30,197,535
2017,7,11,13,30,191,409
2017,7,11,14,30,114,308
2017,7,11,15,30,26,116
2017,7,11,16,30,0,1
2017,7,11,17,30,0,0
2017,7,11,18,30,0,0
2017,7,11,19,30,0,0
2017,7,11,20,30,0,0
2017,7,11,21,30,0,0
2017,7,11,22,30,0,0
2017,7,11,23,30,0,0
2017,7,12,0,30,0,0
2017,7,12,1,30,0,0
2017,7,12,2,30,0,0
2017,7,12,3,30,11,46
2017,7,12,4,30,137,225
2017,7,12,5,30,285,427
2017,7,12,6,30,398,617
2017,7,12,7,30,475,774
2017,7,12,8,30,524,882
2017,7,12,9,30,586,941
2017,7,12,10,30,563,921
2017,7,12,11,30,521,841
2017,7,12,12,30,455,708
2017,7,12,13,30,358,534
2017,7,12,14,30,224,335
2017,7,12,15,30,70,139
2017,7,12,16,30,0,3
2017,7,12,17,30,0,0
2017,7,12,18,30,0,0
2017,7,12,19,30,0,0
2017,7,12,20,30,0,0
2017,7,12,21,30,0,0
2017,7,12,22,30,0,0
2017,7,12,23,30,0,0
2017,7,13,0,30,0,0
2017,7,13,1,30,0,0
2017,7,13,2,30,0,0
2017,7,13,3,30,34,60
2017,7,13,4,30,243,246
2017,7,13,5,30,437,455
2017,7,13,6,30,566,649
2017,7,13,7,30,645,811
2017,7,13,8,30,689,921
2017,7,13,9,30,650,959
2017,7,13,10,30,662,949
2017,7,13,11,30,650,875
2017,7,13,12,30,590,739
2017,7,13,13,30,503,563
2017,7,13,14,30,372,362
2017,7,13,15,30,174,160
2017,7,13,16,30,1,9
2017,7,13,17,30,0,0
2017,7,13,18,30,0,0
2017,7,13,19,30,0,0
2017,7,13,20,30,0,0
2017,7,13,21,30,0,0
2017,7,13,22,30,0,0
2017,7,13,23,30,0,0
2017,7,14,0,30,0,0
2017,7,14,1,30,0,0
2017,7,14,2,30,0,0
2017,7,14,3,30,118,73
2017,7,14,4,30,409,266
2017,7,14,5,30,587,478
2017,7,14,6,30,693,680
2017,7,14,7,30,753,843
2017,7,14,8,30,785,954
2017,7,14,9,30,820,1011
2017,7,14,10,30,812,995
2017,7,14,11,30,787,915
2017,7,14,12,30,753,779
2017,7,14,13,30,677,597
2017,7,14,14,30,551,387
2017,7,14,15,30,336,177
2017,7,14,16,30,19,16
2017,7,14,17,30,0,0
2017,7,14,18,30,0,0
2017,7,14,19,30,0,0
2017,7,14,20,30,0,0
2017,7,14,21,30,0,0
2017,7,14,22,30,0,0
2017,7,14,23,30,0,0
2017,7,15,0,30,0,0
2017,7,15,1,30,0,0
2017,7,15,2,30,0,0
2017,7,15,3,30,227,80
2017,7,15,4,30,529,277
2017,7,15,5,30,690,495
2017,7,15,6,30,780,696
2017,7,15,7,30,835,862
2017,7,15,8,30,864,974
2017,7,15,9,30,920,1037
2017,7,15,10,30,915,1022
2017,7,15,11,30,898,945
2017,7,15,12,30,810,795
2017,7,15,13,30,739,613
2017,7,15,14,30,620,400
2017,7,15,15,30,412,185
2017,7,15,16,30,40,19
2017,7,15,17,30,0,0
2017,7,15,18,30,0,0
2017,7,15,19,30,0,0
2017,7,15,20,30,0,0
2017,7,15,21,30,0,0
2017,7,15,22,30,0,0
2017,7,15,23,30,0,0
2017,7,16,0,30,0,0
2017,7,16,1,30,0,0
2017,7,16,2,30,0,0
2017,7,16,3,30,232,80
2017,7,16,4,30,540,282
2017,7,16,5,30,699,502
2017,7,16,6,30,788,706
2017,7,16,7,30,839,872
2017,7,16,8,30,864,982
2017,7,16,9,30,850,1027
2017,7,16,10,30,837,1008
2017,7,16,11,30,806,924
2017,7,16,12,30,751,782
2017,7,16,13,30,673,597
2017,7,16,14,30,554,388
2017,7,16,15,30,349,177
2017,7,16,16,30,23,16
2017,7,16,17,30,0,0
2017,7,16,18,30,0,0
2017,7,16,19,30,0,0
2017,7,16,20,30,0,0
2017,7,16,21,30,0,0
2017,7,16,22,30,0,0
2017,7,16,23,30,0,0
2017,7,17,0,30,0,0
2017,7,17,1,30,0,0
2017,7,17,2,30,0,0
2017,7,17,3,30,142,71
2017,7,17,4,30,413,258
2017,7,17,5,30,565,466
2017,7,17,6,30,651,662
2017,7,17,7,30,696,818
2017,7,17,8,30,719,924
2017,7,17,9,30,782,986
2017,7,17,10,30,776,971
2017,7,17,11,30,750,891
2017,7,17,12,30,683,752
2017,7,17,13,30,603,574
2017,7,17,14,30,473,369
2017,7,17,15,30,264,165
2017,7,17,16,30,8,12
2017,7,17,17,30,0,0
2017,7,17,18,30,0,0
2017,7,17,19,30,0,0
2017,7,17,20,30,0,0
2017,7,17,21,30,0,0
2017,7,17,22,30,0,0
2017,7,17,23,30,0,0
2017,7,18,0,30,0,0
2017,7,18,1,30,0,0
2017,7,18,2,30,0,0
2017,7,18,3,30,141,70
2017,7,18,4,30,433,261
2017,7,18,5,30,599,472
2017,7,18,6,30,693,669
2017,7,18,7,30,747,829
2017,7,18,8,30,776,939
2017,7,18,9,30,851,1007
2017,7,18,10,30,840,991
2017,7,18,11,30,818,913
2017,7,18,12,30,779,781
2017,7,18,13,30,724,603
2017,7,18,14,30,620,395
2017,7,18,15,30,424,182
2017,7,18,16,30,45,18
2017,7,18,17,30,0,0
2017,7,18,18,30,0,0
2017,7,18,19,30,0,0
2017,7,18,20,30,0,0
2017,7,18,21,30,0,0
2017,7,18,22,30,0,0
2017,7,18,23,30,0,0
2017,7,19,0,30,0,0
2017,7,19,1,30,0,0
2017,7,19,2,30,0,0
2017,7,19,3,30,208,77
2017,7,19,4,30,529,274
2017,7,19,5,30,696,491
2017,7,19,6,30,782,692
2017,7,19,7,30,822,851
2017,7,19,8,30,835,958
2017,7,19,9,30,822,1002
2017,7,19,10,30,799,980
2017,7,19,11,30,765,899
2017,7,19,12,30,708,760
2017,7,19,13,30,623,578
2017,7,19,14,30,492,372
2017,7,19,15,30,276,166
2017,7,19,16,30,7,12
2017,7,19,17,30,0,0
2017,7,19,18,30,0,0
2017,7,19,19,30,0,0
2017,7,19,20,30,0,0
2017,7,19,21,30,0,0
2017,7,19,22,30,0,0
2017,7,19,23,30,0,0
2017,7,20,0,30,0,0
2017,7,20,1,30,0,0
2017,7,20,2,30,0,0
2017,7,20,3,30,47,57
2017,7,20,4,30,266,238
2017,7,20,5,30,436,438
2017,7,20,6,30,547,630
2017,7,20,7,30,617,789
2017,7,20,8,30,658,898
2017,7,20,9,30,641,944
2017,7,20,10,30,629,927
2017,7,20,11,30,599,851
2017,7,20,12,30,554,721
2017,7,20,13,30,465,546
2017,7,20,14,30,337,347
2017,7,20,15,30,152,148
2017,7,20,16,30,1,6
2017,7,20,17,30,0,0
2017,7,20,18,30,0,0
2017,7,20,19,30,0,0
2017,7,20,20,30,0,0
2017,7,20,21,30,0,0
2017,7,20,22,30,0,0
2017,7,20,23,30,0,0
2017,7,21,0,30,0,0
2017,7,21,1,30,0,0
2017,7,21,2,30,0,0
2017,7,21,3,30,60,57
2017,7,21,4,30,298,238
2017,7,21,5,30,464,443
2017,7,21,6,30,570,636
2017,7,21,7,30,634,794
2017,7,21,8,30,669,903
2017,7,21,9,30,703,958
2017,7,21,10,30,697,943
2017,7,21,11,30,678,868
2017,7,21,12,30,661,740
2017,7,21,13,30,588,563
2017,7,21,14,30,466,361
2017,7,21,15,30,258,160
2017,7,21,16,30,5,11
2017,7,21,17,30,0,0
2017,7,21,18,30,0,0
2017,7,21,19,30,0,0
2017,7,21,20,30,0,0
2017,7,21,21,30,0,0
2017,7,21,22,30,0,0
2017,7,21,23,30,0,0
2017,7,22,0,30,0,0
2017,7,22,1,30,0,0
2017,7,22,2,30,0,0
2017,7,22,3,30,102,62
2017,7,22,4,30,382,246
2017,7,22,5,30,555,454
2017,7,22,6,30,657,650
2017,7,22,7,30,719,812
2017,7,22,8,30,752,923
2017,7,22,9,30,652,946
2017,7,22,10,30,646,932
2017,7,22,11,30,624,857
2017,7,22,12,30,465,704
2017,7,22,13,30,388,532
2017,7,22,14,30,276,337
2017,7,22,15,30,115,143
2017,7,22,16,30,0,4
2017,7,22,17,30,0,0
2017,7,22,18,30,0,0
2017,7,22,19,30,0,0
2017,7,22,20,30,0,0
2017,7,22,21,30,0,0
2017,7,22,22,30,0,0
2017,7,22,23,30,0,0
2017,7,23,0,30,0,0
2017,7,23,1,30,0,0
2017,7,23,2,30,0,0
2017,7,23,3,30,65,57
2017,7,23,4,30,328,241
2017,7,23,5,30,516,451
2017,7,23,6,30,626,649
2017,7,23,7,30,686,809
2017,7,23,8,30,716,919
2017,7,23,9,30,691,962
2017,7,23,10,30,682,947
2017,7,23,11,30,656,871
2017,7,23,12,30,625,741
2017,7,23,13,30,537,561
2017,7,23,14,30,401,356
2017,7,23,15,30,189,153
2017,7,23,16,30,1,6
2017,7,23,17,30,0,0
2017,7,23,18,30,0,0
2017,7,23,19,30,0,0
2017,7,23,20,30,0,0
2017,7,23,21,30,0,0
2017,7,23,22,30,0,0
2017,7,23,23,30,0,0
2017,7,24,0,30,0,0
2017,7,24,1,30,0,0
2017,7,24,2,30,0,0
2017,7,24,3,30,45,54
2017,7,24,4,30,277,235
2017,7,24,5,30,462,444
2017,7,24,6,30,582,642
2017,7,24,7,30,659,807
2017,7,24,8,30,707,921
2017,7,24,9,30,729,971
2017,7,24,10,30,717,955
2017,7,24,11,30,679,875
2017,7,24,12,30,535,721
2017,7,24,13,30,438,542
2017,7,24,14,30,304,340
2017,7,24,15,30,119,142
2017,7,24,16,30,0,3
2017,7,24,17,30,0,0
2017,7,24,18,30,0,0
2017,7,24,19,30,0,0
2017,7,24,20,30,0,0
2017,7,24,21,30,0,0
2017,7,24,22,30,0,0
2017,7,24,23,30,0,0
2017,7,25,0,30,0,0
2017,7,25,1,30,0,0
2017,7,25,2,30,0,0
2017,7,25,3,30,26,47
2017,7,25,4,30,227,228
2017,7,25,5,30,404,435
2017,7,25,6,30,521,630
2017,7,25,7,30,593,791
2017,7,25,8,30,634,903
2017,7,25,9,30,642,951
2017,7,25,10,30,634,935
2017,7,25,11,30,607,858
2017,7,25,12,30,558,724
2017,7,25,13,30,470,546
2017,7,25,14,30,336,344
2017,7,25,15,30,143,144
2017,7,25,16,30,0,4
2017,7,25,17,30,0,0
2017,7,25,18,30,0,0
2017,7,25,19,30,0,0
2017,7,25,20,30,0,0
2017,7,25,21,30,0,0
2017,7,25,22,30,0,0
2017,7,25,23,30,0,0
2017,7,26,0,30,0,0
2017,7,26,1,30,0,0
2017,7,26,2,30,0,0
2017,7,26,3,30,61,53
2017,7,26,4,30,316,236
2017,7,26,5,30,493,445
2017,7,26,6,30,592,639
2017,7,26,7,30,648,799
2017,7,26,8,30,434,796
2017,7,26,9,30,539,917
2017,7,26,10,30,690,944
2017,7,26,11,30,412,745
2017,7,26,12,30,186,520
2017,7,26,13,30,436,538
2017,7,26,14,30,301,336
2017,7,26,15,30,116,138
2017,7,26,16,30,0,3
2017,7,26,17,30,0,0
2017,7,26,18,30,0,0
2017,7,26,19,30,0,0
2017,7,26,20,30,0,0
2017,7,26,21,30,0,0
2017,7,26,22,30,0,0
2017,7,26,23,30,0,0
2017,7,27,0,30,0,0
2017,7,27,1,30,0,0
2017,7,27,2,30,0,0
2017,7,27,3,30,41,48
2017,7,27,4,30,283,231
2017,7,27,5,30,472,442
2017,7,27,6,30,594,640
2017,7,27,7,30,670,804
2017,7,27,8,30,713,918
2017,7,27,9,30,726,969
2017,7,27,10,30,720,955
2017,7,27,11,30,695,875
2017,7,27,12,30,657,741
2017,7,27,13,30,570,559
2017,7,27,14,30,436,354
2017,7,27,15,30,222,150
2017,7,27,16,30,1,6
2017,7,27,17,30,0,0
2017,7,27,18,30,0,0
2017,7,27,19,30,0,0
2017,7,27,20,30,0,0
2017,7,27,21,30,0,0
2017,7,27,22,30,0,0
2017,7,27,23,30,0,0
2017,7,28,0,30,0,0
2017,7,28,1,30,0,0
2017,7,28,2,30,0,0
2017,7,28,3,30,76,53
2017,7,28,4,30,369,238
2017,7,28,5,30,558,449
2017,7,28,6,30,667,647
2017,7,28,7,30,730,811
2017,7,28,8,30,763,923
2017,7,28,9,30,801,981
2017,7,28,10,30,792,965
2017,7,28,11,30,765,885
2017,7,28,12,30,719,749
2017,7,28,13,30,643,568
2017,7,28,14,30,519,361
2017,7,28,15,30,299,155
2017,7,28,16,30,3,7
2017,7,28,17,30,0,0
2017,7,28,18,30,0,0
2017,7,28,19,30,0,0
2017,7,28,20,30,0,0
2017,7,28,21,30,0,0
2017,7,28,22,30,0,0
2017,7,28,23,30,0,0
2017,7,29,0,30,0,0
2017,7,29,1,30,0,0
2017,7,29,2,30,0,0
2017,7,29,3,30,128,59
2017,7,29,4,30,473,250
2017,7,29,5,30,673,470
2017,7,29,6,30,784,677
2017,7,29,7,30,848,847
2017,7,29,8,30,880,962
2017,7,29,9,30,893,1017
2017,7,29,10,30,897,1006
2017,7,29,11,30,883,927
2017,7,29,12,30,849,791
2017,7,29,13,30,783,605
2017,7,29,14,30,672,390
2017,7,29,15,30,453,171
2017,7,29,16,30,22,11
2017,7,29,17,30,0,0
2017,7,29,18,30,0,0
2017,7,29,19,30,0,0
2017,7,29,20,30,0,0
2017,7,29,21,30,0,0
2017,7,29,22,30,0,0
2017,7,29,23,30,0,0
2017,7,30,0,30,0,0
2017,7,30,1,30,0,0
2017,7,30,2,30,0,0
2017,7,30,3,30,189,62
2017,7,30,4,30,539,260
2017,7,30,5,30,726,484
2017,7,30,6,30,824,691
2017,7,30,7,30,877,860
2017,7,30,8,30,903,975
2017,7,30,9,30,917,1028
2017,7,30,10,30,908,1010
2017,7,30,11,30,886,930
2017,7,30,12,30,856,790
2017,7,30,13,30,787,604
2017,7,30,14,30,667,387
2017,7,30,15,30,436,168
2017,7,30,16,30,16,9
2017,7,30,17,30,0,0
2017,7,30,18,30,0,0
2017,7,30,19,30,0,0
2017,7,30,20,30,0,0
2017,7,30,21,30,0,0
2017,7,30,22,30,0,0
2017,7,30,23,30,0,0
2017,7,31,0,30,0,0
2017,7,31,1,30,0,0
2017,7,31,2,30,0,0
2017,7,31,3,30,116,56
2017,7,31,4,30,423,246
2017,7,31,5,30,603,461
2017,7,31,6,30,701,663
2017,7,31,7,30,752,828
2017,7,31,8,30,773,935
2017,7,31,9,30,853,1004
2017,7,31,10,30,842,986
2017,7,31,11,30,815,904
2017,7,31,12,30,719,753
2017,7,31,13,30,622,567
2017,7,31,14,30,472,355
2017,7,31,15,30,223,145
2017,7,31,16,30,0,0
2017,7,31,17,30,0,0
2017,7,31,18,30,0,0
2017,7,31,19,30,0,0
2017,7,31,20,30,0,0
2017,7,31,21,30,0,0
2017,7,31,22,30,0,0
2017,7,31,23,30,0,0
2017,8,1,0,30,0,0
2017,8,1,1,30,0,0
2017,8,1,2,30,0,0
2017,8,1,3,30,49,46
2017,8,1,4,30,322,229
2017,8,1,5,30,513,442
2017,8,1,6,30,626,641
2017,8,1,7,30,692,805
2017,8,1,8,30,724,915
2017,8,1,9,30,757,971
2017,8,1,10,30,725,950
2017,8,1,11,30,679,866
2017,8,1,12,30,614,727
2017,8,1,13,30,536,549
2017,8,1,14,30,415,345
2017,8,1,15,30,206,142
2017,8,1,16,30,0,0
2017,8,1,17,30,0,0
2017,8,1,18,30,0,0
2017,8,1,19,30,0,0
2017,8,1,20,30,0,0
2017,8,1,21,30,0,0
2017,8,1,22,30,0,0
2017,8,1,23,30,0,0
2017,8,2,0,30,0,0
2017,8,2,1,30,0,0
2017,8,2,2,30,0,0
2017,8,2,3,30,95,51
2017,8,2,4,30,0,20
2017,8,2,5,30,33,211
2017,8,2,6,30,768,675
2017,8,2,7,30,832,845
2017,8,2,8,30,873,965
2017,8,2,9,30,918,1025
2017,8,2,10,30,914,1011
2017,8,2,11,30,892,929
2017,8,2,12,30,847,788
2017,8,2,13,30,761,597
2017,8,2,14,30,623,377
2017,8,2,15,30,376,158
2017,8,2,16,30,0,0
2017,8,2,17,30,0,0
2017,8,2,18,30,0,0
2017,8,2,19,30,0,0
2017,8,2,20,30,0,0
2017,8,2,21,30,0,0
2017,8,2,22,30,0,0
2017,8,2,23,30,0,0
2017,8,3,0,30,0,0
2017,8,3,1,30,0,0
2017,8,3,2,30,0,0
2017,8,3,3,30,113,51
2017,8,3,4,30,449,240
2017,8,3,5,30,643,459
2017,8,3,6,30,751,663
2017,8,3,7,30,815,833
2017,8,3,8,30,850,948
2017,8,3,9,30,828,991
2017,8,3,10,30,836,981
2017,8,3,11,30,822,904
2017,8,3,12,30,809,773
2017,8,3,13,30,744,588
2017,8,3,14,30,621,373
2017,8,3,15,30,377,155
2017,8,3,16,30,0,0
2017,8,3,17,30,0,0
2017,8,3,18,30,0,0
2017,8,3,19,30,0,0
2017,8,3,20,30,0,0
2017,8,3,21,30,0,0
2017,8,3,22,30,0,0
2017,8,3,23,30,0,0
2017,8,4,0,30,0,0
2017,8,4,1,30,0,0
2017,8,4,2,30,0,0
2017,8,4,3,30,129,53
2017,8,4,4,30,503,251
2017,8,4,5,30,709,478
2017,8,4,6,30,824,689
2017,8,4,7,30,885,861
2017,8,4,8,30,918,979
2017,8,4,9,30,939,1034
2017,8,4,10,30,934,1016
2017,8,4,11,30,916,935
2017,8,4,12,30,879,794
2017,8,4,13,30,815,604
2017,8,4,14,30,704,385
2017,8,4,15,30,490,164
2017,8,4,16,30,0,0
2017,8,4,17,30,0,0
2017,8,4,18,30,0,0
2017,8,4,19,30,0,0
2017,8,4,20,30,0,0
2017,8,4,21,30,0,0
2017,8,4,22,30,0,0
2017,8,4,23,30,0,0
2017,8,5,0,30,0,0
2017,8,5,1,30,0,0
2017,8,5,2,30,0,0
2017,8,5,3,30,164,52
2017,8,5,4,30,515,245
2017,8,5,5,30,692,464
2017,8,5,6,30,784,669
2017,8,5,7,30,837,836
2017,8,5,8,30,868,951
2017,8,5,9,30,890,1005
2017,8,5,10,30,891,993
2017,8,5,11,30,875,914
2017,8,5,12,30,850,777
2017,8,5,13,30,780,590
2017,8,5,14,30,653,372
2017,8,5,15,30,411,153
2017,8,5,16,30,0,0
2017,8,5,17,30,0,0
2017,8,5,18,30,0,0
2017,8,5,19,30,0,0
2017,8,5,20,30,0,0
2017,8,5,21,30,0,0
2017,8,5,22,30,0,0
2017,8,5,23,30,0,0
2017,8,6,0,30,0,0
2017,8,6,1,30,0,0
2017,8,6,2,30,0,0
2017,8,6,3,30,148,49
2017,8,6,4,30,485,240
2017,8,6,5,30,661,459
2017,8,6,6,30,759,664
2017,8,6,7,30,820,834
2017,8,6,8,30,854,949
2017,8,6,9,30,871,1003
2017,8,6,10,30,869,988
2017,8,6,11,30,849,907
2017,8,6,12,30,803,765
2017,8,6,13,30,725,577
2017,8,6,14,30,589,359
2017,8,6,15,30,345,145
2017,8,6,16,30,0,0
2017,8,6,17,30,0,0
2017,8,6,18,30,0,0
2017,8,6,19,30,0,0
2017,8,6,20,30,0,0
2017,8,6,21,30,0,0
2017,8,6,22,30,0,0
2017,8,6,23,30,0,0
2017,8,7,0,30,0,0
2017,8,7,1,30,0,0
2017,8,7,2,30,0,0
2017,8,7,3,30,83,43
2017,8,7,4,30,392,228
2017,8,7,5,30,585,442
2017,8,7,6,30,694,645
2017,8,7,7,30,758,811
2017,8,7,8,30,794,926
2017,8,7,9,30,789,972
2017,8,7,10,30,783,957
2017,8,7,11,30,761,877
2017,8,7,12,30,669,729
2017,8,7,13,30,584,544
2017,8,7,14,30,444,335
2017,8,7,15,30,210,130
2017,8,7,16,30,0,0
2017,8,7,17,30,0,0
2017,8,7,18,30,0,0
2017,8,7,19,30,0,0
2017,8,7,20,30,0,0
2017,8,7,21,30,0,0
2017,8,7,22,30,0,0
2017,8,7,23,30,0,0
2017,8,8,0,30,0,0
2017,8,8,1,30,0,0
2017,8,8,2,30,0,0
2017,8,8,3,30,45,38
2017,8,8,4,30,327,220
2017,8,8,5,30,532,435
2017,8,8,6,30,653,640
2017,8,8,7,30,724,805
2017,8,8,8,30,763,920
2017,8,8,9,30,807,979
2017,8,8,10,30,811,965
2017,8,8,11,30,794,886
2017,8,8,12,30,765,749
2017,8,8,13,30,681,560
2017,8,8,14,30,541,346
2017,8,8,15,30,289,134
2017,8,8,16,30,0,0
2017,8,8,17,30,0,0
2017,8,8,18,30,0,0
2017,8,8,19,30,0,0
2017,8,8,20,30,0,0
2017,8,8,21,30,0,0
2017,8,8,22,30,0,0
2017,8,8,23,30,0,0
2017,8,9,0,30,0,0
2017,8,9,1,30,0,0
2017,8,9,2,30,0,0
2017,8,9,3,30,76,41
2017,8,9,4,30,388,225
2017,8,9,5,30,579,439
2017,8,9,6,30,689,644
2017,8,9,7,30,750,810
2017,8,9,8,30,778,921
2017,8,9,9,30,794,973
2017,8,9,10,30,782,954
2017,8,9,11,30,748,869
2017,8,9,12,30,621,712
2017,8,9,13,30,512,527
2017,8,9,14,30,357,318
2017,8,9,15,30,133,117
2017,8,9,16,30,0,0
2017,8,9,17,30,0,0
2017,8,9,18,30,0,0
2017,8,9,19,30,0,0
2017,8,9,20,30,0,0
2017,8,9,21,30,0,0
2017,8,9,22,30,0,0
2017,8,9,23,30,0,0
2017,8,10,0,30,0,0
2017,8,10,1,30,0,0
2017,8,10,2,30,0,0
2017,8,10,3,30,29,33
2017,8,10,4,30,295,213
2017,8,10,5,30,505,426
2017,8,10,6,30,634,629
2017,8,10,7,30,714,799
2017,8,10,8,30,760,915
2017,8,10,9,30,759,964
2017,8,10,10,30,765,951
2017,8,10,11,30,753,874
2017,8,10,12,30,710,735
2017,8,10,13,30,642,552
2017,8,10,14,30,513,340
2017,8,10,15,30,265,129
2017,8,10,16,30,0,0
2017,8,10,17,30,0,0
2017,8,10,18,30,0,0
2017,8,10,19,30,0,0
2017,8,10,20,30,0,0
2017,8,10,21,30,0,0
2017,8,10,22,30,0,0
2017,8,10,23,30,0,0
2017,8,11,0,30,0,0
2017,8,11,1,30,0,0
2017,8,11,2,30,0,0
2017,8,11,3,30,57,38
2017,8,11,4,30,362,222
2017,8,11,5,30,568,438
2017,8,11,6,30,689,644
2017,8,11,7,30,757,812
2017,8,11,8,30,794,927
2017,8,11,9,30,824,983
2017,8,11,10,30,810,963
2017,8,11,11,30,778,877
2017,8,11,12,30,676,724
2017,8,11,13,30,570,535
2017,8,11,14,30,412,322
2017,8,11,15,30,165,116
2017,8,11,16,30,0,0
2017,8,11,17,30,0,0
2017,8,11,18,30,0,0
2017,8,11,19,30,0,0
2017,8,11,20,30,0,0
2017,8,11,21,30,0,0
2017,8,11,22,30,0,0
2017,8,11,23,30,0,0
2017,8,12,0,30,0,0
2017,8,12,1,30,0,0
2017,8,12,2,30,0,0
2017,8,12,3,30,28,31
2017,8,12,4,30,284,211
2017,8,12,5,30,496,424
2017,8,12,6,30,636,631
2017,8,12,7,30,724,803
2017,8,12,8,30,774,920
2017,8,12,9,30,828,982
2017,8,12,10,30,825,965
2017,8,12,11,30,802,884
2017,8,12,12,30,796,752
2017,8,12,13,30,707,560
2017,8,12,14,30,556,341
2017,8,12,15,30,282,126
2017,8,12,16,30,0,0
2017,8,12,17,30,0,0
2017,8,12,18,30,0,0
2017,8,12,19,30,0,0
2017,8,12,20,30,0,0
2017,8,12,21,30,0,0
2017,8,12,22,30,0,0
2017,8,12,23,30,0,0
2017,8,13,0,30,0,0
2017,8,13,1,30,0,0
2017,8,13,2,30,0,0
2017,8,13,3,30,56,34
2017,8,13,4,30,367,218
2017,8,13,5,30,573,436
2017,8,13,6,30,695,641
2017,8,13,7,30,769,811
2017,8,13,8,30,813,928
2017,8,13,9,30,824,979
2017,8,13,10,30,817,960
2017,8,13,11,30,794,877
2017,8,13,12,30,750,735
2017,8,13,13,30,670,546
2017,8,13,14,30,535,332
2017,8,13,15,30,283,122
2017,8,13,16,30,0,0
2017,8,13,17,30,0,0
2017,8,13,18,30,0,0
2017,8,13,19,30,0,0
2017,8,13,20,30,0,0
2017,8,13,21,30,0,0
2017,8,13,22,30,0,0
2017,8,13,23,30,0,0
2017,8,14,0,30,0,0
2017,8,14,1,30,0,0
2017,8,14,2,30,0,0
2017,8,14,3,30,67,35
2017,8,14,4,30,392,218
2017,8,14,5,30,600,435
2017,8,14,6,30,722,643
2017,8,14,7,30,791,813
2017,8,14,8,30,829,929
2017,8,14,9,30,802,970
2017,8,14,10,30,799,954
2017,8,14,11,30,777,871
2017,8,14,12,30,713,727
2017,8,14,13,30,626,538
2017,8,14,14,30,482,324
2017,8,14,15,30,230,116
2017,8,14,16,30,0,0
2017,8,14,17,30,0,0
2017,8,14,18,30,0,0
2017,8,14,19,30,0,0
2017,8,14,20,30,0,0
2017,8,14,21,30,0,0
2017,8,14,22,30,0,0
2017,8,14,23,30,0,0
2017,8,15,0,30,0,0
2017,8,15,1,30,0,0
2017,8,15,2,30,0,0
2017,8,15,3,30,46,32
2017,8,15,4,30,367,216
2017,8,15,5,30,601,437
2017,8,15,6,30,732,645
2017,8,15,7,30,801,815
2017,8,15,8,30,837,931
2017,8,15,9,30,849,982
2017,8,15,10,30,842,965
2017,8,15,11,30,818,881
2017,8,15,12,30,773,738
2017,8,15,13,30,693,548
2017,8,15,14,30,551,331
2017,8,15,15,30,286,119
2017,8,15,16,30,0,0
2017,8,15,17,30,0,0
2017,8,15,18,30,0,0
2017,8,15,19,30,0,0
2017,8,15,20,30,0,0
2017,8,15,21,30,0,0
2017,8,15,22,30,0,0
2017,8,15,23,30,0,0
2017,8,16,0,30,0,0
2017,8,16,1,30,0,0
2017,8,16,2,30,0,0
2017,8,16,3,30,63,34
2017,8,16,4,30,403,221
2017,8,16,5,30,628,445
2017,8,16,6,30,751,654
2017,8,16,7,30,822,826
2017,8,16,8,30,859,943
2017,8,16,9,30,886,998
2017,8,16,10,30,883,981
2017,8,16,11,30,863,896
2017,8,16,12,30,811,749
2017,8,16,13,30,723,555
2017,8,16,14,30,572,334
2017,8,16,15,30,290,118
2017,8,16,16,30,0,0
2017,8,16,17,30,0,0
2017,8,16,18,30,0,0
2017,8,16,19,30,0,0
2017,8,16,20,30,0,0
2017,8,16,21,30,0,0
2017,8,16,22,30,0,0
2017,8,16,23,30,0,0
2017,8,17,0,30,0,0
2017,8,17,1,30,0,0
2017,8,17,2,30,0,0
2017,8,17,3,30,48,31
2017,8,17,4,30,364,214
2017,8,17,5,30,569,432
2017,8,17,6,30,683,637
2017,8,17,7,30,749,806
2017,8,17,8,30,783,920
2017,8,17,9,30,756,959
2017,8,17,10,30,754,942
2017,8,17,11,30,733,859
2017,8,17,12,30,675,713
2017,8,17,13,30,590,526
2017,8,17,14,30,444,312
2017,8,17,15,30,192,107
2017,8,17,16,30,0,0
2017,8,17,17,30,0,0
2017,8,17,18,30,0,0
2017,8,17,19,30,0,0
2017,8,17,20,30,0,0
2017,8,17,21,30,0,0
2017,8,17,22,30,0,0
2017,8,17,23,30,0,0
2017,8,18,0,30,0,0
2017,8,18,1,30,0,0
2017,8,18,2,30,0,0
2017,8,18,3,30,40,28
2017,8,18,4,30,350,207
2017,8,18,5,30,557,424
2017,8,18,6,30,677,631
2017,8,18,7,30,748,798
2017,8,18,8,30,791,914
2017,8,18,9,30,872,981
2017,8,18,10,30,871,964
2017,8,18,11,30,851,880
2017,8,18,12,30,814,737
2017,8,18,13,30,732,544
2017,8,18,14,30,586,325
2017,8,18,15,30,305,111
2017,8,18,16,30,0,0
2017,8,18,17,30,0,0
2017,8,18,18,30,0,0
2017,8,18,19,30,0,0
2017,8,18,20,30,0,0
2017,8,18,21,30,0,0
2017,8,18,22,30,0,0
2017,8,18,23,30,0,0
2017,8,19,0,30,0,0
2017,8,19,1,30,0,0
2017,8,19,2,30,0,0
2017,8,19,3,30,20,23
2017,8,19,4,30,289,196
2017,8,19,5,30,493,404
2017,8,19,6,30,606,604
2017,8,19,7,30,670,769
2017,8,19,8,30,701,878
2017,8,19,9,30,695,921
2017,8,19,10,30,662,897
2017,8,19,11,30,632,814
2017,8,19,12,30,590,677
2017,8,19,13,30,495,494
2017,8,19,14,30,351,288
2017,8,19,15,30,122,92
2017,8,19,16,30,0,0
2017,8,19,17,30,0,0
2017,8,19,18,30,0,0
2017,8,19,19,30,0,0
2017,8,19,20,30,0,0
2017,8,19,21,30,0,0
2017,8,19,22,30,0,0
2017,8,19,23,30,0,0
2017,8,20,0,30,0,0
2017,8,20,1,30,0,0
2017,8,20,2,30,0,0
2017,8,20,3,30,8,18
2017,8,20,4,30,215,186
2017,8,20,5,30,400,392
2017,8,20,6,30,518,590
2017,8,20,7,30,593,753
2017,8,20,8,30,638,865
2017,8,20,9,30,684,920
2017,8,20,10,30,681,903
2017,8,20,11,30,653,818
2017,8,20,12,30,590,676
2017,8,20,13,30,490,491
2017,8,20,14,30,341,284
2017,8,20,15,30,110,88
2017,8,20,16,30,0,0
2017,8,20,17,30,0,0
2017,8,20,18,30,0,0
2017,8,20,19,30,0,0
2017,8,20,20,30,0,0
2017,8,20,21,30,0,0
2017,8,20,22,30,0,0
2017,8,20,23,30,0,0
2017,8,21,0,30,0,0
2017,8,21,1,30,0,0
2017,8,21,2,30,0,0
2017,8,21,3,30,18,21
2017,8,21,4,30,283,192
2017,8,21,5,30,489,403
2017,8,21,6,30,613,605
2017,8,21,7,30,688,771
2017,8,21,8,30,740,889
2017,8,21,9,30,793,948
2017,8,21,10,30,791,931
2017,8,21,11,30,766,847
2017,8,21,12,30,750,711
2017,8,21,13,30,664,521
2017,8,21,14,30,506,304
2017,8,21,15,30,222,98
2017,8,21,16,30,0,0
2017,8,21,17,30,0,0
2017,8,21,18,30,0,0
2017,8,21,19,30,0,0
2017,8,21,20,30,0,0
2017,8,21,21,30,0,0
2017,8,21,22,30,0,0
2017,8,21,23,30,0,0
2017,8,22,0,30,0,0
2017,8,22,1,30,0,0
2017,8,22,2,30,0,0
2017,8,22,3,30,27,23
2017,8,22,4,30,336,200
2017,8,22,5,30,569,418
2017,8,22,6,30,703,627
2017,8,22,7,30,778,798
2017,8,22,8,30,819,913
2017,8,22,9,30,850,969
2017,8,22,10,30,848,950
2017,8,22,11,30,826,866
2017,8,22,12,30,781,721
2017,8,22,13,30,705,529
2017,8,22,14,30,571,312
2017,8,22,15,30,298,101
2017,8,22,16,30,0,0
2017,8,22,17,30,0,0
2017,8,22,18,30,0,0
2017,8,22,19,30,0,0
2017,8,22,20,30,0,0
2017,8,22,21,30,0,0
2017,8,22,22,30,0,0
2017,8,22,23,30,0,0
2017,8,23,0,30,0,0
2017,8,23,1,30,0,0
2017,8,23,2,30,0,0
2017,8,23,3,30,48,25
2017,8,23,4,30,396,207
2017,8,23,5,30,624,430
2017,8,23,6,30,749,640
2017,8,23,7,30,814,808
2017,8,23,8,30,848,923
2017,8,23,9,30,867,975
2017,8,23,10,30,857,954
2017,8,23,11,30,827,866
2017,8,23,12,30,730,709
2017,8,23,13,30,631,515
2017,8,23,14,30,468,297
2017,8,23,15,30,180,90
2017,8,23,16,30,0,0
2017,8,23,17,30,0,0
2017,8,23,18,30,0,0
2017,8,23,19,30,0,0
2017,8,23,20,30,0,0
2017,8,23,21,30,0,0
2017,8,23,22,30,0,0
2017,8,23,23,30,0,0
2017,8,24,0,30,0,0
2017,8,24,1,30,0,0
2017,8,24,2,30,0,0
2017,8,24,3,30,13,18
2017,8,24,4,30,282,194
2017,8,24,5,30,514,410
2017,8,24,6,30,650,617
2017,8,24,7,30,723,782
2017,8,24,8,30,758,893
2017,8,24,9,30,732,935
2017,8,24,10,30,726,914
2017,8,24,11,30,701,828
2017,8,24,12,30,636,681
2017,8,24,13,30,561,495
2017,8,24,14,30,405,282
2017,8,24,15,30,132,82
2017,8,24,16,30,0,0
2017,8,24,17,30,0,0
2017,8,24,18,30,0,0
2017,8,24,19,30,0,0
2017,8,24,20,30,0,0
2017,8,24,21,30,0,0
2017,8,24,22,30,0,0
2017,8,24,23,30,0,0
2017,8,25,0,30,0,0
2017,8,25,1,30,0,0
2017,8,25,2,30,0,0
2017,8,25,3,30,6,14
2017,8,25,4,30,210,179
2017,8,25,5,30,412,388
2017,8,25,6,30,539,588
2017,8,25,7,30,612,751
2017,8,25,8,30,650,860
2017,8,25,9,30,689,914
2017,8,25,10,30,683,894
2017,8,25,11,30,651,807
2017,8,25,12,30,566,659
2017,8,25,13,30,464,472
2017,8,25,14,30,300,264
2017,8,25,15,30,66,70
2017,8,25,16,30,0,0
2017,8,25,17,30,0,0
2017,8,25,18,30,0,0
2017,8,25,19,30,0,0
2017,8,25,20,30,0,0
2017,8,25,21,30,0,0
2017,8,25,22,30,0,0
2017,8,25,23,30,0,0
2017,8,26,0,30,0,0
2017,8,26,1,30,0,0
2017,8,26,2,30,0,0
2017,8,26,3,30,2,10
2017,8,26,4,30,171,174
2017,8,26,5,30,388,387
2017,8,26,6,30,537,592
2017,8,26,7,30,630,757
2017,8,26,8,30,685,873
2017,8,26,9,30,764,936
2017,8,26,10,30,765,918
2017,8,26,11,30,744,832
2017,8,26,12,30,704,689
2017,8,26,13,30,622,499
2017,8,26,14,30,473,285
2017,8,26,15,30,186,81
2017,8,26,16,30,0,0
2017,8,26,17,30,0,0
2017,8,26,18,30,0,0
2017,8,26,19,30,0,0
2017,8,26,20,30,0,0
2017,8,26,21,30,0,0
2017,8,26,22,30,0,0
2017,8,26,23,30,0,0
2017,8,27,0,30,0,0
2017,8,27,1,30,0,0
2017,8,27,2,30,0,0
2017,8,27,3,30,18,19
2017,8,27,4,30,330,192
2017,8,27,5,30,573,414
2017,8,27,6,30,700,621
2017,8,27,7,30,765,790
2017,8,27,8,30,797,902
2017,8,27,9,30,823,954
2017,8,27,10,30,804,928
2017,8,27,11,30,766,838
2017,8,27,12,30,692,688
2017,8,27,13,30,574,491
2017,8,27,14,30,386,273
2017,8,27,15,30,93,71
2017,8,27,16,30,0,0
2017,8,27,17,30,0,0
2017,8,27,18,30,0,0
2017,8,27,19,30,0,0
2017,8,27,20,30,0,0
2017,8,27,21,30,0,0
2017,8,27,22,30,0,0
2017,8,27,23,30,0,0
2017,8,28,0,30,0,0
2017,8,28,1,30,0,0
2017,8,28,2,30,0,0
2017,8,28,3,30,4,13
2017,8,28,4,30,0,15
2017,8,28,5,30,482,398
2017,8,28,6,30,622,605
2017,8,28,7,30,703,774
2017,8,28,8,30,748,888
2017,8,28,9,30,820,950
2017,8,28,10,30,806,928
2017,8,28,11,30,773,839
2017,8,28,12,30,737,697
2017,8,28,13,30,653,505
2017,8,28,14,30,505,287
2017,8,28,15,30,201,80
2017,8,28,16,30,0,0
2017,8,28,17,30,0,0
2017,8,28,18,30,0,0
2017,8,28,19,30,0,0
2017,8,28,20,30,0,0
2017,8,28,21,30,0,0
2017,8,28,22,30,0,0
2017,8,28,23,30,0,0
2017,8,29,0,30,0,0
2017,8,29,1,30,0,0
2017,8,29,2,30,0,0
2017,8,29,3,30,55,22
2017,8,29,4,30,483,208
2017,8,29,5,30,694,435
2017,8,29,6,30,802,648
2017,8,29,7,30,859,820
2017,8,29,8,30,884,932
2017,8,29,9,30,903,982
2017,8,29,10,30,891,957
2017,8,29,11,30,862,866
2017,8,29,12,30,806,711
2017,8,29,13,30,712,512
2017,8,29,14,30,537,287
2017,8,29,15,30,192,76
2017,8,29,16,30,0,0
2017,8,29,17,30,0,0
2017,8,29,18,30,0,0
2017,8,29,19,30,0,0
2017,8,29,20,30,0,0
2017,8,29,21,30,0,0
2017,8,29,22,30,0,0
2017,8,29,23,30,0,0
2017,8,30,0,30,0,0
2017,8,30,1,30,0,0
2017,8,30,2,30,0,0
2017,8,30,3,30,35,19
2017,8,30,4,30,427,198
2017,8,30,5,30,639,422
2017,8,30,6,30,750,632
2017,8,30,7,30,813,803
2017,8,30,8,30,845,917
2017,8,30,9,30,833,957
2017,8,30,10,30,830,936
2017,8,30,11,30,810,849
2017,8,30,12,30,805,707
2017,8,30,13,30,714,508
2017,8,30,14,30,547,284
2017,8,30,15,30,207,73
2017,8,30,16,30,0,0
2017,8,30,17,30,0,0
2017,8,30,18,30,0,0
2017,8,30,19,30,0,0
2017,8,30,20,30,0,0
2017,8,30,21,30,0,0
2017,8,30,22,30,0,0
2017,8,30,23,30,0,0
2017,8,31,0,30,0,0
2017,8,31,1,30,0,0
2017,8,31,2,30,0,0
2017,8,31,3,30,38,18
2017,8,31,4,30,433,199
2017,8,31,5,30,21,179
2017,8,31,6,30,774,638
2017,8,31,7,30,842,811
2017,8,31,8,30,879,926
2017,8,31,9,30,886,972
2017,8,31,10,30,880,951
2017,8,31,11,30,853,857
2017,8,31,12,30,753,694
2017,8,31,13,30,653,495
2017,8,31,14,30,480,273
2017,8,31,15,30,155,67
2017,8,31,16,30,0,0
2017,8,31,17,30,0,0
2017,8,31,18,30,0,0
2017,8,31,19,30,0,0
2017,8,31,20,30,0,0
2017,8,31,21,30,0,0
2017,8,31,22,30,0,0
2017,8,31,23,30,0,0
2017,9,1,0,30,0,0
2017,9,1,1,30,0,0
2017,9,1,2,30,0,0
2017,9,1,3,30,44,18
2017,9,1,4,30,436,195
2017,9,1,5,30,641,416
2017,9,1,6,30,757,626
2017,9,1,7,30,822,796
2017,9,1,8,30,854,909
2017,9,1,9,30,831,946
2017,9,1,10,30,815,920
2017,9,1,11,30,782,829
2017,9,1,12,30,716,677
2017,9,1,13,30,615,481
2017,9,1,14,30,448,263
2017,9,1,15,30,136,62
2017,9,1,16,30,0,0
2017,9,1,17,30,0,0
2017,9,1,18,30,0,0
2017,9,1,19,30,0,0
2017,9,1,20,30,0,0
2017,9,1,21,30,0,0
2017,9,1,22,30,0,0
2017,9,1,23,30,0,0
2017,9,2,0,30,0,0
2017,9,2,1,30,0,0
2017,9,2,2,30,0,0
2017,9,2,3,30,12,13
2017,9,2,4,30,322,185
2017,9,2,5,30,569,406
2017,9,2,6,30,710,617
2017,9,2,7,30,785,786
2017,9,2,8,30,825,900
2017,9,2,9,30,867,953
2017,9,2,10,30,858,929
2017,9,2,11,30,826,836
2017,9,2,12,30,737,676
2017,9,2,13,30,633,478
2017,9,2,14,30,450,257
2017,9,2,15,30,123,58
2017,9,2,16,30,0,0
2017,9,2,17,30,0,0
2017,9,2,18,30,0,0
2017,9,2,19,30,0,0
2017,9,2,20,30,0,0
2017,9,2,21,30,0,0
2017,9,2,22,30,0,0
2017,9,2,23,30,0,0
2017,9,3,0,30,0,0
2017,9,3,1,30,0,0
2017,9,3,2,30,0,0
2017,9,3,3,30,5,9
2017,9,3,4,30,239,172
2017,9,3,5,30,472,386
2017,9,3,6,30,611,588
2017,9,3,7,30,687,754
2017,9,3,8,30,722,863
2017,9,3,9,30,779,919
2017,9,3,10,30,765,894
2017,9,3,11,30,728,802
2017,9,3,12,30,647,648
2017,9,3,13,30,541,454
2017,9,3,14,30,354,240
2017,9,3,15,30,65,50
2017,9,3,16,30,0,0
2017,9,3,17,30,0,0
2017,9,3,18,30,0,0
2017,9,3,19,30,0,0
2017,9,3,20,30,0,0
2017,9,3,21,30,0,0
2017,9,3,22,30,0,0
2017,9,3,23,30,0,0
2017,9,4,0,30,0,0
2017,9,4,1,30,0,0
2017,9,4,2,30,0,0
2017,9,4,3,30,2,7
2017,9,4,4,30,197,166
2017,9,4,5,30,429,379
2017,9,4,6,30,577,581
2017,9,4,7,30,666,749
2017,9,4,8,30,713,861
2017,9,4,9,30,705,901
2017,9,4,10,30,712,881
2017,9,4,11,30,702,796
2017,9,4,12,30,682,655
2017,9,4,13,30,602,464
2017,9,4,14,30,442,249
2017,9,4,15,30,118,52
2017,9,4,16,30,0,0
2017,9,4,17,30,0,0
2017,9,4,18,30,0,0
2017,9,4,19,30,0,0
2017,9,4,20,30,0,0
2017,9,4,21,30,0,0
2017,9,4,22,30,0,0
2017,9,4,23,30,0,0
2017,9,5,0,30,0,0
2017,9,5,1,30,0,0
2017,9,5,2,30,0,0
2017,9,5,3,30,8,10
2017,9,5,4,30,305,176
2017,9,5,5,30,531,393
2017,9,5,6,30,657,599
2017,9,5,7,30,726,766
2017,9,5,8,30,759,876
2017,9,5,9,30,797,926
2017,9,5,10,30,785,900
2017,9,5,11,30,747,805
2017,9,5,12,30,678,651
2017,9,5,13,30,570,455
2017,9,5,14,30,393,240
2017,9,5,15,30,90,48
2017,9,5,16,30,0,0
2017,9,5,17,30,0,0
2017,9,5,18,30,0,0
2017,9,5,19,30,0,0
2017,9,5,20,30,0,0
2017,9,5,21,30,0,0
2017,9,5,22,30,0,0
2017,9,5,23,30,0,0
2017,9,6,0,30,0,0
2017,9,6,1,30,0,0
2017,9,6,2,30,0,0
2017,9,6,3,30,8,11
2017,9,6,4,30,345,180
2017,9,6,5,30,592,401
2017,9,6,6,30,726,614
2017,9,6,7,30,796,784
2017,9,6,8,30,834,899
2017,9,6,9,30,861,950
2017,9,6,10,30,857,926
2017,9,6,11,30,834,835
2017,9,6,12,30,810,687
2017,9,6,13,30,714,484
2017,9,6,14,30,535,258
2017,9,6,15,30,161,52
2017,9,6,16,30,0,0
2017,9,6,17,30,0,0
2017,9,6,18,30,0,0
2017,9,6,19,30,0,0
2017,9,6,20,30,0,0
2017,9,6,21,30,0,0
2017,9,6,22,30,0,0
2017,9,6,23,30,0,0
2017,9,7,0,30,0,0
2017,9,7,1,30,0,0
2017,9,7,2,30,0,0
2017,9,7,3,30,15,12
2017,9,7,4,30,392,184
2017,9,7,5,30,633,409
2017,9,7,6,30,770,622
2017,9,7,7,30,845,797
2017,9,7,8,30,880,909
2017,9,7,9,30,900,957
2017,9,7,10,30,894,932
2017,9,7,11,30,869,838
2017,9,7,12,30,823,685
2017,9,7,13,30,731,483
2017,9,7,14,30,556,256
2017,9,7,15,30,174,50
2017,9,7,16,30,0,0
2017,9,7,17,30,0,0
2017,9,7,18,30,0,0
2017,9,7,19,30,0,0
2017,9,7,20,30,0,0
2017,9,7,21,30,0,0
2017,9,7,22,30,0,0
2017,9,7,23,30,0,0
2017,9,8,0,30,0,0
2017,9,8,1,30,0,0
2017,9,8,2,30,0,0
2017,9,8,3,30,12,10
2017,9,8,4,30,368,179
2017,9,8,5,30,602,400
2017,9,8,6,30,727,610
2017,9,8,7,30,795,780
2017,9,8,8,30,831,892
2017,9,8,9,30,831,934
2017,9,8,10,30,822,908
2017,9,8,11,30,794,814
2017,9,8,12,30,731,658
2017,9,8,13,30,630,458
2017,9,8,14,30,443,236
2017,9,8,15,30,91,41
2017,9,8,16,30,0,0
2017,9,8,17,30,0,0
2017,9,8,18,30,0,0
2017,9,8,19,30,0,0
2017,9,8,20,30,0,0
2017,9,8,21,30,0,0
2017,9,8,22,30,0,0
2017,9,8,23,30,0,0
2017,9,9,0,30,0,0
2017,9,9,1,30,0,0
2017,9,9,2,30,0,0
2017,9,9,3,30,5,8
2017,9,9,4,30,294,168
2017,9,9,5,30,518,383
2017,9,9,6,30,642,584
2017,9,9,7,30,713,751
2017,9,9,8,30,751,862
2017,9,9,9,30,742,901
2017,9,9,10,30,738,876
2017,9,9,11,30,711,784
2017,9,9,12,30,654,632
2017,9,9,13,30,547,437
2017,9,9,14,30,355,223
2017,9,9,15,30,46,35
2017,9,9,16,30,0,0
2017,9,9,17,30,0,0
2017,9,9,18,30,0,0
2017,9,9,19,30,0,0
2017,9,9,20,30,0,0
2017,9,9,21,30,0,0
2017,9,9,22,30,0,0
2017,9,9,23,30,0,0
2017,9,10,0,30,0,0
2017,9,10,1,30,0,0
2017,9,10,2,30,0,0
2017,9,10,3,30,1,4
2017,9,10,4,30,208,160
2017,9,10,5,30,440,375
2017,9,10,6,30,589,578
2017,9,10,7,30,677,745
2017,9,10,8,30,726,857
2017,9,10,9,30,773,910
2017,9,10,10,30,756,881
2017,9,10,11,30,717,786
2017,9,10,12,30,666,634
2017,9,10,13,30,555,436
2017,9,10,14,30,361,220
2017,9,10,15,30,43,32
2017,9,10,16,30,0,0
2017,9,10,17,30,0,0
2017,9,10,18,30,0,0
2017,9,10,19,30,0,0
2017,9,10,20,30,0,0
2017,9,10,21,30,0,0
2017,9,10,22,30,0,0
2017,9,10,23,30,0,0
2017,9,11,0,30,0,0
2017,9,11,1,30,0,0
2017,9,11,2,30,0,0
2017,9,11,3,30,1,4
2017,9,11,4,30,230,161
2017,9,11,5,30,466,377
2017,9,11,6,30,605,582
2017,9,11,7,30,683,749
2017,9,11,8,30,724,859
2017,9,11,9,30,716,898
2017,9,11,10,30,708,871
2017,9,11,11,30,678,779
2017,9,11,12,30,563,615
2017,9,11,13,30,466,422
2017,9,11,14,30,285,209
2017,9,11,15,30,21,26
2017,9,11,16,30,0,0
2017,9,11,17,30,0,0
2017,9,11,18,30,0,0
2017,9,11,19,30,0,0
2017,9,11,20,30,0,0
2017,9,11,21,30,0,0
2017,9,11,22,30,0,0
2017,9,11,23,30,0,0
2017,9,12,0,30,0,0
2017,9,12,1,30,0,0
2017,9,12,2,30,0,0
2017,9,12,3,30,0,4
2017,9,12,4,30,245,160
2017,9,12,5,30,477,377
2017,9,12,6,30,614,585
2017,9,12,7,30,689,752
2017,9,12,8,30,727,863
2017,9,12,9,30,808,920
2017,9,12,10,30,797,893
2017,9,12,11,30,759,794
2017,9,12,12,30,690,636
2017,9,12,13,30,574,434
2017,9,12,14,30,369,213
2017,9,12,15,30,38,27
2017,9,12,16,30,0,0
2017,9,12,17,30,0,0
2017,9,12,18,30,0,0
2017,9,12,19,30,0,0
2017,9,12,20,30,0,0
2017,9,12,21,30,0,0
2017,9,12,22,30,0,0
2017,9,12,23,30,0,0
2017,9,13,0,30,0,0
2017,9,13,1,30,0,0
2017,9,13,2,30,0,0
2017,9,13,3,30,0,0
2017,9,13,4,30,252,160
2017,9,13,5,30,479,376
2017,9,13,6,30,604,580
2017,9,13,7,30,676,746
2017,9,13,8,30,714,855
2017,9,13,9,30,678,887
2017,9,13,10,30,661,855
2017,9,13,11,30,623,760
2017,9,13,12,30,569,607
2017,9,13,13,30,450,409
2017,9,13,14,30,248,195
2017,9,13,15,30,8,17
2017,9,13,16,30,0,0
2017,9,13,17,30,0,0
2017,9,13,18,30,0,0
2017,9,13,19,30,0,0
2017,9,13,20,30,0,0
2017,9,13,21,30,0,0
2017,9,13,22,30,0,0
2017,9,13,23,30,0,0
2017,9,14,0,30,0,0
2017,9,14,1,30,0,0
2017,9,14,2,30,0,0
2017,9,14,3,30,0,0
2017,9,14,4,30,162,146
2017,9,14,5,30,46,192
2017,9,14,6,30,521,553
2017,9,14,7,30,602,715
2017,9,14,8,30,642,822
2017,9,14,9,30,634,857
2017,9,14,10,30,623,830
2017,9,14,11,30,582,733
2017,9,14,12,30,511,582
2017,9,14,13,30,383,388
2017,9,14,14,30,181,179
2017,9,14,15,30,2,11
2017,9,14,16,30,0,0
2017,9,14,17,30,0,0
2017,9,14,18,30,0,0
2017,9,14,19,30,0,0
2017,9,14,20,30,0,0
2017,9,14,21,30,0,0
2017,9,14,22,30,0,0
2017,9,14,23,30,0,0
2017,9,15,0,30,0,0
2017,9,15,1,30,0,0
2017,9,15,2,30,0,0
2017,9,15,3,30,0,0
2017,9,15,4,30,181,147
2017,9,15,5,30,0,74
2017,9,15,6,30,41,275
2017,9,15,7,30,329,586
2017,9,15,8,30,288,647
2017,9,15,9,30,792,892
2017,9,15,10,30,792,867
2017,9,15,11,30,766,772
2017,9,15,12,30,721,620
2017,9,15,13,30,606,420
2017,9,15,14,30,389,201
2017,9,15,15,30,28,21
2017,9,15,16,30,0,0
2017,9,15,17,30,0,0
2017,9,15,18,30,0,0
2017,9,15,19,30,0,0
2017,9,15,20,30,0,0
2017,9,15,21,30,0,0
2017,9,15,22,30,0,0
2017,9,15,23,30,0,0
2017,9,16,0,30,0,0
2017,9,16,1,30,0,0
2017,9,16,2,30,0,0
2017,9,16,3,30,0,0
2017,9,16,4,30,295,160
2017,9,16,5,30,542,377
2017,9,16,6,30,162,378
2017,9,16,7,30,764,753
2017,9,16,8,30,804,863
2017,9,16,9,30,823,905
2017,9,16,10,30,816,876
2017,9,16,11,30,788,779
2017,9,16,12,30,696,618
2017,9,16,13,30,586,418
2017,9,16,14,30,381,199
2017,9,16,15,30,29,19
2017,9,16,16,30,0,0
2017,9,16,17,30,0,0
2017,9,16,18,30,0,0
2017,9,16,19,30,0,0
2017,9,16,20,30,0,0
2017,9,16,21,30,0,0
2017,9,16,22,30,0,0
2017,9,16,23,30,0,0
2017,9,17,0,30,0,0
2017,9,17,1,30,0,0
2017,9,17,2,30,0,0
2017,9,17,3,30,0,0
2017,9,17,4,30,347,165
2017,9,17,5,30,596,386
2017,9,17,6,30,729,595
2017,9,17,7,30,803,764
2017,9,17,8,30,841,873
2017,9,17,9,30,816,904
2017,9,17,10,30,809,875
2017,9,17,11,30,780,777
2017,9,17,12,30,633,603
2017,9,17,13,30,508,403
2017,9,17,14,30,291,185
2017,9,17,15,30,8,13
2017,9,17,16,30,0,0
2017,9,17,17,30,0,0
2017,9,17,18,30,0,0
2017,9,17,19,30,0,0
2017,9,17,20,30,0,0
2017,9,17,21,30,0,0
2017,9,17,22,30,0,0
2017,9,17,23,30,0,0
2017,9,18,0,30,0,0
2017,9,18,1,30,0,0
2017,9,18,2,30,0,0
2017,9,18,3,30,0,0
2017,9,18,4,30,254,152
2017,9,18,5,30,496,368
2017,9,18,6,30,634,572
2017,9,18,7,30,716,739
2017,9,18,8,30,763,849
2017,9,18,9,30,805,897
2017,9,18,10,30,792,868
2017,9,18,11,30,753,768
2017,9,18,12,30,697,611
2017,9,18,13,30,591,411
2017,9,18,14,30,382,191
2017,9,18,15,30,22,15
2017,9,18,16,30,0,0
2017,9,18,17,30,0,0
2017,9,18,18,30,0,0
2017,9,18,19,30,0,0
2017,9,18,20,30,0,0
2017,9,18,21,30,0,0
2017,9,18,22,30,0,0
2017,9,18,23,30,0,0
2017,9,19,0,30,0,0
2017,9,19,1,30,0,0
2017,9,19,2,30,0,0
2017,9,19,3,30,0,0
2017,9,19,4,30,270,151
2017,9,19,5,30,509,366
2017,9,19,6,30,642,571
2017,9,19,7,30,719,736
2017,9,19,8,30,764,847
2017,9,19,9,30,787,890
2017,9,19,10,30,781,860
2017,9,19,11,30,748,760
2017,9,19,12,30,615,590
2017,9,19,13,30,487,390
2017,9,19,14,30,270,176
2017,9,19,15,30,5,9
2017,9,19,16,30,0,0
2017,9,19,17,30,0,0
2017,9,19,18,30,0,0
2017,9,19,19,30,0,0
2017,9,19,20,30,0,0
2017,9,19,21,30,0,0
2017,9,19,22,30,0,0
2017,9,19,23,30,0,0
2017,9,20,0,30,0,0
2017,9,20,1,30,0,0
2017,9,20,2,30,0,0
2017,9,20,3,30,0,0
2017,9,20,4,30,179,143
2017,9,20,5,30,402,355
2017,9,20,6,30,550,556
2017,9,20,7,30,636,721
2017,9,20,8,30,683,829
2017,9,20,9,30,773,885
2017,9,20,10,30,769,855
2017,9,20,11,30,744,759
2017,9,20,12,30,728,609
2017,9,20,13,30,620,406
2017,9,20,14,30,410,187
2017,9,20,15,30,21,12
2017,9,20,16,30,0,0
2017,9,20,17,30,0,0
2017,9,20,18,30,0,0
2017,9,20,19,30,0,0
2017,9,20,20,30,0,0
2017,9,20,21,30,0,0
2017,9,20,22,30,0,0
2017,9,20,23,30,0,0
2017,9,21,0,30,0,0
2017,9,21,1,30,0,0
2017,9,21,2,30,0,0
2017,9,21,3,30,0,0
2017,9,21,4,30,230,144
2017,9,21,5,30,456,354
2017,9,21,6,30,586,551
2017,9,21,7,30,666,714
2017,9,21,8,30,713,821
2017,9,21,9,30,752,866
2017,9,21,10,30,739,834
2017,9,21,11,30,702,736
2017,9,21,12,30,637,580
2017,9,21,13,30,529,384
2017,9,21,14,30,328,173
2017,9,21,15,30,8,9
2017,9,21,16,30,0,0
2017,9,21,17,30,0,0
2017,9,21,18,30,0,0
2017,9,21,19,30,0,0
2017,9,21,20,30,0,0
2017,9,21,21,30,0,0
2017,9,21,22,30,0,0
2017,9,21,23,30,0,0
2017,9,22,0,30,0,0
2017,9,22,1,30,0,0
2017,9,22,2,30,0,0
2017,9,22,3,30,0,0
2017,9,22,4,30,174,137
2017,9,22,5,30,432,348
2017,9,22,6,30,609,552
2017,9,22,7,30,708,719
2017,9,22,8,30,758,827
2017,9,22,9,30,760,864
2017,9,22,10,30,752,833
2017,9,22,11,30,716,734
2017,9,22,12,30,568,564
2017,9,22,13,30,444,368
2017,9,22,14,30,226,159
2017,9,22,15,30,0,4
2017,9,22,16,30,0,0
2017,9,22,17,30,0,0
2017,9,22,18,30,0,0
2017,9,22,19,30,0,0
2017,9,22,20,30,0,0
2017,9,22,21,30,0,0
2017,9,22,22,30,0,0
2017,9,22,23,30,0,0
2017,9,23,0,30,0,0
2017,9,23,1,30,0,0
2017,9,23,2,30,0,0
2017,9,23,3,30,0,0
2017,9,23,4,30,220,139
2017,9,23,5,30,454,347
2017,9,23,6,30,587,545
2017,9,23,7,30,661,706
2017,9,23,8,30,699,810
2017,9,23,9,30,757,856
2017,9,23,10,30,735,822
2017,9,23,11,30,687,721
2017,9,23,12,30,590,561
2017,9,23,13,30,444,363
2017,9,23,14,30,212,154
2017,9,23,15,30,0,0
2017,9,23,16,30,0,0
2017,9,23,17,30,0,0
2017,9,23,18,30,0,0
2017,9,23,19,30,0,0
2017,9,23,20,30,0,0
2017,9,23,21,30,0,0
2017,9,23,22,30,0,0
2017,9,23,23,30,0,0
2017,9,24,0,30,0,0
2017,9,24,1,30,0,0
2017,9,24,2,30,0,0
2017,9,24,3,30,0,0
2017,9,24,4,30,190,133
2017,9,24,5,30,425,339
2017,9,24,6,30,575,541
2017,9,24,7,30,670,706
2017,9,24,8,30,725,813
2017,9,24,9,30,826,871
2017,9,24,10,30,818,839
2017,9,24,11,30,785,739
2017,9,24,12,30,649,567
2017,9,24,13,30,523,368
2017,9,24,14,30,293,157
2017,9,24,15,30,0,0
2017,9,24,16,30,0,0
2017,9,24,17,30,0,0
2017,9,24,18,30,0,0
2017,9,24,19,30,0,0
2017,9,24,20,30,0,0
2017,9,24,21,30,0,0
2017,9,24,22,30,0,0
2017,9,24,23,30,0,0
2017,9,25,0,30,0,0
2017,9,25,1,30,0,0
2017,9,25,2,30,0,0
2017,9,25,3,30,0,0
2017,9,25,4,30,324,144
2017,9,25,5,30,571,359
2017,9,25,6,30,696,561
2017,9,25,7,30,765,724
2017,9,25,8,30,799,828
2017,9,25,9,30,791,861
2017,9,25,10,30,790,832
2017,9,25,11,30,763,733
2017,9,25,12,30,723,578
2017,9,25,13,30,613,378
2017,9,25,14,30,384,162
2017,9,25,15,30,0,0
2017,9,25,16,30,0,0
2017,9,25,17,30,0,0
2017,9,25,18,30,0,0
2017,9,25,19,30,0,0
2017,9,25,20,30,0,0
2017,9,25,21,30,0,0
2017,9,25,22,30,0,0
2017,9,25,23,30,0,0
2017,9,26,0,30,0,0
2017,9,26,1,30,0,0
2017,9,26,2,30,0,0
2017,9,26,3,30,0,0
2017,9,26,4,30,305,142
2017,9,26,5,30,89,205
2017,9,26,6,30,688,562
2017,9,26,7,30,762,726
2017,9,26,8,30,800,832
2017,9,26,9,30,827,872
2017,9,26,10,30,817,839
2017,9,26,11,30,784,737
2017,9,26,12,30,706,573
2017,9,26,13,30,569,369
2017,9,26,14,30,311,151
2017,9,26,15,30,0,0
2017,9,26,16,30,0,0
2017,9,26,17,30,0,0
2017,9,26,18,30,0,0
2017,9,26,19,30,0,0
2017,9,26,20,30,0,0
2017,9,26,21,30,0,0
2017,9,26,22,30,0,0
2017,9,26,23,30,0,0
2017,9,27,0,30,0,0
2017,9,27,1,30,0,0
2017,9,27,2,30,0,0
2017,9,27,3,30,0,0
2017,9,27,4,30,345,144
2017,9,27,5,30,600,361
2017,9,27,6,30,731,566
2017,9,27,7,30,800,728
2017,9,27,8,30,837,835
2017,9,27,9,30,876,879
2017,9,27,10,30,864,845
2017,9,27,11,30,829,742
2017,9,27,12,30,796,586
2017,9,27,13,30,679,380
2017,9,27,14,30,439,160
2017,9,27,15,30,0,0
2017,9,27,16,30,0,0
2017,9,27,17,30,0,0
2017,9,27,18,30,0,0
2017,9,27,19,30,0,0
2017,9,27,20,30,0,0
2017,9,27,21,30,0,0
2017,9,27,22,30,0,0
2017,9,27,23,30,0,0
2017,9,28,0,30,0,0
2017,9,28,1,30,0,0
2017,9,28,2,30,0,0
2017,9,28,3,30,0,0
2017,9,28,4,30,322,141
2017,9,28,5,30,567,356
2017,9,28,6,30,702,561
2017,9,28,7,30,776,725
2017,9,28,8,30,813,831
2017,9,28,9,30,874,879
2017,9,28,10,30,861,844
2017,9,28,11,30,823,739
2017,9,28,12,30,769,579
2017,9,28,13,30,638,372
2017,9,28,14,30,380,152
2017,9,28,15,30,0,0
2017,9,28,16,30,0,0
2017,9,28,17,30,0,0
2017,9,28,18,30,0,0
2017,9,28,19,30,0,0
2017,9,28,20,30,0,0
2017,9,28,21,30,0,0
2017,9,28,22,30,0,0
2017,9,28,23,30,0,0
2017,9,29,0,30,0,0
2017,9,29,1,30,0,0
2017,9,29,2,30,0,0
2017,9,29,3,30,0,0
2017,9,29,4,30,281,135
2017,9,29,5,30,541,349
2017,9,29,6,30,686,555
2017,9,29,7,30,775,723
2017,9,29,8,30,823,830
2017,9,29,9,30,857,872
2017,9,29,10,30,855,839
2017,9,29,11,30,838,740
2017,9,29,12,30,768,576
2017,9,29,13,30,657,372
2017,9,29,14,30,418,152
2017,9,29,15,30,0,0
2017,9,29,16,30,0,0
2017,9,29,17,30,0,0
2017,9,29,18,30,0,0
2017,9,29,19,30,0,0
2017,9,29,20,30,0,0
2017,9,29,21,30,0,0
2017,9,29,22,30,0,0
2017,9,29,23,30,0,0
2017,9,30,0,30,0,0
2017,9,30,1,30,0,0
2017,9,30,2,30,0,0
2017,9,30,3,30,0,0
2017,9,30,4,30,305,136
2017,9,30,5,30,578,352
2017,9,30,6,30,731,560
2017,9,30,7,30,813,724
2017,9,30,8,30,851,830
2017,9,30,9,30,884,869
2017,9,30,10,30,871,833
2017,9,30,11,30,837,730
2017,9,30,12,30,775,569
2017,9,30,13,30,660,365
2017,9,30,14,30,421,146
2017,9,30,15,30,0,0
2017,9,30,16,30,0,0
2017,9,30,17,30,0,0
2017,9,30,18,30,0,0
2017,9,30,19,30,0,0
2017,9,30,20,30,0,0
2017,9,30,21,30,0,0
2017,9,30,22,30,0,0
2017,9,30,23,30,0,0
2017,10,1,0,30,0,0
2017,10,1,1,30,0,0
2017,10,1,2,30,0,0
2017,10,1,3,30,0,0
2017,10,1,4,30,332,134
2017,10,1,5,30,569,344
2017,10,1,6,30,682,543
2017,10,1,7,30,738,701
2017,10,1,8,30,761,800
2017,10,1,9,30,796,841
2017,10,1,10,30,798,809
2017,10,1,11,30,773,708
2017,10,1,12,30,658,539
2017,10,1,13,30,523,338
2017,10,1,14,30,255,127
2017,10,1,15,30,0,0
2017,10,1,16,30,0,0
2017,10,1,17,30,0,0
2017,10,1,18,30,0,0
2017,10,1,19,30,0,0
2017,10,1,20,30,0,0
2017,10,1,21,30,0,0
2017,10,1,22,30,0,0
2017,10,1,23,30,0,0
2017,10,2,0,30,0,0
2017,10,2,1,30,0,0
2017,10,2,2,30,0,0
2017,10,2,3,30,0,0
2017,10,2,4,30,195,120
2017,10,2,5,30,459,328
2017,10,2,6,30,604,529
2017,10,2,7,30,687,692
2017,10,2,8,30,728,795
2017,10,2,9,30,800,845
2017,10,2,10,30,789,811
2017,10,2,11,30,746,705
2017,10,2,12,30,663,541
2017,10,2,13,30,518,337
2017,10,2,14,30,241,124
2017,10,2,15,30,0,0
2017,10,2,16,30,0,0
2017,10,2,17,30,0,0
2017,10,2,18,30,0,0
2017,10,2,19,30,0,0
2017,10,2,20,30,0,0
2017,10,2,21,30,0,0
2017,10,2,22,30,0,0
2017,10,2,23,30,0,0
2017,10,3,0,30,0,0
2017,10,3,1,30,0,0
2017,10,3,2,30,0,0
2017,10,3,3,30,0,0
2017,10,3,4,30,217,121
2017,10,3,5,30,496,331
2017,10,3,6,30,651,533
2017,10,3,7,30,735,695
2017,10,3,8,30,782,801
2017,10,3,9,30,800,837
2017,10,3,10,30,791,802
2017,10,3,11,30,758,699
2017,10,3,12,30,694,539
2017,10,3,13,30,558,337
2017,10,3,14,30,289,125
2017,10,3,15,30,0,0
2017,10,3,16,30,0,0
2017,10,3,17,30,0,0
2017,10,3,18,30,0,0
2017,10,3,19,30,0,0
2017,10,3,20,30,0,0
2017,10,3,21,30,0,0
2017,10,3,22,30,0,0
2017,10,3,23,30,0,0
2017,10,4,0,30,0,0
2017,10,4,1,30,0,0
2017,10,4,2,30,0,0
2017,10,4,3,30,0,0
2017,10,4,4,30,336,131
2017,10,4,5,30,608,346
2017,10,4,6,30,748,552
2017,10,4,7,30,823,714
2017,10,4,8,30,863,819
2017,10,4,9,30,886,857
2017,10,4,10,30,880,820
2017,10,4,11,30,852,716
2017,10,4,12,30,803,555
2017,10,4,13,30,684,349
2017,10,4,14,30,427,132
2017,10,4,15,30,0,0
2017,10,4,16,30,0,0
2017,10,4,17,30,0,0
2017,10,4,18,30,0,0
2017,10,4,19,30,0,0
2017,10,4,20,30,0,0
2017,10,4,21,30,0,0
2017,10,4,22,30,0,0
2017,10,4,23,30,0,0
2017,10,5,0,30,0,0
2017,10,5,1,30,0,0
2017,10,5,2,30,0,0
2017,10,5,3,30,0,0
2017,10,5,4,30,378,130
2017,10,5,5,30,658,345
2017,10,5,6,30,780,547
2017,10,5,7,30,843,707
2017,10,5,8,30,441,657
2017,10,5,9,30,468,695
2017,10,5,10,30,851,800
2017,10,5,11,30,818,697
2017,10,5,12,30,699,526
2017,10,5,13,30,565,325
2017,10,5,14,30,295,117
2017,10,5,15,30,0,0
2017,10,5,16,30,0,0
2017,10,5,17,30,0,0
2017,10,5,18,30,0,0
2017,10,5,19,30,0,0
2017,10,5,20,30,0,0
2017,10,5,21,30,0,0
2017,10,5,22,30,0,0
2017,10,5,23,30,0,0
2017,10,6,0,30,0,0
2017,10,6,1,30,0,0
2017,10,6,2,30,0,0
2017,10,6,3,30,0,0
2017,10,6,4,30,448,133
2017,10,6,5,30,84,189
2017,10,6,6,30,828,556
2017,10,6,7,30,330,533
2017,10,6,8,30,349,620
2017,10,6,9,30,839,834
2017,10,6,10,30,829,799
2017,10,6,11,30,796,694
2017,10,6,12,30,739,533
2017,10,6,13,30,606,329
2017,10,6,14,30,324,116
2017,10,6,15,30,0,0
2017,10,6,16,30,0,0
2017,10,6,17,30,0,0
2017,10,6,18,30,0,0
2017,10,6,19,30,0,0
2017,10,6,20,30,0,0
2017,10,6,21,30,0,0
2017,10,6,22,30,0,0
2017,10,6,23,30,0,0
2017,10,7,0,30,0,0
2017,10,7,1,30,0,0
2017,10,7,2,30,0,0
2017,10,7,3,30,0,0
2017,10,7,4,30,318,120
2017,10,7,5,30,576,328
2017,10,7,6,30,702,526
2017,10,7,7,30,770,685
2017,10,7,8,30,802,785
2017,10,7,9,30,784,813
2017,10,7,10,30,760,773
2017,10,7,11,30,707,667
2017,10,7,12,30,611,502
2017,10,7,13,30,445,301
2017,10,7,14,30,155,98
2017,10,7,15,30,0,0
2017,10,7,16,30,0,0
2017,10,7,17,30,0,0
2017,10,7,18,30,0,0
2017,10,7,19,30,0,0
2017,10,7,20,30,0,0
2017,10,7,21,30,0,0
2017,10,7,22,30,0,0
2017,10,7,23,30,0,0
2017,10,8,0,30,0,0
2017,10,8,1,30,0,0
2017,10,8,2,30,0,0
2017,10,8,3,30,0,0
2017,10,8,4,30,57,88
2017,10,8,5,30,291,288
2017,10,8,6,30,479,485
2017,10,8,7,30,602,646
2017,10,8,8,30,679,752
2017,10,8,9,30,620,769
2017,10,8,10,30,639,739
2017,10,8,11,30,620,642
2017,10,8,12,30,616,498
2017,10,8,13,30,473,300
2017,10,8,14,30,198,99
2017,10,8,15,30,0,0
2017,10,8,16,30,0,0
2017,10,8,17,30,0,0
2017,10,8,18,30,0,0
2017,10,8,19,30,0,0
2017,10,8,20,30,0,0
2017,10,8,21,30,0,0
2017,10,8,22,30,0,0
2017,10,8,23,30,0,0
2017,10,9,0,30,0,0
2017,10,9,1,30,0,0
2017,10,9,2,30,0,0
2017,10,9,3,30,0,0
2017,10,9,4,30,210,106
2017,10,9,5,30,0,89
2017,10,9,6,30,297,394
2017,10,9,7,30,145,423
2017,10,9,8,30,52,377
2017,10,9,9,30,377,651
2017,10,9,10,30,100,440
2017,10,9,11,30,115,394
2017,10,9,12,30,691,504
2017,10,9,13,30,40,153
2017,10,9,14,30,247,100
2017,10,9,15,30,0,0
2017,10,9,16,30,0,0
2017,10,9,17,30,0,0
2017,10,9,18,30,0,0
2017,10,9,19,30,0,0
2017,10,9,20,30,0,0
2017,10,9,21,30,0,0
2017,10,9,22,30,0,0
2017,10,9,23,30,0,0
2017,10,10,0,30,0,0
2017,10,10,1,30,0,0
2017,10,10,2,30,0,0
2017,10,10,3,30,0,0
2017,10,10,4,30,455,127
2017,10,10,5,30,707,343
2017,10,10,6,30,821,546
2017,10,10,7,30,883,706
2017,10,10,8,30,267,565
2017,10,10,9,30,295,604
2017,10,10,10,30,302,579
2017,10,10,11,30,883,694
2017,10,10,12,30,147,316
2017,10,10,13,30,659,319
2017,10,10,14,30,394,107
2017,10,10,15,30,0,0
2017,10,10,16,30,0,0
2017,10,10,17,30,0,0
2017,10,10,18,30,0,0
2017,10,10,19,30,0,0
2017,10,10,20,30,0,0
2017,10,10,21,30,0,0
2017,10,10,22,30,0,0
2017,10,10,23,30,0,0
2017,10,11,0,30,0,0
2017,10,11,1,30,0,0
2017,10,11,2,30,0,0
2017,10,11,3,30,0,0
2017,10,11,4,30,437,124
2017,10,11,5,30,696,340
2017,10,11,6,30,818,543
2017,10,11,7,30,888,705
2017,10,11,8,30,924,806
2017,10,11,9,30,932,839
2017,10,11,10,30,924,800
2017,10,11,11,30,894,694
2017,10,11,12,30,832,529
2017,10,11,13,30,709,323
2017,10,11,14,30,427,107
2017,10,11,15,30,0,0
2017,10,11,16,30,0,0
2017,10,11,17,30,0,0
2017,10,11,18,30,0,0
2017,10,11,19,30,0,0
2017,10,11,20,30,0,0
2017,10,11,21,30,0,0
2017,10,11,22,30,0,0
2017,10,11,23,30,0,0
2017,10,12,0,30,0,0
2017,10,12,1,30,0,0
2017,10,12,2,30,0,0
2017,10,12,3,30,0,0
2017,10,12,4,30,389,118
2017,10,12,5,30,652,329
2017,10,12,6,30,770,528
2017,10,12,7,30,833,686
2017,10,12,8,30,863,785
2017,10,12,9,30,890,818
2017,10,12,10,30,877,779
2017,10,12,11,30,840,673
2017,10,12,12,30,747,506
2017,10,12,13,30,597,302
2017,10,12,14,30,290,94
2017,10,12,15,30,0,0
2017,10,12,16,30,0,0
2017,10,12,17,30,0,0
2017,10,12,18,30,0,0
2017,10,12,19,30,0,0
2017,10,12,20,30,0,0
2017,10,12,21,30,0,0
2017,10,12,22,30,0,0
2017,10,12,23,30,0,0
2017,10,13,0,30,0,0
2017,10,13,1,30,0,0
2017,10,13,2,30,0,0
2017,10,13,3,30,0,0
2017,10,13,4,30,352,113
2017,10,13,5,30,633,324
2017,10,13,6,30,766,526
2017,10,13,7,30,837,685
2017,10,13,8,30,878,786
2017,10,13,9,30,901,821
2017,10,13,10,30,892,782
2017,10,13,11,30,858,676
2017,10,13,12,30,812,515
2017,10,13,13,30,676,309
2017,10,13,14,30,373,96
2017,10,13,15,30,0,0
2017,10,13,16,30,0,0
2017,10,13,17,30,0,0
2017,10,13,18,30,0,0
2017,10,13,19,30,0,0
2017,10,13,20,30,0,0
2017,10,13,21,30,0,0
2017,10,13,22,30,0,0
2017,10,13,23,30,0,0
2017,10,14,0,30,0,0
2017,10,14,1,30,0,0
2017,10,14,2,30,0,0
2017,10,14,3,30,0,0
2017,10,14,4,30,407,115
2017,10,14,5,30,674,327
2017,10,14,6,30,796,527
2017,10,14,7,30,862,687
2017,10,14,8,30,892,785
2017,10,14,9,30,899,816
2017,10,14,10,30,889,775
2017,10,14,11,30,855,669
2017,10,14,12,30,756,499
2017,10,14,13,30,613,296
2017,10,14,14,30,306,89
2017,10,14,15,30,0,0
2017,10,14,16,30,0,0
2017,10,14,17,30,0,0
2017,10,14,18,30,0,0
2017,10,14,19,30,0,0
2017,10,14,20,30,0,0
2017,10,14,21,30,0,0
2017,10,14,22,30,0,0
2017,10,14,23,30,0,0
2017,10,15,0,30,0,0
2017,10,15,1,30,0,0
2017,10,15,2,30,0,0
2017,10,15,3,30,0,0
2017,10,15,4,30,419,114
2017,10,15,5,30,688,328
2017,10,15,6,30,810,530
2017,10,15,7,30,874,689
2017,10,15,8,30,906,789
2017,10,15,9,30,916,819
2017,10,15,10,30,903,779
2017,10,15,11,30,865,671
2017,10,15,12,30,778,501
2017,10,15,13,30,632,296
2017,10,15,14,30,312,87
2017,10,15,15,30,0,0
2017,10,15,16,30,0,0
2017,10,15,17,30,0,0
2017,10,15,18,30,0,0
2017,10,15,19,30,0,0
2017,10,15,20,30,0,0
2017,10,15,21,30,0,0
2017,10,15,22,30,0,0
2017,10,15,23,30,0,0
2017,10,16,0,30,0,0
2017,10,16,1,30,0,0
2017,10,16,2,30,0,0
2017,10,16,3,30,0,0
2017,10,16,4,30,320,105
2017,10,16,5,30,610,313
2017,10,16,6,30,753,512
2017,10,16,7,30,826,669
2017,10,16,8,30,864,768
2017,10,16,9,30,198,526
2017,10,16,10,30,248,529
2017,10,16,11,30,427,529
2017,10,16,12,30,44,227
2017,10,16,13,30,604,285
2017,10,16,14,30,287,81
2017,10,16,15,30,0,0
2017,10,16,16,30,0,0
2017,10,16,17,30,0,0
2017,10,16,18,30,0,0
2017,10,16,19,30,0,0
2017,10,16,20,30,0,0
2017,10,16,21,30,0,0
2017,10,16,22,30,0,0
2017,10,16,23,30,0,0
2017,10,17,0,30,0,0
2017,10,17,1,30,0,0
2017,10,17,2,30,0,0
2017,10,17,3,30,0,0
2017,10,17,4,30,305,100
2017,10,17,5,30,593,305
2017,10,17,6,30,729,502
2017,10,17,7,30,797,657
2017,10,17,8,30,832,756
2017,10,17,9,30,816,781
2017,10,17,10,30,800,741
2017,10,17,11,30,759,634
2017,10,17,12,30,678,472
2017,10,17,13,30,525,273
2017,10,17,14,30,218,74
2017,10,17,15,30,0,0
2017,10,17,16,30,0,0
2017,10,17,17,30,0,0
2017,10,17,18,30,0,0
2017,10,17,19,30,0,0
2017,10,17,20,30,0,0
2017,10,17,21,30,0,0
2017,10,17,22,30,0,0
2017,10,17,23,30,0,0
2017,10,18,0,30,0,0
2017,10,18,1,30,0,0
2017,10,18,2,30,0,0
2017,10,18,3,30,0,0
2017,10,18,4,30,397,105
2017,10,18,5,30,671,316
2017,10,18,6,30,789,515
2017,10,18,7,30,848,674
2017,10,18,8,30,875,772
2017,10,18,9,30,797,783
2017,10,18,10,30,785,743
2017,10,18,11,30,744,636
2017,10,18,12,30,607,462
2017,10,18,13,30,436,262
2017,10,18,14,30,116,64
2017,10,18,15,30,0,0
2017,10,18,16,30,0,0
2017,10,18,17,30,0,0
2017,10,18,18,30,0,0
2017,10,18,19,30,0,0
2017,10,18,20,30,0,0
2017,10,18,21,30,0,0
2017,10,18,22,30,0,0
2017,10,18,23,30,0,0
2017,10,19,0,30,0,0
2017,10,19,1,30,0,0
2017,10,19,2,30,0,0
2017,10,19,3,30,0,0
2017,10,19,4,30,82,78
2017,10,19,5,30,335,273
2017,10,19,6,30,498,466
2017,10,19,7,30,593,622
2017,10,19,8,30,646,721
2017,10,19,9,30,743,769
2017,10,19,10,30,732,729
2017,10,19,11,30,687,622
2017,10,19,12,30,600,458
2017,10,19,13,30,423,256
2017,10,19,14,30,106,61
2017,10,19,15,30,0,0
2017,10,19,16,30,0,0
2017,10,19,17,30,0,0
2017,10,19,18,30,0,0
2017,10,19,19,30,0,0
2017,10,19,20,30,0,0
2017,10,19,21,30,0,0
2017,10,19,22,30,0,0
2017,10,19,23,30,0,0
2017,10,20,0,30,0,0
2017,10,20,1,30,0,0
2017,10,20,2,30,0,0
2017,10,20,3,30,0,0
2017,10,20,4,30,170,86
2017,10,20,5,30,0,73
2017,10,20,6,30,151,305
2017,10,20,7,30,730,637
2017,10,20,8,30,773,735
2017,10,20,9,30,674,742
2017,10,20,10,30,661,703
2017,10,20,11,30,613,595
2017,10,20,12,30,552,441
2017,10,20,13,30,377,244
2017,10,20,14,30,83,56
2017,10,20,15,30,0,0
2017,10,20,16,30,0,0
2017,10,20,17,30,0,0
2017,10,20,18,30,0,0
2017,10,20,19,30,0,0
2017,10,20,20,30,0,0
2017,10,20,21,30,0,0
2017,10,20,22,30,0,0
2017,10,20,23,30,0,0
2017,10,21,0,30,0,0
2017,10,21,1,30,0,0
2017,10,21,2,30,0,0
2017,10,21,3,30,0,0
2017,10,21,4,30,148,83
2017,10,21,5,30,440,278
2017,10,21,6,30,610,472
2017,10,21,7,30,708,628
2017,10,21,8,30,758,726
2017,10,21,9,30,790,760
2017,10,21,10,30,779,720
2017,10,21,11,30,739,614
2017,10,21,12,30,537,435
2017,10,21,13,30,362,243
2017,10,21,14,30,73,54
2017,10,21,15,30,0,0
2017,10,21,16,30,0,0
2017,10,21,17,30,0,0
2017,10,21,18,30,0,0
2017,10,21,19,30,0,0
2017,10,21,20,30,0,0
2017,10,21,21,30,0,0
2017,10,21,22,30,0,0
2017,10,21,23,30,0,0
2017,10,22,0,30,0,0
2017,10,22,1,30,0,0
2017,10,22,2,30,0,0
2017,10,22,3,30,0,0
2017,10,22,4,30,152,80
2017,10,22,5,30,440,275
2017,10,22,6,30,599,467
2017,10,22,7,30,689,621
2017,10,22,8,30,736,718
2017,10,22,9,30,809,759
2017,10,22,10,30,800,721
2017,10,22,11,30,763,615
2017,10,22,12,30,683,453
2017,10,22,13,30,528,255
2017,10,22,14,30,192,60
2017,10,22,15,30,0,0
2017,10,22,16,30,0,0
2017,10,22,17,30,0,0
2017,10,22,18,30,0,0
2017,10,22,19,30,0,0
2017,10,22,20,30,0,0
2017,10,22,21,30,0,0
2017,10,22,22,30,0,0
2017,10,22,23,30,0,0
2017,10,23,0,30,0,0
2017,10,23,1,30,0,0
2017,10,23,2,30,0,0
2017,10,23,3,30,0,0
2017,10,23,4,30,205,84
2017,10,23,5,30,503,280
2017,10,23,6,30,654,471
2017,10,23,7,30,733,625
2017,10,23,8,30,773,721
2017,10,23,9,30,831,759
2017,10,23,10,30,819,719
2017,10,23,11,30,779,612
2017,10,23,12,30,696,448
2017,10,23,13,30,536,250
2017,10,23,14,30,195,57
2017,10,23,15,30,0,0
2017,10,23,16,30,0,0
2017,10,23,17,30,0,0
2017,10,23,18,30,0,0
2017,10,23,19,30,0,0
2017,10,23,20,30,0,0
2017,10,23,21,30,0,0
2017,10,23,22,30,0,0
2017,10,23,23,30,0,0
2017,10,24,0,30,0,0
2017,10,24,1,30,0,0
2017,10,24,2,30,0,0
2017,10,24,3,30,0,0
2017,10,24,4,30,288,86
2017,10,24,5,30,587,286
2017,10,24,6,30,23,199
2017,10,24,7,30,807,634
2017,10,24,8,30,840,731
2017,10,24,9,30,380,595
2017,10,24,10,30,485,596
2017,10,24,11,30,819,615
2017,10,24,12,30,692,445
2017,10,24,13,30,535,247
2017,10,24,14,30,188,54
2017,10,24,15,30,0,0
2017,10,24,16,30,0,0
2017,10,24,17,30,0,0
2017,10,24,18,30,0,0
2017,10,24,19,30,0,0
2017,10,24,20,30,0,0
2017,10,24,21,30,0,0
2017,10,24,22,30,0,0
2017,10,24,23,30,0,0
2017,10,25,0,30,0,0
2017,10,25,1,30,0,0
2017,10,25,2,30,0,0
2017,10,25,3,30,0,0
2017,10,25,4,30,186,76
2017,10,25,5,30,480,269
2017,10,25,6,30,632,460
2017,10,25,7,30,712,612
2017,10,25,8,30,755,710
2017,10,25,9,30,790,743
2017,10,25,10,30,775,702
2017,10,25,11,30,735,598
2017,10,25,12,30,670,439
2017,10,25,13,30,505,242
2017,10,25,14,30,158,51
2017,10,25,15,30,0,0
2017,10,25,16,30,0,0
2017,10,25,17,30,0,0
2017,10,25,18,30,0,0
2017,10,25,19,30,0,0
2017,10,25,20,30,0,0
2017,10,25,21,30,0,0
2017,10,25,22,30,0,0
2017,10,25,23,30,0,0
2017,10,26,0,30,0,0
2017,10,26,1,30,0,0
2017,10,26,2,30,0,0
2017,10,26,3,30,0,0
2017,10,26,4,30,336,84
2017,10,26,5,30,663,291
2017,10,26,6,30,804,490
2017,10,26,7,30,875,647
2017,10,26,8,30,912,747
2017,10,26,9,30,934,779
2017,10,26,10,30,921,738
2017,10,26,11,30,878,625
2017,10,26,12,30,761,453
2017,10,26,13,30,592,249
2017,10,26,14,30,210,52
2017,10,26,15,30,0,0
2017,10,26,16,30,0,0
2017,10,26,17,30,0,0
2017,10,26,18,30,0,0
2017,10,26,19,30,0,0
2017,10,26,20,30,0,0
2017,10,26,21,30,0,0
2017,10,26,22,30,0,0
2017,10,26,23,30,0,0
2017,10,27,0,30,0,0
2017,10,27,1,30,0,0
2017,10,27,2,30,0,0
2017,10,27,3,30,0,0
2017,10,27,4,30,282,79
2017,10,27,5,30,601,280
2017,10,27,6,30,737,474
2017,10,27,7,30,804,627
2017,10,27,8,30,836,722
2017,10,27,9,30,821,745
2017,10,27,10,30,800,701
2017,10,27,11,30,749,592
2017,10,27,12,30,702,435
2017,10,27,13,30,534,236
2017,10,27,14,30,166,47
2017,10,27,15,30,0,0
2017,10,27,16,30,0,0
2017,10,27,17,30,0,0
2017,10,27,18,30,0,0
2017,10,27,19,30,0,0
2017,10,27,20,30,0,0
2017,10,27,21,30,0,0
2017,10,27,22,30,0,0
2017,10,27,23,30,0,0
2017,10,28,0,30,0,0
2017,10,28,1,30,0,0
2017,10,28,2,30,0,0
2017,10,28,3,30,0,0
2017,10,28,4,30,0,6
2017,10,28,5,30,0,21
2017,10,28,6,30,0,126
2017,10,28,7,30,52,294
2017,10,28,8,30,273,510
2017,10,28,9,30,111,421
2017,10,28,10,30,268,498
2017,10,28,11,30,759,586
2017,10,28,12,30,618,418
2017,10,28,13,30,426,222
2017,10,28,14,30,71,39
2017,10,28,15,30,0,0
2017,10,28,16,30,0,0
2017,10,28,17,30,0,0
2017,10,28,18,30,0,0
2017,10,28,19,30,0,0
2017,10,28,20,30,0,0
2017,10,28,21,30,0,0
2017,10,28,22,30,0,0
2017,10,28,23,30,0,0
2017,10,29,0,30,0,0
2017,10,29,1,30,0,0
2017,10,29,2,30,0,0
2017,10,29,3,30,0,0
2017,10,29,4,30,211,71
2017,10,29,5,30,547,264
2017,10,29,6,30,703,457
2017,10,29,7,30,785,610
2017,10,29,8,30,824,705
2017,10,29,9,30,841,737
2017,10,29,10,30,830,696
2017,10,29,11,30,787,589
2017,10,29,12,30,720,429
2017,10,29,13,30,537,229
2017,10,29,14,30,132,41
2017,10,29,15,30,0,0
2017,10,29,16,30,0,0
2017,10,29,17,30,0,0
2017,10,29,18,30,0,0
2017,10,29,19,30,0,0
2017,10,29,20,30,0,0
2017,10,29,21,30,0,0
2017,10,29,22,30,0,0
2017,10,29,23,30,0,0
2017,10,30,0,30,0,0
2017,10,30,1,30,0,0
2017,10,30,2,30,0,0
2017,10,30,3,30,0,0
2017,10,30,4,30,37,50
2017,10,30,5,30,294,230
2017,10,30,6,30,506,419
2017,10,30,7,30,658,577
2017,10,30,8,30,756,682
2017,10,30,9,30,698,699
2017,10,30,10,30,0,124
2017,10,30,11,30,706,568
2017,10,30,12,30,639,412
2017,10,30,13,30,483,220
2017,10,30,14,30,117,40
2017,10,30,15,30,0,0
2017,10,30,16,30,0,0
2017,10,30,17,30,0,0
2017,10,30,18,30,0,0
2017,10,30,19,30,0,0
2017,10,30,20,30,0,0
2017,10,30,21,30,0,0
2017,10,30,22,30,0,0
2017,10,30,23,30,0,0
2017,10,31,0,30,0,0
2017,10,31,1,30,0,0
2017,10,31,2,30,0,0
2017,10,31,3,30,0,0
2017,10,31,4,30,300,72
2017,10,31,5,30,632,269
2017,10,31,6,30,94,249
2017,10,31,7,30,860,615
2017,10,31,8,30,896,711
2017,10,31,9,30,348,555
2017,10,31,10,30,854,691
2017,10,31,11,30,813,585
2017,10,31,12,30,714,421
2017,10,31,13,30,539,225
2017,10,31,14,30,151,40
2017,10,31,15,30,0,0
2017,10,31,16,30,0,0
2017,10,31,17,30,0,0
2017,10,31,18,30,0,0
2017,10,31,19,30,0,0
2017,10,31,20,30,0,0
2017,10,31,21,30,0,0
2017,10,31,22,30,0,0
2017,10,31,23,30,0,0
2017,11,1,0,30,0,0
2017,11,1,1,30,0,0
2017,11,1,2,30,0,0
2017,11,1,3,30,0,0
2017,11,1,4,30,330,72
2017,11,1,5,30,0,98
2017,11,1,6,30,223,306
2017,11,1,7,30,866,616
2017,11,1,8,30,895,709
2017,11,1,9,30,908,738
2017,11,1,10,30,892,696
2017,11,1,11,30,850,589
2017,11,1,12,30,767,426
2017,11,1,13,30,601,228
2017,11,1,14,30,208,40
2017,11,1,15,30,0,0
2017,11,1,16,30,0,0
2017,11,1,17,30,0,0
2017,11,1,18,30,0,0
2017,11,1,19,30,0,0
2017,11,1,20,30,0,0
2017,11,1,21,30,0,0
2017,11,1,22,30,0,0
2017,11,1,23,30,0,0
2017,11,2,0,30,0,0
2017,11,2,1,30,0,0
2017,11,2,2,30,0,0
2017,11,2,3,30,0,0
2017,11,2,4,30,301,68
2017,11,2,5,30,26,119
2017,11,2,6,30,783,454
2017,11,2,7,30,857,606
2017,11,2,8,30,171,436
2017,11,2,9,30,902,730
2017,11,2,10,30,274,484
2017,11,2,11,30,853,583
2017,11,2,12,30,71,214
2017,11,2,13,30,583,222
2017,11,2,14,30,191,37
2017,11,2,15,30,0,0
2017,11,2,16,30,0,0
2017,11,2,17,30,0,0
2017,11,2,18,30,0,0
2017,11,2,19,30,0,0
2017,11,2,20,30,0,0
2017,11,2,21,30,0,0
2017,11,2,22,30,0,0
2017,11,2,23,30,0,0
2017,11,3,0,30,0,0
2017,11,3,1,30,0,0
2017,11,3,2,30,0,0
2017,11,3,3,30,0,0
2017,11,3,4,30,299,66
2017,11,3,5,30,634,261
2017,11,3,6,30,775,452
2017,11,3,7,30,843,603
2017,11,3,8,30,875,697
2017,11,3,9,30,834,715
2017,11,3,10,30,824,673
2017,11,3,11,30,788,568
2017,11,3,12,30,711,410
2017,11,3,13,30,547,216
2017,11,3,14,30,160,35
2017,11,3,15,30,0,0
2017,11,3,16,30,0,0
2017,11,3,17,30,0,0
2017,11,3,18,30,0,0
2017,11,3,19,30,0,0
2017,11,3,20,30,0,0
2017,11,3,21,30,0,0
2017,11,3,22,30,0,0
2017,11,3,23,30,0,0
2017,11,4,0,30,0,0
2017,11,4,1,30,0,0
2017,11,4,2,30,0,0
2017,11,4,3,30,0,0
2017,11,4,4,30,266,62
2017,11,4,5,30,607,254
2017,11,4,6,30,760,444
2017,11,4,7,30,839,596
2017,11,4,8,30,880,691
2017,11,4,9,30,850,711
2017,11,4,10,30,841,671
2017,11,4,11,30,808,568
2017,11,4,12,30,734,410
2017,11,4,13,30,571,215
2017,11,4,14,30,172,33
2017,11,4,15,30,0,0
2017,11,4,16,30,0,0
2017,11,4,17,30,0,0
2017,11,4,18,30,0,0
2017,11,4,19,30,0,0
2017,11,4,20,30,0,0
2017,11,4,21,30,0,0
2017,11,4,22,30,0,0
2017,11,4,23,30,0,0
2017,11,5,0,30,0,0
2017,11,5,1,30,0,0
2017,11,5,2,30,0,0
2017,11,5,3,30,0,0
2017,11,5,4,30,183,55
2017,11,5,5,30,0,98
2017,11,5,6,30,688,430
2017,11,5,7,30,773,581
2017,11,5,8,30,163,423
2017,11,5,9,30,276,505
2017,11,5,10,30,758,652
2017,11,5,11,30,723,551
2017,11,5,12,30,693,401
2017,11,5,13,30,529,209
2017,11,5,14,30,125,30
2017,11,5,15,30,0,0
2017,11,5,16,30,0,0
2017,11,5,17,30,0,0
2017,11,5,18,30,0,0
2017,11,5,19,30,0,0
2017,11,5,20,30,0,0
2017,11,5,21,30,0,0
2017,11,5,22,30,0,0
2017,11,5,23,30,0,0
2017,11,6,0,30,0,0
2017,11,6,1,30,0,0
2017,11,6,2,30,0,0
2017,11,6,3,30,0,0
2017,11,6,4,30,170,54
2017,11,6,5,30,525,240
2017,11,6,6,30,706,430
2017,11,6,7,30,792,580
2017,11,6,8,30,833,675
2017,11,6,9,30,814,697
2017,11,6,10,30,804,658
2017,11,6,11,30,761,553
2017,11,6,12,30,704,399
2017,11,6,13,30,523,206
2017,11,6,14,30,121,29
2017,11,6,15,30,0,0
2017,11,6,16,30,0,0
2017,11,6,17,30,0,0
2017,11,6,18,30,0,0
2017,11,6,19,30,0,0
2017,11,6,20,30,0,0
2017,11,6,21,30,0,0
2017,11,6,22,30,0,0
2017,11,6,23,30,0,0
2017,11,7,0,30,0,0
2017,11,7,1,30,0,0
2017,11,7,2,30,0,0
2017,11,7,3,30,0,0
2017,11,7,4,30,243,55
2017,11,7,5,30,589,243
2017,11,7,6,30,739,432
2017,11,7,7,30,814,583
2017,11,7,8,30,851,675
2017,11,7,9,30,807,692
2017,11,7,10,30,790,651
2017,11,7,11,30,736,543
2017,11,7,12,30,675,390
2017,11,7,13,30,187,140
2017,11,7,14,30,19,19
2017,11,7,15,30,0,0
2017,11,7,16,30,0,0
2017,11,7,17,30,0,0
2017,11,7,18,30,0,0
2017,11,7,19,30,0,0
2017,11,7,20,30,0,0
2017,11,7,21,30,0,0
2017,11,7,22,30,0,0
2017,11,7,23,30,0,0
2017,11,8,0,30,0,0
2017,11,8,1,30,0,0
2017,11,8,2,30,0,0
2017,11,8,3,30,0,0
2017,11,8,4,30,117,46
2017,11,8,5,30,450,223
2017,11,8,6,30,624,406
2017,11,8,7,30,720,554
2017,11,8,8,30,774,649
2017,11,8,9,30,735,669
2017,11,8,10,30,325,487
2017,11,8,11,30,0,135
2017,11,8,12,30,10,152
2017,11,8,13,30,0,15
2017,11,8,14,30,0,3
2017,11,8,15,30,0,0
2017,11,8,16,30,0,0
2017,11,8,17,30,0,0
2017,11,8,18,30,0,0
2017,11,8,19,30,0,0
2017,11,8,20,30,0,0
2017,11,8,21,30,0,0
2017,11,8,22,30,0,0
2017,11,8,23,30,0,0
2017,11,9,0,30,0,0
2017,11,9,1,30,0,0
2017,11,9,2,30,0,0
2017,11,9,3,30,0,0
2017,11,9,4,30,238,51
2017,11,9,5,30,0,35
2017,11,9,6,30,769,431
2017,11,9,7,30,851,586
2017,11,9,8,30,887,679
2017,11,9,9,30,903,708
2017,11,9,10,30,891,668
2017,11,9,11,30,852,562
2017,11,9,12,30,734,396
2017,11,9,13,30,561,202
2017,11,9,14,30,132,25
2017,11,9,15,30,0,0
2017,11,9,16,30,0,0
2017,11,9,17,30,0,0
2017,11,9,18,30,0,0
2017,11,9,19,30,0,0
2017,11,9,20,30,0,0
2017,11,9,21,30,0,0
2017,11,9,22,30,0,0
2017,11,9,23,30,0,0
2017,11,10,0,30,0,0
2017,11,10,1,30,0,0
2017,11,10,2,30,0,0
2017,11,10,3,30,0,0
2017,11,10,4,30,264,50
2017,11,10,5,30,636,241
2017,11,10,6,30,789,433
2017,11,10,7,30,864,585
2017,11,10,8,30,900,680
2017,11,10,9,30,889,704
2017,11,10,10,30,875,663
2017,11,10,11,30,832,557
2017,11,10,12,30,740,395
2017,11,10,13,30,557,200
2017,11,10,14,30,115,24
2017,11,10,15,30,0,0
2017,11,10,16,30,0,0
2017,11,10,17,30,0,0
2017,11,10,18,30,0,0
2017,11,10,19,30,0,0
2017,11,10,20,30,0,0
2017,11,10,21,30,0,0
2017,11,10,22,30,0,0
2017,11,10,23,30,0,0
2017,11,11,0,30,0,0
2017,11,11,1,30,0,0
2017,11,11,2,30,0,0
2017,11,11,3,30,0,0
2017,11,11,4,30,186,46
2017,11,11,5,30,571,231
2017,11,11,6,30,741,421
2017,11,11,7,30,830,574
2017,11,11,8,30,871,668
2017,11,11,9,30,902,701
2017,11,11,10,30,890,661
2017,11,11,11,30,849,555
2017,11,11,12,30,714,388
2017,11,11,13,30,527,195
2017,11,11,14,30,88,22
2017,11,11,15,30,0,0
2017,11,11,16,30,0,0
2017,11,11,17,30,0,0
2017,11,11,18,30,0,0
2017,11,11,19,30,0,0
2017,11,11,20,30,0,0
2017,11,11,21,30,0,0
2017,11,11,22,30,0,0
2017,11,11,23,30,0,0
2017,11,12,0,30,0,0
2017,11,12,1,30,0,0
2017,11,12,2,30,0,0
2017,11,12,3,30,0,0
2017,11,12,4,30,147,42
2017,11,12,5,30,494,220
2017,11,12,6,30,638,401
2017,11,12,7,30,702,546
2017,11,12,8,30,725,636
2017,11,12,9,30,692,654
2017,11,12,10,30,373,494
2017,11,12,11,30,282,384
2017,11,12,12,30,0,61
2017,11,12,13,30,0,70
2017,11,12,14,30,0,10
2017,11,12,15,30,0,0
2017,11,12,16,30,0,0
2017,11,12,17,30,0,0
2017,11,12,18,30,0,0
2017,11,12,19,30,0,0
2017,11,12,20,30,0,0
2017,11,12,21,30,0,0
2017,11,12,22,30,0,0
2017,11,12,23,30,0,0
2017,11,13,0,30,0,0
2017,11,13,1,30,0,0
2017,11,13,2,30,0,0
2017,11,13,3,30,0,0
2017,11,13,4,30,0,17
2017,11,13,5,30,396,206
2017,11,13,6,30,588,391
2017,11,13,7,30,689,540
2017,11,13,8,30,741,635
2017,11,13,9,30,751,663
2017,11,13,10,30,313,468
2017,11,13,11,30,207,351
2017,11,13,12,30,330,286
2017,11,13,13,30,10,85
2017,11,13,14,30,17,15
2017,11,13,15,30,0,0
2017,11,13,16,30,0,0
2017,11,13,17,30,0,0
2017,11,13,18,30,0,0
2017,11,13,19,30,0,0
2017,11,13,20,30,0,0
2017,11,13,21,30,0,0
2017,11,13,22,30,0,0
2017,11,13,23,30,0,0
2017,11,14,0,30,0,0
2017,11,14,1,30,0,0
2017,11,14,2,30,0,0
2017,11,14,3,30,0,0
2017,11,14,4,30,26,26
2017,11,14,5,30,135,136
2017,11,14,6,30,362,312
2017,11,14,7,30,49,258
2017,11,14,8,30,241,441
2017,11,14,9,30,405,531
2017,11,14,10,30,556,541
2017,11,14,11,30,454,434
2017,11,14,12,30,516,356
2017,11,14,13,30,299,168
2017,11,14,14,30,4,11
2017,11,14,15,30,0,0
2017,11,14,16,30,0,0
2017,11,14,17,30,0,0
2017,11,14,18,30,0,0
2017,11,14,19,30,0,0
2017,11,14,20,30,0,0
2017,11,14,21,30,0,0
2017,11,14,22,30,0,0
2017,11,14,23,30,0,0
2017,11,15,0,30,0,0
2017,11,15,1,30,0,0
2017,11,15,2,30,0,0
2017,11,15,3,30,0,0
2017,11,15,4,30,54,31
2017,11,15,5,30,418,204
2017,11,15,6,30,615,391
2017,11,15,7,30,716,542
2017,11,15,8,30,768,638
2017,11,15,9,30,803,673
2017,11,15,10,30,792,634
2017,11,15,11,30,747,529
2017,11,15,12,30,676,375
2017,11,15,13,30,467,182
2017,11,15,14,30,37,16
2017,11,15,15,30,0,0
2017,11,15,16,30,0,0
2017,11,15,17,30,0,0
2017,11,15,18,30,0,0
2017,11,15,19,30,0,0
2017,11,15,20,30,0,0
2017,11,15,21,30,0,0
2017,11,15,22,30,0,0
2017,11,15,23,30,0,0
2017,11,16,0,30,0,0
2017,11,16,1,30,0,0
2017,11,16,2,30,0,0
2017,11,16,3,30,0,0
2017,11,16,4,30,0,17
2017,11,16,5,30,69,116
2017,11,16,6,30,773,412
2017,11,16,7,30,854,565
2017,11,16,8,30,891,660
2017,11,16,9,30,841,677
2017,11,16,10,30,830,638
2017,11,16,11,30,786,534
2017,11,16,12,30,668,372
2017,11,16,13,30,462,180
2017,11,16,14,30,33,16
2017,11,16,15,30,0,0
2017,11,16,16,30,0,0
2017,11,16,17,30,0,0
2017,11,16,18,30,0,0
2017,11,16,19,30,0,0
2017,11,16,20,30,0,0
2017,11,16,21,30,0,0
2017,11,16,22,30,0,0
2017,11,16,23,30,0,0
2017,11,17,0,30,0,0
2017,11,17,1,30,0,0
2017,11,17,2,30,0,0
2017,11,17,3,30,0,0
2017,11,17,4,30,0,16
2017,11,17,5,30,67,113
2017,11,17,6,30,149,239
2017,11,17,7,30,200,352
2017,11,17,8,30,814,637
2017,11,17,9,30,788,657
2017,11,17,10,30,762,616
2017,11,17,11,30,700,511
2017,11,17,12,30,575,353
2017,11,17,13,30,350,166
2017,11,17,14,30,8,11
2017,11,17,15,30,0,0
2017,11,17,16,30,0,0
2017,11,17,17,30,0,0
2017,11,17,18,30,0,0
2017,11,17,19,30,0,0
2017,11,17,20,30,0,0
2017,11,17,21,30,0,0
2017,11,17,22,30,0,0
2017,11,17,23,30,0,0
2017,11,18,0,30,0,0
2017,11,18,1,30,0,0
2017,11,18,2,30,0,0
2017,11,18,3,30,0,0
2017,11,18,4,30,10,21
2017,11,18,5,30,54,108
2017,11,18,6,30,385,306
2017,11,18,7,30,311,393
2017,11,18,8,30,280,448
2017,11,18,9,30,69,330
2017,11,18,10,30,32,262
2017,11,18,11,30,146,312
2017,11,18,12,30,0,79
2017,11,18,13,30,0,10
2017,11,18,14,30,0,2
2017,11,18,15,30,0,0
2017,11,18,16,30,0,0
2017,11,18,17,30,0,0
2017,11,18,18,30,0,0
2017,11,18,19,30,0,0
2017,11,18,20,30,0,0
2017,11,18,21,30,0,0
2017,11,18,22,30,0,0
2017,11,18,23,30,0,0
2017,11,19,0,30,0,0
2017,11,19,1,30,0,0
2017,11,19,2,30,0,0
2017,11,19,3,30,0,0
2017,11,19,4,30,0,3
2017,11,19,5,30,275,177
2017,11,19,6,30,15,155
2017,11,19,7,30,628,505
2017,11,19,8,30,150,378
2017,11,19,9,30,683,626
2017,11,19,10,30,674,590
2017,11,19,11,30,623,490
2017,11,19,12,30,527,340
2017,11,19,13,30,312,159
2017,11,19,14,30,4,10
2017,11,19,15,30,0,0
2017,11,19,16,30,0,0
2017,11,19,17,30,0,0
2017,11,19,18,30,0,0
2017,11,19,19,30,0,0
2017,11,19,20,30,0,0
2017,11,19,21,30,0,0
2017,11,19,22,30,0,0
2017,11,19,23,30,0,0
2017,11,20,0,30,0,0
2017,11,20,1,30,0,0
2017,11,20,2,30,0,0
2017,11,20,3,30,0,0
2017,11,20,4,30,0,18
2017,11,20,5,30,111,120
2017,11,20,6,30,530,356
2017,11,20,7,30,632,500
2017,11,20,8,30,685,593
2017,11,20,9,30,379,503
2017,11,20,10,30,751,597
2017,11,20,11,30,165,318
2017,11,20,12,30,0,112
2017,11,20,13,30,384,163
2017,11,20,14,30,15,12
2017,11,20,15,30,0,0
2017,11,20,16,30,0,0
2017,11,20,17,30,0,0
2017,11,20,18,30,0,0
2017,11,20,19,30,0,0
2017,11,20,20,30,0,0
2017,11,20,21,30,0,0
2017,11,20,22,30,0,0
2017,11,20,23,30,0,0
2017,11,21,0,30,0,0
2017,11,21,1,30,0,0
2017,11,21,2,30,0,0
2017,11,21,3,30,0,0
2017,11,21,4,30,57,24
2017,11,21,5,30,433,185
2017,11,21,6,30,641,368
2017,11,21,7,30,0,26
2017,11,21,8,30,0,94
2017,11,21,9,30,0,97
2017,11,21,10,30,0,90
2017,11,21,11,30,0,46
2017,11,21,12,30,0,56
2017,11,21,13,30,340,160
2017,11,21,14,30,12,12
2017,11,21,15,30,0,0
2017,11,21,16,30,0,0
2017,11,21,17,30,0,0
2017,11,21,18,30,0,0
2017,11,21,19,30,0,0
2017,11,21,20,30,0,0
2017,11,21,21,30,0,0
2017,11,21,22,30,0,0
2017,11,21,23,30,0,0
2017,11,22,0,30,0,0
2017,11,22,1,30,0,0
2017,11,22,2,30,0,0
2017,11,22,3,30,0,0
2017,11,22,4,30,0,3
2017,11,22,5,30,0,14
2017,11,22,6,30,23,159
2017,11,22,7,30,746,517
2017,11,22,8,30,3,180
2017,11,22,9,30,4,186
2017,11,22,10,30,0,54
2017,11,22,11,30,0,111
2017,11,22,12,30,88,193
2017,11,22,13,30,0,34
2017,11,22,14,30,28,13
2017,11,22,15,30,0,0
2017,11,22,16,30,0,0
2017,11,22,17,30,0,0
2017,11,22,18,30,0,0
2017,11,22,19,30,0,0
2017,11,22,20,30,0,0
2017,11,22,21,30,0,0
2017,11,22,22,30,0,0
2017,11,22,23,30,0,0
2017,11,23,0,30,0,0
2017,11,23,1,30,0,0
2017,11,23,2,30,0,0
2017,11,23,3,30,0,0
2017,11,23,4,30,107,23
2017,11,23,5,30,61,102
2017,11,23,6,30,720,374
2017,11,23,7,30,148,312
2017,11,23,8,30,848,617
2017,11,23,9,30,351,485
2017,11,23,10,30,237,411
2017,11,23,11,30,0,44
2017,11,23,12,30,0,28
2017,11,23,13,30,525,172
2017,11,23,14,30,74,14
2017,11,23,15,30,0,0
2017,11,23,16,30,0,0
2017,11,23,17,30,0,0
2017,11,23,18,30,0,0
2017,11,23,19,30,0,0
2017,11,23,20,30,0,0
2017,11,23,21,30,0,0
2017,11,23,22,30,0,0
2017,11,23,23,30,0,0
2017,11,24,0,30,0,0
2017,11,24,1,30,0,0
2017,11,24,2,30,0,0
2017,11,24,3,30,0,0
2017,11,24,4,30,164,23
2017,11,24,5,30,597,193
2017,11,24,6,30,765,377
2017,11,24,7,30,848,526
2017,11,24,8,30,891,622
2017,11,24,9,30,321,470
2017,11,24,10,30,250,415
2017,11,24,11,30,818,512
2017,11,24,12,30,727,358
2017,11,24,13,30,532,172
2017,11,24,14,30,78,14
2017,11,24,15,30,0,0
2017,11,24,16,30,0,0
2017,11,24,17,30,0,0
2017,11,24,18,30,0,0
2017,11,24,19,30,0,0
2017,11,24,20,30,0,0
2017,11,24,21,30,0,0
2017,11,24,22,30,0,0
2017,11,24,23,30,0,0
2017,11,25,0,30,0,0
2017,11,25,1,30,0,0
2017,11,25,2,30,0,0
2017,11,25,3,30,0,0
2017,11,25,4,30,143,21
2017,11,25,5,30,0,41
2017,11,25,6,30,0,88
2017,11,25,7,30,3,167
2017,11,25,8,30,363,461
2017,11,25,9,30,878,647
2017,11,25,10,30,865,611
2017,11,25,11,30,820,510
2017,11,25,12,30,0,52
2017,11,25,13,30,65,93
2017,11,25,14,30,52,13
2017,11,25,15,30,0,0
2017,11,25,16,30,0,0
2017,11,25,17,30,0,0
2017,11,25,18,30,0,0
2017,11,25,19,30,0,0
2017,11,25,20,30,0,0
2017,11,25,21,30,0,0
2017,11,25,22,30,0,0
2017,11,25,23,30,0,0
2017,11,26,0,30,0,0
2017,11,26,1,30,0,0
2017,11,26,2,30,0,0
2017,11,26,3,30,0,0
2017,11,26,4,30,55,17
2017,11,26,5,30,479,175
2017,11,26,6,30,670,354
2017,11,26,7,30,760,500
2017,11,26,8,30,803,594
2017,11,26,9,30,811,623
2017,11,26,10,30,191,383
2017,11,26,11,30,730,487
2017,11,26,12,30,28,154
2017,11,26,13,30,0,12
2017,11,26,14,30,19,11
2017,11,26,15,30,0,0
2017,11,26,16,30,0,0
2017,11,26,17,30,0,0
2017,11,26,18,30,0,0
2017,11,26,19,30,0,0
2017,11,26,20,30,0,0
2017,11,26,21,30,0,0
2017,11,26,22,30,0,0
2017,11,26,23,30,0,0
2017,11,27,0,30,0,0
2017,11,27,1,30,0,0
2017,11,27,2,30,0,0
2017,11,27,3,30,0,0
2017,11,27,4,30,43,15
2017,11,27,5,30,439,169
2017,11,27,6,30,647,347
2017,11,27,7,30,763,497
2017,11,27,8,30,817,593
2017,11,27,9,30,748,610
2017,11,27,10,30,736,576
2017,11,27,11,30,694,482
2017,11,27,12,30,567,331
2017,11,27,13,30,353,154
2017,11,27,14,30,9,9
2017,11,27,15,30,0,0
2017,11,27,16,30,0,0
2017,11,27,17,30,0,0
2017,11,27,18,30,0,0
2017,11,27,19,30,0,0
2017,11,27,20,30,0,0
2017,11,27,21,30,0,0
2017,11,27,22,30,0,0
2017,11,27,23,30,0,0
2017,11,28,0,30,0,0
2017,11,28,1,30,0,0
2017,11,28,2,30,0,0
2017,11,28,3,30,0,0
2017,11,28,4,30,16,12
2017,11,28,5,30,365,162
2017,11,28,6,30,579,339
2017,11,28,7,30,686,486
2017,11,28,8,30,737,581
2017,11,28,9,30,765,615
2017,11,28,10,30,751,581
2017,11,28,11,30,699,483
2017,11,28,12,30,643,340
2017,11,28,13,30,429,159
2017,11,28,14,30,17,10
2017,11,28,15,30,0,0
2017,11,28,16,30,0,0
2017,11,28,17,30,0,0
2017,11,28,18,30,0,0
2017,11,28,19,30,0,0
2017,11,28,20,30,0,0
2017,11,28,21,30,0,0
2017,11,28,22,30,0,0
2017,11,28,23,30,0,0
2017,11,29,0,30,0,0
2017,11,29,1,30,0,0
2017,11,29,2,30,0,0
2017,11,29,3,30,0,0
2017,11,29,4,30,23,12
2017,11,29,5,30,408,162
2017,11,29,6,30,614,340
2017,11,29,7,30,721,487
2017,11,29,8,30,780,584
2017,11,29,9,30,782,615
2017,11,29,10,30,776,581
2017,11,29,11,30,738,487
2017,11,29,12,30,0,41
2017,11,29,13,30,448,160
2017,11,29,14,30,29,11
2017,11,29,15,30,0,0
2017,11,29,16,30,0,0
2017,11,29,17,30,0,0
2017,11,29,18,30,0,0
2017,11,29,19,30,0,0
2017,11,29,20,30,0,0
2017,11,29,21,30,0,0
2017,11,29,22,30,0,0
2017,11,29,23,30,0,0
2017,11,30,0,30,0,0
2017,11,30,1,30,0,0
2017,11,30,2,30,0,0
2017,11,30,3,30,0,0
2017,11,30,4,30,84,14
2017,11,30,5,30,557,173
2017,11,30,6,30,744,356
2017,11,30,7,30,838,507
2017,11,30,8,30,881,603
2017,11,30,9,30,14,223
2017,11,30,10,30,159,360
2017,11,30,11,30,2,162
2017,11,30,12,30,205,228
2017,11,30,13,30,0,34
2017,11,30,14,30,112,13
2017,11,30,15,30,0,0
2017,11,30,16,30,0,0
2017,11,30,17,30,0,0
2017,11,30,18,30,0,0
2017,11,30,19,30,0,0
2017,11,30,20,30,0,0
2017,11,30,21,30,0,0
2017,11,30,22,30,0,0
2017,11,30,23,30,0,0
2017,12,1,0,30,0,0
2017,12,1,1,30,0,0
2017,12,1,2,30,0,0
2017,12,1,3,30,0,0
2017,12,1,4,30,37,12
2017,12,1,5,30,491,167
2017,12,1,6,30,688,350
2017,12,1,7,30,774,499
2017,12,1,8,30,805,592
2017,12,1,9,30,808,623
2017,12,1,10,30,782,586
2017,12,1,11,30,725,487
2017,12,1,12,30,660,343
2017,12,1,13,30,448,161
2017,12,1,14,30,18,10
2017,12,1,15,30,0,0
2017,12,1,16,30,0,0
2017,12,1,17,30,0,0
2017,12,1,18,30,0,0
2017,12,1,19,30,0,0
2017,12,1,20,30,0,0
2017,12,1,21,30,0,0
2017,12,1,22,30,0,0
2017,12,1,23,30,0,0
2017,12,2,0,30,0,0
2017,12,2,1,30,0,0
2017,12,2,2,30,0,0
2017,12,2,3,30,0,0
2017,12,2,4,30,20,10
2017,12,2,5,30,463,161
2017,12,2,6,30,671,343
2017,12,2,7,30,769,494
2017,12,2,8,30,818,592
2017,12,2,9,30,835,626
2017,12,2,10,30,831,594
2017,12,2,11,30,790,498
2017,12,2,12,30,657,341
2017,12,2,13,30,450,160
2017,12,2,14,30,18,10
2017,12,2,15,30,0,0
2017,12,2,16,30,0,0
2017,12,2,17,30,0,0
2017,12,2,18,30,0,0
2017,12,2,19,30,0,0
2017,12,2,20,30,0,0
2017,12,2,21,30,0,0
2017,12,2,22,30,0,0
2017,12,2,23,30,0,0
2017,12,3,0,30,0,0
2017,12,3,1,30,0,0
2017,12,3,2,30,0,0
2017,12,3,3,30,0,0
2017,12,3,4,30,0,0
2017,12,3,5,30,509,164
2017,12,3,6,30,725,351
2017,12,3,7,30,824,504
2017,12,3,8,30,873,603
2017,12,3,9,30,904,641
2017,12,3,10,30,896,609
2017,12,3,11,30,857,511
2017,12,3,12,30,768,359
2017,12,3,13,30,579,173
2017,12,3,14,30,73,12
2017,12,3,15,30,0,0
2017,12,3,16,30,0,0
2017,12,3,17,30,0,0
2017,12,3,18,30,0,0
2017,12,3,19,30,0,0
2017,12,3,20,30,0,0
2017,12,3,21,30,0,0
2017,12,3,22,30,0,0
2017,12,3,23,30,0,0
2017,12,4,0,30,0,0
2017,12,4,1,30,0,0
2017,12,4,2,30,0,0
2017,12,4,3,30,0,0
2017,12,4,4,30,0,0
2017,12,4,5,30,557,167
2017,12,4,6,30,755,353
2017,12,4,7,30,847,507
2017,12,4,8,30,888,605
2017,12,4,9,30,918,642
2017,12,4,10,30,906,609
2017,12,4,11,30,862,511
2017,12,4,12,30,738,353
2017,12,4,13,30,526,167
2017,12,4,14,30,42,12
2017,12,4,15,30,0,0
2017,12,4,16,30,0,0
2017,12,4,17,30,0,0
2017,12,4,18,30,0,0
2017,12,4,19,30,0,0
2017,12,4,20,30,0,0
2017,12,4,21,30,0,0
2017,12,4,22,30,0,0
2017,12,4,23,30,0,0
2017,12,5,0,30,0,0
2017,12,5,1,30,0,0
2017,12,5,2,30,0,0
2017,12,5,3,30,0,0
2017,12,5,4,30,0,0
2017,12,5,5,30,0,35
2017,12,5,6,30,10,133
2017,12,5,7,30,230,324
2017,12,5,8,30,279,408
2017,12,5,9,30,260,424
2017,12,5,10,30,182,366
2017,12,5,11,30,601,459
2017,12,5,12,30,80,181
2017,12,5,13,30,0,19
2017,12,5,14,30,1,5
2017,12,5,15,30,0,0
2017,12,5,16,30,0,0
2017,12,5,17,30,0,0
2017,12,5,18,30,0,0
2017,12,5,19,30,0,0
2017,12,5,20,30,0,0
2017,12,5,21,30,0,0
2017,12,5,22,30,0,0
2017,12,5,23,30,0,0
2017,12,6,0,30,0,0
2017,12,6,1,30,0,0
2017,12,6,2,30,0,0
2017,12,6,3,30,0,0
2017,12,6,4,30,0,0
2017,12,6,5,30,0,7
2017,12,6,6,30,0,80
2017,12,6,7,30,0,41
2017,12,6,8,30,0,93
2017,12,6,9,30,0,76
2017,12,6,10,30,0,124
2017,12,6,11,30,0,126
2017,12,6,12,30,0,36
2017,12,6,13,30,392,155
2017,12,6,14,30,11,10
2017,12,6,15,30,0,0
2017,12,6,16,30,0,0
2017,12,6,17,30,0,0
2017,12,6,18,30,0,0
2017,12,6,19,30,0,0
2017,12,6,20,30,0,0
2017,12,6,21,30,0,0
2017,12,6,22,30,0,0
2017,12,6,23,30,0,0
2017,12,7,0,30,0,0
2017,12,7,1,30,0,0
2017,12,7,2,30,0,0
2017,12,7,3,30,0,0
2017,12,7,4,30,0,0
2017,12,7,5,30,565,160
2017,12,7,6,30,775,348
2017,12,7,7,30,865,499
2017,12,7,8,30,911,600
2017,12,7,9,30,0,160
2017,12,7,10,30,4,182
2017,12,7,11,30,114,273
2017,12,7,12,30,0,99
2017,12,7,13,30,578,172
2017,12,7,14,30,79,13
2017,12,7,15,30,0,0
2017,12,7,16,30,0,0
2017,12,7,17,30,0,0
2017,12,7,18,30,0,0
2017,12,7,19,30,0,0
2017,12,7,20,30,0,0
2017,12,7,21,30,0,0
2017,12,7,22,30,0,0
2017,12,7,23,30,0,0
2017,12,8,0,30,0,0
2017,12,8,1,30,0,0
2017,12,8,2,30,0,0
2017,12,8,3,30,0,0
2017,12,8,4,30,0,0
2017,12,8,5,30,557,156
2017,12,8,6,30,768,342
2017,12,8,7,30,865,497
2017,12,8,8,30,913,598
2017,12,8,9,30,917,633
2017,12,8,10,30,916,606
2017,12,8,11,30,880,511
2017,12,8,12,30,785,359
2017,12,8,13,30,604,175
2017,12,8,14,30,107,14
2017,12,8,15,30,0,0
2017,12,8,16,30,0,0
2017,12,8,17,30,0,0
2017,12,8,18,30,0,0
2017,12,8,19,30,0,0
2017,12,8,20,30,0,0
2017,12,8,21,30,0,0
2017,12,8,22,30,0,0
2017,12,8,23,30,0,0
2017,12,9,0,30,0,0
2017,12,9,1,30,0,0
2017,12,9,2,30,0,0
2017,12,9,3,30,0,0
2017,12,9,4,30,0,0
2017,12,9,5,30,625,162
2017,12,9,6,30,817,351
2017,12,9,7,30,903,506
2017,12,9,8,30,937,605
2017,12,9,9,30,933,639
2017,12,9,10,30,918,607
2017,12,9,11,30,864,508
2017,12,9,12,30,741,353
2017,12,9,13,30,522,168
2017,12,9,14,30,47,12
2017,12,9,15,30,0,0
2017,12,9,16,30,0,0
2017,12,9,17,30,0,0
2017,12,9,18,30,0,0
2017,12,9,19,30,0,0
2017,12,9,20,30,0,0
2017,12,9,21,30,0,0
2017,12,9,22,30,0,0
2017,12,9,23,30,0,0
2017,12,10,0,30,0,0
2017,12,10,1,30,0,0
2017,12,10,2,30,0,0
2017,12,10,3,30,0,0
2017,12,10,4,30,0,0
2017,12,10,5,30,88,85
2017,12,10,6,30,185,207
2017,12,10,7,30,808,485
2017,12,10,8,30,846,584
2017,12,10,9,30,888,625
2017,12,10,10,30,276,405
2017,12,10,11,30,165,298
2017,12,10,12,30,240,234
2017,12,10,13,30,0,70
2017,12,10,14,30,50,13
2017,12,10,15,30,0,0
2017,12,10,16,30,0,0
2017,12,10,17,30,0,0
2017,12,10,18,30,0,0
2017,12,10,19,30,0,0
2017,12,10,20,30,0,0
2017,12,10,21,30,0,0
2017,12,10,22,30,0,0
2017,12,10,23,30,0,0
2017,12,11,0,30,0,0
2017,12,11,1,30,0,0
2017,12,11,2,30,0,0
2017,12,11,3,30,0,0
2017,12,11,4,30,0,0
2017,12,11,5,30,507,145
2017,12,11,6,30,0,98
2017,12,11,7,30,831,484
2017,12,11,8,30,877,585
2017,12,11,9,30,268,420
2017,12,11,10,30,886,595
2017,12,11,11,30,846,502
2017,12,11,12,30,343,259
2017,12,11,13,30,0,60
2017,12,11,14,30,66,13
2017,12,11,15,30,0,0
2017,12,11,16,30,0,0
2017,12,11,17,30,0,0
2017,12,11,18,30,0,0
2017,12,11,19,30,0,0
2017,12,11,20,30,0,0
2017,12,11,21,30,0,0
2017,12,11,22,30,0,0
2017,12,11,23,30,0,0
2017,12,12,0,30,0,0
2017,12,12,1,30,0,0
2017,12,12,2,30,0,0
2017,12,12,3,30,0,0
2017,12,12,4,30,0,0
2017,12,12,5,30,374,134
2017,12,12,6,30,608,312
2017,12,12,7,30,719,463
2017,12,12,8,30,776,564
2017,12,12,9,30,808,606
2017,12,12,10,30,267,400
2017,12,12,11,30,239,328
2017,12,12,12,30,51,165
2017,12,12,13,30,0,19
2017,12,12,14,30,4,9
2017,12,12,15,30,0,0
2017,12,12,16,30,0,0
2017,12,12,17,30,0,0
2017,12,12,18,30,0,0
2017,12,12,19,30,0,0
2017,12,12,20,30,0,0
2017,12,12,21,30,0,0
2017,12,12,22,30,0,0
2017,12,12,23,30,0,0
2017,12,13,0,30,0,0
2017,12,13,1,30,0,0
2017,12,13,2,30,0,0
2017,12,13,3,30,0,0
2017,12,13,4,30,0,0
2017,12,13,5,30,193,116
2017,12,13,6,30,0,24
2017,12,13,7,30,0,128
2017,12,13,8,30,9,193
2017,12,13,9,30,410,472
2017,12,13,10,30,26,233
2017,12,13,11,30,0,113
2017,12,13,12,30,0,79
2017,12,13,13,30,281,148
2017,12,13,14,30,4,9
2017,12,13,15,30,0,0
2017,12,13,16,30,0,0
2017,12,13,17,30,0,0
2017,12,13,18,30,0,0
2017,12,13,19,30,0,0
2017,12,13,20,30,0,0
2017,12,13,21,30,0,0
2017,12,13,22,30,0,0
2017,12,13,23,30,0,0
2017,12,14,0,30,0,0
2017,12,14,1,30,0,0
2017,12,14,2,30,0,0
2017,12,14,3,30,0,0
2017,12,14,4,30,0,0
2017,12,14,5,30,346,128
2017,12,14,6,30,599,305
2017,12,14,7,30,201,299
2017,12,14,8,30,116,316
2017,12,14,9,30,806,597
2017,12,14,10,30,808,572
2017,12,14,11,30,27,203
2017,12,14,12,30,48,164
2017,12,14,13,30,495,166
2017,12,14,14,30,51,14
2017,12,14,15,30,0,0
2017,12,14,16,30,0,0
2017,12,14,17,30,0,0
2017,12,14,18,30,0,0
2017,12,14,19,30,0,0
2017,12,14,20,30,0,0
2017,12,14,21,30,0,0
2017,12,14,22,30,0,0
2017,12,14,23,30,0,0
2017,12,15,0,30,0,0
2017,12,15,1,30,0,0
2017,12,15,2,30,0,0
2017,12,15,3,30,0,0
2017,12,15,4,30,0,0
2017,12,15,5,30,434,131
2017,12,15,6,30,664,309
2017,12,15,7,30,765,460
2017,12,15,8,30,813,560
2017,12,15,9,30,146,357
2017,12,15,10,30,5,182
2017,12,15,11,30,0,132
2017,12,15,12,30,0,125
2017,12,15,13,30,463,165
2017,12,15,14,30,57,14
2017,12,15,15,30,0,0
2017,12,15,16,30,0,0
2017,12,15,17,30,0,0
2017,12,15,18,30,0,0
2017,12,15,19,30,0,0
2017,12,15,20,30,0,0
2017,12,15,21,30,0,0
2017,12,15,22,30,0,0
2017,12,15,23,30,0,0
2017,12,16,0,30,0,0
2017,12,16,1,30,0,0
2017,12,16,2,30,0,0
2017,12,16,3,30,0,0
2017,12,16,4,30,0,0
2017,12,16,5,30,439,130
2017,12,16,6,30,682,310
2017,12,16,7,30,798,464
2017,12,16,8,30,859,569
2017,12,16,9,30,861,606
2017,12,16,10,30,857,581
2017,12,16,11,30,822,494
2017,12,16,12,30,684,342
2017,12,16,13,30,487,166
2017,12,16,14,30,47,14
2017,12,16,15,30,0,0
2017,12,16,16,30,0,0
2017,12,16,17,30,0,0
2017,12,16,18,30,0,0
2017,12,16,19,30,0,0
2017,12,16,20,30,0,0
2017,12,16,21,30,0,0
2017,12,16,22,30,0,0
2017,12,16,23,30,0,0
2017,12,17,0,30,0,0
2017,12,17,1,30,0,0
2017,12,17,2,30,0,0
2017,12,17,3,30,0,0
2017,12,17,4,30,0,0
2017,12,17,5,30,399,124
2017,12,17,6,30,634,300
2017,12,17,7,30,747,451
2017,12,17,8,30,799,551
2017,12,17,9,30,841,595
2017,12,17,10,30,830,569
2017,12,17,11,30,214,319
2017,12,17,12,30,226,233
2017,12,17,13,30,130,107
2017,12,17,14,30,64,15
2017,12,17,15,30,0,0
2017,12,17,16,30,0,0
2017,12,17,17,30,0,0
2017,12,17,18,30,0,0
2017,12,17,19,30,0,0
2017,12,17,20,30,0,0
2017,12,17,21,30,0,0
2017,12,17,22,30,0,0
2017,12,17,23,30,0,0
2017,12,18,0,30,0,0
2017,12,18,1,30,0,0
2017,12,18,2,30,0,0
2017,12,18,3,30,0,0
2017,12,18,4,30,0,0
2017,12,18,5,30,0,32
2017,12,18,6,30,0,86
2017,12,18,7,30,0,91
2017,12,18,8,30,0,92
2017,12,18,9,30,0,88
2017,12,18,10,30,151,344
2017,12,18,11,30,300,350
2017,12,18,12,30,0,14
2017,12,18,13,30,0,69
2017,12,18,14,30,2,5
2017,12,18,15,30,0,0
2017,12,18,16,30,0,0
2017,12,18,17,30,0,0
2017,12,18,18,30,0,0
2017,12,18,19,30,0,0
2017,12,18,20,30,0,0
2017,12,18,21,30,0,0
2017,12,18,22,30,0,0
2017,12,18,23,30,0,0
2017,12,19,0,30,0,0
2017,12,19,1,30,0,0
2017,12,19,2,30,0,0
2017,12,19,3,30,0,0
2017,12,19,4,30,0,0
2017,12,19,5,30,0,31
2017,12,19,6,30,0,13
2017,12,19,7,30,0,144
2017,12,19,8,30,0,73
2017,12,19,9,30,295,427
2017,12,19,10,30,155,346
2017,12,19,11,30,77,250
2017,12,19,12,30,13,140
2017,12,19,13,30,0,18
2017,12,19,14,30,0,4
2017,12,19,15,30,0,0
2017,12,19,16,30,0,0
2017,12,19,17,30,0,0
2017,12,19,18,30,0,0
2017,12,19,19,30,0,0
2017,12,19,20,30,0,0
2017,12,19,21,30,0,0
2017,12,19,22,30,0,0
2017,12,19,23,30,0,0
2017,12,20,0,30,0,0
2017,12,20,1,30,0,0
2017,12,20,2,30,0,0
2017,12,20,3,30,0,0
2017,12,20,4,30,0,0
2017,12,20,5,30,0,13
2017,12,20,6,30,0,80
2017,12,20,7,30,151,273
2017,12,20,8,30,38,244
2017,12,20,9,30,97,322
2017,12,20,10,30,96,308
2017,12,20,11,30,58,235
2017,12,20,12,30,80,183
2017,12,20,13,30,0,38
2017,12,20,14,30,0,6
2017,12,20,15,30,0,0
2017,12,20,16,30,0,0
2017,12,20,17,30,0,0
2017,12,20,18,30,0,0
2017,12,20,19,30,0,0
2017,12,20,20,30,0,0
2017,12,20,21,30,0,0
2017,12,20,22,30,0,0
2017,12,20,23,30,0,0
2017,12,21,0,30,0,0
2017,12,21,1,30,0,0
2017,12,21,2,30,0,0
2017,12,21,3,30,0,0
2017,12,21,4,30,0,0
2017,12,21,5,30,0,35
2017,12,21,6,30,0,36
2017,12,21,7,30,0,112
2017,12,21,8,30,215,364
2017,12,21,9,30,342,445
2017,12,21,10,30,101,312
2017,12,21,11,30,204,317
2017,12,21,12,30,89,188
2017,12,21,13,30,0,66
2017,12,21,14,30,10,9
2017,12,21,15,30,0,0
2017,12,21,16,30,0,0
2017,12,21,17,30,0,0
2017,12,21,18,30,0,0
2017,12,21,19,30,0,0
2017,12,21,20,30,0,0
2017,12,21,21,30,0,0
2017,12,21,22,30,0,0
2017,12,21,23,30,0,0
2017,12,22,0,30,0,0
2017,12,22,1,30,0,0
2017,12,22,2,30,0,0
2017,12,22,3,30,0,0
2017,12,22,4,30,0,0
2017,12,22,5,30,0,46
2017,12,22,6,30,0,85
2017,12,22,7,30,143,268
2017,12,22,8,30,72,279
2017,12,22,9,30,58,286
2017,12,22,10,30,65,282
2017,12,22,11,30,80,253
2017,12,22,12,30,0,126
2017,12,22,13,30,0,30
2017,12,22,14,30,0,5
2017,12,22,15,30,0,0
2017,12,22,16,30,0,0
2017,12,22,17,30,0,0
2017,12,22,18,30,0,0
2017,12,22,19,30,0,0
2017,12,22,20,30,0,0
2017,12,22,21,30,0,0
2017,12,22,22,30,0,0
2017,12,22,23,30,0,0
2017,12,23,0,30,0,0
2017,12,23,1,30,0,0
2017,12,23,2,30,0,0
2017,12,23,3,30,0,0
2017,12,23,4,30,0,0
2017,12,23,5,30,0,8
2017,12,23,6,30,0,33
2017,12,23,7,30,0,124
2017,12,23,8,30,79,285
2017,12,23,9,30,353,449
2017,12,23,10,30,300,414
2017,12,23,11,30,114,276
2017,12,23,12,30,299,293
2017,12,23,13,30,29,87
2017,12,23,14,30,0,4
2017,12,23,15,30,0,0
2017,12,23,16,30,0,0
2017,12,23,17,30,0,0
2017,12,23,18,30,0,0
2017,12,23,19,30,0,0
2017,12,23,20,30,0,0
2017,12,23,21,30,0,0
2017,12,23,22,30,0,0
2017,12,23,23,30,0,0
2017,12,24,0,30,0,0
2017,12,24,1,30,0,0
2017,12,24,2,30,0,0
2017,12,24,3,30,0,0
2017,12,24,4,30,0,0
2017,12,24,5,30,0,36
2017,12,24,6,30,0,91
2017,12,24,7,30,10,167
2017,12,24,8,30,22,218
2017,12,24,9,30,20,230
2017,12,24,10,30,28,236
2017,12,24,11,30,24,200
2017,12,24,12,30,0,123
2017,12,24,13,30,86,103
2017,12,24,14,30,3,12
2017,12,24,15,30,0,0
2017,12,24,16,30,0,0
2017,12,24,17,30,0,0
2017,12,24,18,30,0,0
2017,12,24,19,30,0,0
2017,12,24,20,30,0,0
2017,12,24,21,30,0,0
2017,12,24,22,30,0,0
2017,12,24,23,30,0,0
2017,12,25,0,30,0,0
2017,12,25,1,30,0,0
2017,12,25,2,30,0,0
2017,12,25,3,30,0,0
2017,12,25,4,30,0,0
2017,12,25,5,30,0,9
2017,12,25,6,30,0,22
2017,12,25,7,30,0,38
2017,12,25,8,30,0,93
2017,12,25,9,30,22,234
2017,12,25,10,30,812,579
2017,12,25,11,30,809,501
2017,12,25,12,30,0,63
2017,12,25,13,30,0,29
2017,12,25,14,30,103,22
2017,12,25,15,30,0,0
2017,12,25,16,30,0,0
2017,12,25,17,30,0,0
2017,12,25,18,30,0,0
2017,12,25,19,30,0,0
2017,12,25,20,30,0,0
2017,12,25,21,30,0,0
2017,12,25,22,30,0,0
2017,12,25,23,30,0,0
2017,12,26,0,30,0,0
2017,12,26,1,30,0,0
2017,12,26,2,30,0,0
2017,12,26,3,30,0,0
2017,12,26,4,30,0,0
2017,12,26,5,30,544,126
2017,12,26,6,30,775,313
2017,12,26,7,30,876,473
2017,12,26,8,30,923,582
2017,12,26,9,30,932,626
2017,12,26,10,30,923,605
2017,12,26,11,30,885,518
2017,12,26,12,30,806,376
2017,12,26,13,30,637,195
2017,12,26,14,30,196,25
2017,12,26,15,30,0,0
2017,12,26,16,30,0,0
2017,12,26,17,30,0,0
2017,12,26,18,30,0,0
2017,12,26,19,30,0,0
2017,12,26,20,30,0,0
2017,12,26,21,30,0,0
2017,12,26,22,30,0,0
2017,12,26,23,30,0,0
2017,12,27,0,30,0,0
2017,12,27,1,30,0,0
2017,12,27,2,30,0,0
2017,12,27,3,30,0,0
2017,12,27,4,30,0,0
2017,12,27,5,30,466,121
2017,12,27,6,30,0,67
2017,12,27,7,30,205,291
2017,12,27,8,30,405,433
2017,12,27,9,30,0,93
2017,12,27,10,30,63,282
2017,12,27,11,30,122,283
2017,12,27,12,30,50,173
2017,12,27,13,30,0,28
2017,12,27,14,30,0,6
2017,12,27,15,30,0,0
2017,12,27,16,30,0,0
2017,12,27,17,30,0,0
2017,12,27,18,30,0,0
2017,12,27,19,30,0,0
2017,12,27,20,30,0,0
2017,12,27,21,30,0,0
2017,12,27,22,30,0,0
2017,12,27,23,30,0,0
2017,12,28,0,30,0,0
2017,12,28,1,30,0,0
2017,12,28,2,30,0,0
2017,12,28,3,30,0,0
2017,12,28,4,30,0,0
2017,12,28,5,30,0,42
2017,12,28,6,30,493,272
2017,12,28,7,30,465,367
2017,12,28,8,30,0,56
2017,12,28,9,30,0,100
2017,12,28,10,30,12,204
2017,12,28,11,30,0,135
2017,12,28,12,30,0,61
2017,12,28,13,30,0,10
2017,12,28,14,30,0,4
2017,12,28,15,30,0,0
2017,12,28,16,30,0,0
2017,12,28,17,30,0,0
2017,12,28,18,30,0,0
2017,12,28,19,30,0,0
2017,12,28,20,30,0,0
2017,12,28,21,30,0,0
2017,12,28,22,30,0,0
2017,12,28,23,30,0,0
2017,12,29,0,30,0,0
2017,12,29,1,30,0,0
2017,12,29,2,30,0,0
2017,12,29,3,30,0,0
2017,12,29,4,30,0,0
2017,12,29,5,30,0,7
2017,12,29,6,30,0,14
2017,12,29,7,30,0,128
2017,12,29,8,30,4,177
2017,12,29,9,30,0,115
2017,12,29,10,30,7,191
2017,12,29,11,30,0,65
2017,12,29,12,30,281,260
2017,12,29,13,30,0,13
2017,12,29,14,30,10,16
2017,12,29,15,30,0,0
2017,12,29,16,30,0,0
2017,12,29,17,30,0,0
2017,12,29,18,30,0,0
2017,12,29,19,30,0,0
2017,12,29,20,30,0,0
2017,12,29,21,30,0,0
2017,12,29,22,30,0,0
2017,12,29,23,30,0,0
2017,12,30,0,30,0,0
2017,12,30,1,30,0,0
2017,12,30,2,30,0,0
2017,12,30,3,30,0,0
2017,12,30,4,30,0,0
2017,12,30,5,30,134,90
2017,12,30,6,30,0,22
2017,12,30,7,30,152,270
2017,12,30,8,30,685,535
2017,12,30,9,30,671,577
2017,12,30,10,30,699,565
2017,12,30,11,30,692,491
2017,12,30,12,30,633,360
2017,12,30,13,30,458,186
2017,12,30,14,30,62,24
2017,12,30,15,30,0,0
2017,12,30,16,30,0,0
2017,12,30,17,30,0,0
2017,12,30,18,30,0,0
2017,12,30,19,30,0,0
2017,12,30,20,30,0,0
2017,12,30,21,30,0,0
2017,12,30,22,30,0,0
2017,12,30,23,30,0,0
2017,12,31,0,30,0,0
2017,12,31,1,30,0,0
2017,12,31,2,30,0,0
2017,12,31,3,30,0,0
2017,12,31,4,30,0,0
2017,12,31,5,30,162,93
2017,12,31,6,30,0,23
2017,12,31,7,30,122,256
2017,12,31,8,30,36,241
2017,12,31,9,30,738,590
2017,12,31,10,30,732,572
2017,12,31,11,30,676,487
2017,12,31,12,30,106,206
2017,12,31,13,30,367,178
2017,12,31,14,30,20,21
2017,12,31,15,30,0,0
2017,12,31,16,30,0,0
2017,12,31,17,30,0,0
2017,12,31,18,30,0,0
2017,12,31,19,30,0,0
2017,12,31,20,30,0,0
2017,12,31,21,30,0,0
2017,12,31,22,30,0,0
2017,12,31,23,30,0,0
